name,planet_status,mass,mass_error_min,mass_error_max,mass_sini,mass_sini_error_min,mass_sini_error_max,radius,radius_error_min
109 Psc b,Confirmed,5.743,0.289,1.011,6.383,0.078,0.078,1.152,
112 Psc b,Confirmed,,0.005,0.004,0.033,0.005,0.004,,
112 Psc c,Confirmed,9.866,1.781,3.19,,,,,
11 UMi b,Confirmed,,1.1,1.1,11.0873,1.1,1.1,,
14 And Ab,Confirmed,,0.23,0.23,4.684,0.23,0.23,,
14 Her b,Confirmed,8.9,1.7,1.3,4.95,,,,
14 Her c,Confirmed,7.9,1.2,1.6,7.12,,,,
16 Cyg Bb,Confirmed,,0.08,0.08,1.64,0.08,0.08,,
18 Del Ab,Confirmed,,0.36,0.36,10.3,0.36,0.36,,
23 Lib b,Confirmed,,0.02,0.02,1.59,0.02,0.02,,
23 Lib c,Confirmed,,0.03,0.03,0.82,0.03,0.03,,
24 Boo b,Confirmed,,0.11,0.11,0.91,0.11,0.11,,
24 Sex b,Confirmed,,0.11,0.11,1.84,0.11,0.11,,
24 Sex c,Confirmed,,0.2,0.2,1.52,0.2,0.2,,
2M 1253+2734 b,Confirmed,,0.2,1.8,8.3,0.2,1.8,,
2M1510 (AB)b,Confirmed,0.031,,,,,,,
2MASS J0437+2651 b,Confirmed,4.0,,,,,,,
2MASS J0558-4501 b,Confirmed,9.0,3.0,3.0,,,,,
2MASS J1155-7919 b,Confirmed,10.0,,,,,,,
2MASS J1252+2735 b,Confirmed,,0.64,0.21,6.88,0.64,0.21,,
2MASS J1258+2630 b,Confirmed,,0.18,0.31,3.4,0.18,0.31,,
2MASS J2236+4751 b,Confirmed,12.5,1.5,1.5,,,,,
38 Vir b,Confirmed,,0.5,0.5,4.51,0.5,0.5,,
41 Com Ab,Confirmed,,1.0,1.0,6.3,1.0,1.0,,
44 Uma b,Confirmed,,0.85,0.2,12.11,0.85,0.2,,
47 UMa b,Confirmed,,0.06,0.07,2.53,0.06,0.07,,
47 UMa c,Confirmed,,0.073,0.066,0.54,0.073,0.066,,
47 UMa d,Confirmed,,0.48,0.29,1.64,0.48,0.29,,
51 Eri Ab,Confirmed,4.1,0.5,0.5,,,,1.11,0.13
51 Peg b,Confirmed,0.47,0.07,0.03,0.46,0.06,0.01,1.9,0.3
54 Psc b,Confirmed,0.23,0.013,0.297,0.228,0.011,0.011,,
55 Cnc Ab,Confirmed,0.84,0.031,0.23,0.84,0.031,0.131,,
55 Cnc Ac,Confirmed,,0.0078,0.0275,0.1784,0.0078,0.0275,,
55 Cnc Ad,Confirmed,,0.08,0.08,3.84,0.08,0.08,,
55 Cnc Ae,Confirmed,0.02703,0.00135,0.00135,,,,0.1737,0.00339
55 Cnc Af,Confirmed,,0.0093,0.0219,0.1479,0.0093,0.0219,,
61 Vir b,Confirmed,,0.0016,0.0016,0.016,0.0016,0.0016,,
61 Vir c,Confirmed,,0.0035,0.0035,0.0573,0.0035,0.0035,,
61 Vir d,Confirmed,,0.008,0.008,0.072,0.008,0.008,,
6 Lyn b,Confirmed,,0.077,0.077,2.01,0.077,0.077,,
70 Vir Ab,Confirmed,,,,6.6,,,,
75 Cet Ab,Confirmed,,0.09,0.07,2.48,0.09,0.07,,
75 Cet Ac,Confirmed,,0.09,0.09,0.91,0.09,0.09,,
79 Cet Ab,Confirmed,,0.03,0.03,0.215,0.03,0.03,,
81 Cet b,Confirmed,,,,5.3,,,,
82 Eri b,Confirmed,,0.00053,0.00053,0.00676,0.00053,0.00053,,
82 Eri c,Confirmed,,0.0025,0.0016,0.00793,0.0025,0.0016,,
82 Eri d,Confirmed,,0.00179,0.00179,0.01831,0.00179,0.00179,,
82 Eri e,Confirmed,,0.00271,0.00302,0.01501,0.00271,0.00302,,
8 Umi b,Confirmed,,0.06,0.06,1.65,0.06,0.06,,
94 Cet Ab,Confirmed,,0.12,0.12,1.37,0.12,0.12,,
AB Aur b,Confirmed,9.0,15.0,17.0,,,,,
AB Pic c,Confirmed,5.75,3.25,3.25,,,,,
AF Lep b,Confirmed,3.75,0.5,0.5,,,,1.3,0.15
alf Ari b,Confirmed,,0.2,0.2,1.8,0.2,0.2,,
AT2021uey b,Confirmed,1.34,0.5,0.45,,,,,
AU Mic b,Confirmed,0.028,0.0084,0.0082,,,,0.4273,0.027
AU Mic c,Confirmed,0.0456,0.0107,0.0107,,,,0.2248,0.0223
AU Mic d,Confirmed,0.003187,0.000459,0.000459,,,,,
Barnard's star b,Confirmed,,8.2e-05,8.2e-05,0.000941,8.2e-05,8.2e-05,,
Barnard's star c,Confirmed,,9e-05,9e-05,0.001054,9e-05,9e-05,,
Barnard's star d,Confirmed,,7.6e-05,7.6e-05,0.000827,7.6e-05,7.6e-05,,
Barnard's star e,Confirmed,,9e-05,9e-05,0.0006,9e-05,9e-05,,
b Cen (AB)b,Confirmed,10.9,1.6,1.6,,,,,
BD+03 2562 b,Confirmed,,1.3,1.3,6.4,1.3,1.3,,
BD-06 1339 c,Confirmed,,0.03,0.03,0.17,0.03,0.03,,
BD-06 1339 d,Confirmed,,0.0296,0.0365,0.0582,0.0296,0.0365,,
BD-06 1339 e,Confirmed,,0.0044,0.0047,0.0104,0.0044,0.0047,,
BD-08 2823 b,Confirmed,,0.007,0.007,0.045,0.007,0.007,,
BD-08 2823 c,Confirmed,,0.03,0.03,0.33,0.03,0.03,,
BD-10 3166 b,Confirmed,,,,0.46,,,1.03,
BD-11 4672 b,Confirmed,,0.05,0.05,0.65,0.05,0.05,,
BD-11 4672 c,Confirmed,,0.0066,0.009,0.04836,0.0066,0.009,,
BD+14 4559 b,Confirmed,,,,1.47,,,,
BD+15 2375 b,Confirmed,,0.27,0.27,1.06,0.27,0.27,,
BD+15 2940 b,Confirmed,,,,1.11,,,,
BD-17 63 b,Confirmed,5.325,0.036,0.036,5.1,0.12,0.12,,
BD+20 2457 c,Confirmed,,,,12.47,,,,
BD+20 274 b,Confirmed,,,,4.2,,,,
BD+20 594 b,Confirmed,0.07,0.03,0.03,0.0513,0.019,0.019,0.23,0.01
BD-21 397 c,Confirmed,4.8,0.6,0.6,,,,,
BD+45 564 b,Confirmed,,0.12,0.12,1.36,0.12,0.12,,
BD+48 738 b,Confirmed,,,,0.91,,,,
BD+48 740 b,Confirmed,,0.7,0.7,1.7,0.7,0.7,,
BD+49 828 b,Confirmed,,0.2,0.4,1.6,0.2,0.4,,
BD+55 362 b,Confirmed,,0.08,0.08,0.72,0.08,0.08,,
BD+63 1405 Ab,Confirmed,,0.31,0.31,3.96,0.31,0.31,,
BEBOP-3 (AB)b,Confirmed,,0.048,0.051,0.558,0.048,0.051,,
beta Cnc Ab,Confirmed,,0.8,0.8,7.8,0.8,0.8,,
beta Pic b,Confirmed,11.9,3.04,2.93,,,,1.65,0.06
beta Pic c,Confirmed,8.89,0.75,0.75,8.5,0.5,0.5,1.2,0.1
beta Umi b,Confirmed,,1.0,1.0,6.1,1.0,1.0,,
CD Cet b,Confirmed,0.01244,0.00136,,0.01243,0.00135,0.00135,,
CFHTWIR-Oph 98 b,Confirmed,7.8,0.8,0.8,,,,1.86,0.05
chi Sco b,Confirmed,,0.12,0.15,4.32,0.12,0.15,,
chi Vir b,Confirmed,,1.0,1.0,11.09,1.0,1.0,,
chi Vir c,Confirmed,,0.4,0.4,3.1,0.4,0.4,,
CHXR 73 Ab,Confirmed,12.0,5.0,8.0,,,,,
CI Tau c,Confirmed,,0.3,0.3,3.6,0.3,0.3,,
COCONUTS-2 b,Confirmed,6.4,2.0,2.0,,,,1.12,0.04
CoRoT-10 b,Confirmed,2.75,0.14,0.14,,,,0.97,0.05
CoRoT-11 b,Confirmed,2.33,0.27,0.27,,,,1.43,0.033
CoRoT-12 b,Confirmed,0.917,0.065,0.07,,,,1.44,0.13
CoRoT-13 b,Confirmed,1.308,0.066,0.066,,,,0.885,0.014
CoRoT-14 b,Confirmed,7.6,0.6,0.6,,,,1.09,0.07
CoRoT-16 b,Confirmed,0.535,0.085,0.085,,,,1.17,0.14
CoRoT-17 b,Confirmed,2.43,0.16,0.16,,,,1.02,0.07
CoRoT-18 b,Confirmed,3.47,0.38,0.38,,,,1.31,0.18
CoRoT-19 b,Confirmed,1.11,0.06,0.06,,,,1.29,0.05
CoRoT-1 b,Confirmed,1.03,0.12,0.12,,,,1.49,0.08
CoRoT-20 b,Confirmed,4.24,0.23,0.23,,,,0.84,0.04
CoRoT-21 b,Confirmed,2.26,0.31,0.31,,,,1.3,0.14
CoRoT-22 b,Confirmed,0.06,0.0214,0.0941,,,,0.4354,0.0348
CoRoT-23 b,Confirmed,2.8,0.25,0.25,,,,1.08,0.13
CoRoT-24 b,Confirmed,0.018,0.01799,0.0,,,,0.33,0.04
CoRoT-24 c,Confirmed,0.088,0.035,0.035,,,,0.44,0.04
CoRoT-25 b,Confirmed,0.27,0.04,0.04,,,,1.08,0.1
CoRoT-26 b,Confirmed,0.52,0.05,0.05,,,,1.26,0.07
CoRoT-27 b,Confirmed,10.39,0.55,0.55,,,,1.007,0.044
CoRoT-28 b,Confirmed,,0.087,0.087,0.484,0.087,0.087,0.955,0.066
CoRoT-29 b,Confirmed,0.85,0.2,0.2,0.85,0.2,0.2,0.9,0.16
CoRoT-2 Ab,Confirmed,3.31,0.16,0.16,,,,1.465,0.029
CoRoT-30 b,Confirmed,2.9,0.22,0.22,,,,1.009,0.076
CoRoT-31 b,Confirmed,0.84,0.34,0.34,,,,1.46,0.3
CoRoT-32 b,Confirmed,0.15,0.1,0.1,,,,0.57,0.06
CoRoT-35 b,Confirmed,1.1,0.37,0.37,,,,1.68,0.11
CoRoT-36 b,Confirmed,0.68,0.68,0.47,,,,1.41,0.14
CoRoT-4 b,Confirmed,0.72,0.08,0.08,,,,1.19,0.05
CoRoT-5 b,Confirmed,0.467,0.024,0.047,,,,1.33,0.047
CoRoT-6 b,Confirmed,2.96,0.34,0.34,,,,1.166,0.035
CoRoT-7 Ab,Confirmed,0.01907,0.00205,0.00205,,,,0.136,
CoRoT-7 Ac,Confirmed,,0.002168,0.002168,0.041812,0.002168,0.002168,,
CoRoT-7 Ad,Confirmed,,0.008029,0.008029,0.053935,0.008029,0.008029,,
CoRoT-8 b,Confirmed,0.2158,0.034,0.034,,,,0.5692,0.0196
CoRoT-9 Ab,Confirmed,0.84,0.07,0.07,,,,0.94,0.04
CRTS J071126.0+440405 (AB)b,Confirmed,,0.7,0.7,6.8,0.7,0.7,,
DE CVn b,Confirmed,,3.0,3.0,11.0,3.0,3.0,,
DH Tau b,Confirmed,11.0,0.003,0.01,,,,,
DMPP-4 b,Confirmed,,0.005,0.005,0.0365,0.005,0.005,,
DP Leo (AB) b,Confirmed,6.05,0.47,0.47,,,,,
DS Tuc Ab,Confirmed,0.0453,0.0453,0.0,,,,0.5085,0.0152
DW Lyn b,Confirmed,,1.44,1.44,5.58,1.44,1.44,,
Elias 2-27 b,Confirmed,11.0,1.0,2.0,,,,,
EPIC 205084841 b,Confirmed,0.3883,0.303,0.303,,,,1.561,0.152
eps CrB Ab,Confirmed,,0.3,0.3,6.7,0.3,0.3,,
eps Eridani b,Confirmed,0.98,0.1,0.1,0.77,0.2,0.2,,
eps Ind Ab,Confirmed,2.96,0.4,0.4,,,,,
eps Ret Ab,Confirmed,,0.11,0.11,1.35,0.11,0.11,,
eps Tau b,Confirmed,,0.4,0.5,7.34,0.4,0.5,,
eta2 Hyi b,Confirmed,,0.7,0.7,6.29,0.7,0.7,,
eta Cet b,Confirmed,,0.13,0.13,2.55,0.13,0.13,,
eta Cet c,Confirmed,,0.18,0.18,3.32,0.18,0.18,,
FN Lyr b,Confirmed,,,,11.3,,,,
G 192-15 b,Confirmed,,0.00057,0.00057,0.00324,0.00057,0.00057,,
G 192-15 c,Confirmed,,0.005,0.005,0.045,0.005,0.005,,
G 261-6 b,Confirmed,,0.00072,0.00072,0.00431,0.00072,0.00072,,
G 264-012 b,Confirmed,,0.0009,0.0009,0.0079,0.0009,0.0009,,
G 264-012 c,Confirmed,,0.00151,0.00151,0.0118,0.00151,0.00151,,
G 268-110 b,Confirmed,,0.00079,0.00079,0.00478,0.00079,0.00079,,
G 9-40 b,Confirmed,0.013,0.00198,0.00198,,,,0.17,0.0058
Gaia-1 b,Confirmed,1.68,0.11,0.11,,,,1.229,0.021
Gaia22dkv b,Confirmed,0.5,0.05,0.05,,,,,
Gaia-2 b,Confirmed,0.773,0.041,0.041,,,,1.327,0.014
Gaia-3 Ab,Confirmed,7.3,,,0.79,0.04,0.05,,
Gaia-4 b,Confirmed,11.8,0.66,0.73,,,,,
Gaia EDR3 2077240046296834304 b,Confirmed,,,,,,,0.81,0.54
GALEX 0718+3731 b,Confirmed,3.6,,,,,,,
gamma Lib b,Confirmed,,0.087,0.087,1.029,0.087,0.087,,
gamma Lib c,Confirmed,,0.12,0.22,4.63,0.12,0.22,,
gam Psc b,Confirmed,,0.31,0.02,1.34,0.31,0.02,,
GJ 1002 b,Confirmed,,0.00041,0.00041,0.0034,0.00041,0.00041,,
GJ 1002 c,Confirmed,,0.00053,0.00053,0.00428,0.00053,0.00053,,
GJ 1018 b,Confirmed,0.00843,0.0009,0.0009,,,,0.1356,0.0107
GJ 1061 b,Confirmed,,0.00053,0.00053,0.00453,0.00053,0.00053,,
GJ 1061 c,Confirmed,,0.0006,0.0006,0.00547,0.0006,0.0006,,
GJ 1061 d,Confirmed,,0.00079,0.00085,0.00494,0.00079,0.00085,,
GJ 1132 b,Confirmed,0.00522,0.00072,0.00072,,,,0.1035,0.0098
GJ 1132 c,Confirmed,,0.00138,0.00138,0.00831,0.00138,0.00138,,
GJ 1151 c,Confirmed,,0.00463,0.00412,0.03341,0.00463,0.00412,,
GJ 1214 b,Confirmed,0.02571,0.00135,0.00135,,,,0.24463,0.00473
GJ 1252 b,Confirmed,0.00415,0.00176,0.00176,,,,0.1053,0.00696
GJ 1265 b,Confirmed,,0.0016,0.0016,0.0233,0.0016,0.0016,,
GJ 1289 b,Confirmed,,0.00393,0.00387,0.01973,0.00393,0.00387,,
GJ 143 b,Confirmed,0.0714,0.006,0.0069,,,,0.2329,0.0143
GJ 143 c,Confirmed,0.01164,0.011638,0.0,,,,0.07958,0.00517
GJ 15 Ab,Confirmed,,0.00138,0.00145,0.00953,0.00138,0.00145,,
GJ 15 Ac,Confirmed,,0.016,0.088,0.113,0.016,0.088,,
GJ 160.2 b,Confirmed,,0.0098,0.0098,0.0245,0.0098,0.0098,,
GJ 163 b,Confirmed,,0.0072,0.0072,0.0311,0.0072,0.0072,,
GJ 163 c,Confirmed,,0.0072,0.0091,0.0239,0.0072,0.0091,,
GJ 163 d,Confirmed,,0.0239,0.0239,0.0636,0.0239,0.0239,,
GJ 176 b,Confirmed,,0.0066,0.0076,0.025,0.0066,0.0076,,
GJ 176 c,Confirmed,,0.0113,0.013,0.0233,0.0113,0.013,,
GJ 179 b,Confirmed,,0.1608,0.1778,0.7391,0.1608,0.1778,,
GJ 179 c,Confirmed,,0.0085,0.0085,0.0154,0.0085,0.0085,,
GJ 180 b,Confirmed,,0.0056,0.00431,0.02124,0.0056,0.00431,,
GJ 180 c,Confirmed,,0.012896206,0.01163804,0.020136551,0.012896206,0.01163804,,
GJ 180 d,Confirmed,,0.00733,0.00837,0.02357,0.00733,0.00837,,
GJ 2030 Ab,Confirmed,,0.002,0.002,0.014,0.002,0.002,,
GJ 2030 Ac,Confirmed,12.934,2.36,2.36,,,,,
GJ 2056 b,Confirmed,,0.0113,0.0113,0.051,0.0113,0.0113,,
GJ 2056 c,Confirmed,,0.053,0.053,0.4443,0.053,0.053,,
GJ 2126 b,Confirmed,,0.1,0.2,1.3,0.1,0.2,,
GJ 229 c,Confirmed,,0.0192,0.01054,0.03153,0.0192,0.01054,,
GJ 229 d,Confirmed,,0.01082,0.01067,0.02495,0.01082,0.01067,,
GJ 238 b,Confirmed,,,,,,,0.0505,0.00125
GJ 251 b,Confirmed,,0.0013,0.0013,0.013,0.0013,0.0013,,
GJ 27.1 b,Confirmed,,0.020759747,0.012896206,0.040902369,0.020759747,0.012896206,,
GJ 3021 Ab,Confirmed,,0.09,0.09,3.37,0.09,0.09,,
GJ 3082 b,Confirmed,,0.01337,0.011,0.02759,0.01337,0.011,,
GJ 3090 b,Confirmed,0.01051,0.00227,0.00227,,,,0.19,0.0098
GJ 3138 b,Confirmed,,0.0019,0.0019,0.0132,0.0019,0.0019,,
GJ 3138 c,Confirmed,,0.001,0.0011,0.0056,0.001,0.0011,,
GJ 3138 d,Confirmed,,0.0066,0.0072,0.033,0.0066,0.0072,,
GJ 317 b,Confirmed,,0.0576,0.0576,1.7528,0.0576,0.0576,,
GJ 317 c,Confirmed,,0.0601,0.0601,1.644,0.0601,0.0601,,
GJ 3222 Ab,Confirmed,,0.006,0.011,0.038,0.006,0.011,,
GJ 328 b,Confirmed,,13.0,13.0,2.3,13.0,13.0,,
GJ 328 c,Confirmed,,0.0107,0.0107,0.0673,0.0107,0.0107,,
GJ 3293 b,Confirmed,,0.0028,0.0028,0.07406,0.0028,0.0028,,
GJ 3293 c,Confirmed,,0.00396,0.00396,0.06636,0.00396,0.00396,,
GJ 3293 d,Confirmed,,0.0031,0.0031,0.024,0.0031,0.0031,,
GJ 3293 e,Confirmed,,0.002,0.002,0.0103,0.002,0.002,,
GJ 3323 b,Confirmed,,0.00079,0.00082,0.00636,0.00079,0.00082,,
GJ 3323 c,Confirmed,,0.0015,0.0016,0.00727,0.0015,0.0016,,
GJ 3341 b,Confirmed,,0.0053,0.0053,0.35717,0.0053,0.0053,,
GJ 338 Bb,Confirmed,,0.0038,0.0038,0.0327,0.0038,0.0038,,
GJ 341 b,Confirmed,0.00227,0.00044,0.00044,,,,0.0821,0.0045
GJ 3470 b,Confirmed,0.0437,0.0016,0.0016,,,,0.38826,0.0027
GJ 3473 Ab,Confirmed,0.00585,0.0009,0.0009,,,,0.11277,0.00045
GJ 3473 Ac,Confirmed,,0.0,0.031,0.0214,0.0,0.031,,
GJ 3512 b,Confirmed,,0.01,0.02,0.46,0.01,0.02,,
GJ 3512 c,Confirmed,,0.0,1.0,0.2,0.0,1.0,,
GJ 357 b,Confirmed,0.006566,0.00101,0.00101,,,,0.10411,0.0033
GJ 357 c,Confirmed,,0.00151,0.00151,0.01158,0.00151,0.00151,,
GJ 357 d,Confirmed,,0.0053,0.0053,0.0227,0.0053,0.0053,,
GJ 3634 b,Confirmed,0.026,0.007,0.0188,0.022,0.0035,0.0035,,
GJ 367  b,Confirmed,0.001718,0.00022,0.00041,,,,0.0526,0.0018
GJ 367 c,Confirmed,,0.0009,0.0009,0.01284,0.0009,0.0009,,
GJ 367 d,Confirmed,,0.0016,0.0016,0.01897,0.0016,0.0016,,
GJ 3779 b,Confirmed,,0.0016,0.0016,0.0252,0.0016,0.0016,,
GJ 3929 b,Confirmed,0.00381,0.0013,0.0013,,,,0.1026,0.0036
GJ 3929 c,Confirmed,,0.00239,0.00239,0.01658,0.00239,0.00239,,
GJ 393 b,Confirmed,,0.00076,0.00076,0.00538,0.00076,0.00076,,
GJ 3942 b,Confirmed,,0.0019,0.0019,0.0225,0.0019,0.0019,,
GJ 3988 b,Confirmed,,0.00132,0.00132,0.01161,0.00132,0.00132,,
GJ 3998 b,Confirmed,,0.0009,0.0009,0.0079,0.0009,0.0009,,
GJ 3998 c,Confirmed,,0.00236,0.00245,0.02146,0.00236,0.00245,,
GJ 3998 d,Confirmed,,0.003,0.00302,0.0191,0.003,0.00302,,
GJ 414 Ab,Confirmed,,0.00777,0.0098,0.02762,0.00777,0.0098,0.2632,0.009
GJ 414 Ac,Confirmed,,0.0311,0.0327,0.17705,0.0311,0.0327,0.7833,0.2373
GJ 4276 b,Confirmed,,0.0038,0.0022,0.0481,0.0038,0.0022,,
GJ 4276 c,Confirmed,,0.0019,0.0013,0.0135,0.0019,0.0013,,
GJ 433 b,Confirmed,,0.00387,0.00488,0.01869,0.00387,0.00488,,
GJ 433 c,Confirmed,,0.0327,0.0327,0.09055,0.0327,0.0327,,
GJ 433 d,Confirmed,,0.00563,0.00793,0.01554,0.00563,0.00793,,
GJ 436 b,Confirmed,0.05836,0.0013,0.0013,,,,0.32519,0.0018
GJ 463 b,Confirmed,3.6,0.4,0.4,1.55,0.15,0.15,,
GJ 480 b,Confirmed,,0.0022,0.0022,0.0277,0.0022,0.0022,,
GJ 480 c,Confirmed,,0.0019,0.0019,0.0085,0.0019,0.0019,,
GJ 486 b,Confirmed,0.00887,0.00038,0.00038,,,,0.11643,0.00598
GJ 504  b,Confirmed,4.0,1.0,4.5,,,,0.96,0.07
GJ 536 b,Confirmed,,0.002,0.0022,0.0169,0.002,0.0022,,
GJ 581 b,Confirmed,0.0645,0.01092,0.01944,0.04782,0.00085,0.00069,,
GJ 581 c,Confirmed,0.02143,0.00365,0.00066,0.017783,0.000752,0.001214,,
GJ 581 e,Confirmed,0.0078,0.00132,0.0022,0.005214,0.000507,0.00076,,
GJ 625 b,Confirmed,,0.0016,0.0015,0.0095,0.0016,0.0015,,
GJ 649 b,Confirmed,,0.032,0.032,0.328,0.032,0.032,,
GJ 649 c,Confirmed,,0.008,0.008,0.03,0.008,0.008,,
GJ 667 Cb,Confirmed,,0.0041,0.0044,0.0176,0.0041,0.0044,,
GJ 667 Cc,Confirmed,,0.0038,0.0047,0.012,0.0038,0.0047,,
GJ 667 Ce,Confirmed,,0.0044,0.005,0.0085,0.0044,0.005,,
GJ 667 Cf,Confirmed,,0.0038,0.0044,0.0085,0.0038,0.0044,,
GJ 667 Cg,Confirmed,,0.0072,0.0082,0.0145,0.0072,0.0082,,
GJ 674 b,Confirmed,,,,0.04,,,1.13,
GJ 676 Ab,Confirmed,5.792,0.477,0.469,4.733,0.01,0.011,,
GJ 676 Ad,Confirmed,,0.002,0.002,0.014,0.002,0.002,,
GJ 676 Ae,Confirmed,,0.005,0.005,0.036,0.005,0.005,,
GJ 682 b,Confirmed,,0.007548999,0.01163804,0.013843879,0.007548999,0.01163804,,
GJ 682 c,Confirmed,,0.014468914,0.018243414,0.027365121,0.014468914,0.018243414,,
GJ 685 b,Confirmed,,0.00057,0.00057,0.0283,0.00057,0.00057,,
GJ 687 b,Confirmed,,0.003,0.003,0.0541,0.003,0.003,,
GJ 687 c,Confirmed,,0.0129,0.0129,0.05,0.0129,0.0129,,
GJ 720 Ab,Confirmed,,0.00249,0.00249,0.04292,0.00249,0.00249,,
GJ 724 b,Confirmed,,0.00274,0.00302,0.03382,0.00274,0.00302,,
GJ 740 b,Confirmed,,0.0016,0.0016,0.00931,0.0016,0.0016,,
GJ 752 Ab,Confirmed,,0.0044,0.003,0.0384,0.0044,0.003,,
GJ 777 Ab,Confirmed,1.68,0.16,0.26,1.495,0.15,0.15,,
GJ 777 Ac,Confirmed,0.08,0.011,0.049,0.06381,0.00994,0.00994,,
GJ 777 Ad,Confirmed,0.032,0.004,0.004,,,,,
GJ 785 b,Confirmed,,0.003,0.003,0.0532,0.003,0.003,,
GJ 785 c,Confirmed,,0.02,0.02,0.076,0.02,0.02,,
GJ 832 b,Confirmed,,0.06,0.06,0.74,0.06,0.06,,
GJ 849 b,Confirmed,,0.05,0.05,0.9,0.05,0.05,,
GJ 849 c,Confirmed,,,,0.77,,,,
GJ 86 Ab,Confirmed,,0.1,0.1,4.27,0.1,0.1,,
GJ 876 b,Confirmed,3.6,,,,,,,
GJ 876 c,Confirmed,,0.013,0.013,0.698,0.013,0.013,,
GJ 876 d,Confirmed,0.021741,0.00085,0.00069,,,,,
GJ 876 e,Confirmed,0.04855,0.004,0.00406,,,,,
GJ 887 b,Confirmed,,0.0019,0.0019,0.0132,0.0019,0.0019,,
GJ 887 c,Confirmed,,0.0038,0.0038,0.0239,0.0038,0.0038,,
GJ 896 Ab,Confirmed,2.26,0.57,0.57,,,,,
GJ 900 (ABC)b,Confirmed,11.0,,,,,,,
GJ 9066 c,Confirmed,,0.02,0.02,0.23,0.02,0.02,,
GJ 9404 b,Confirmed,,0.006,0.006,0.0374,0.006,0.006,,
GJ 9689 b,Confirmed,,0.0044,0.0044,0.03036,0.0044,0.0044,,
GJ 9714 Ab,Confirmed,9.403,1.695,3.055,,,,,
GJ 9827 b,Confirmed,0.01532,0.00116,0.00116,,,,0.13641,0.00517
GJ 9827 c,Confirmed,0.00604,0.00154,0.00154,,,,0.107,0.0041
GJ 9827 d,Confirmed,0.01076,0.00195,0.00195,,,,0.17441,0.00669
Gl 378 b,Confirmed,,0.006,0.006,0.04097,0.006,0.006,,
Gl 410 b,Confirmed,,0.0038,0.0038,0.0249,0.0038,0.0038,,
Gl 514 b,Confirmed,,0.0028,0.0028,0.0164,0.0028,0.0028,,
Gl 686 b,Confirmed,,0.0028,0.0028,0.02029,0.0028,0.0028,,
Gl 725 Ab,Confirmed,,0.35,0.35,2.78,0.35,0.35,,
Gliese 12 b,Confirmed,0.00494,0.00236,0.0025,,,,0.0919,0.0098
Gliese 49 Ab,Confirmed,,0.00214,0.00214,0.01771,0.00214,0.00214,,
GU Psc b,Confirmed,11.0,1.0,1.0,,,,1.35,0.03
HAT-P-10 Ab,Confirmed,0.46,0.028,0.028,,,,1.045,0.033
HAT-P-11 b,Confirmed,0.0736,0.0047,0.0047,,,,0.389,0.0054
HAT-P-11 c,Confirmed,3.06,0.4,0.4,1.595,0.085,0.094,,
HAT-P-12 b,Confirmed,0.210489885,0.013183148,0.013183148,,,,0.949,0.061
HAT-P-13 b,Confirmed,0.9,0.03,0.03,,,,1.44,0.04
HAT-P-14 Ab,Confirmed,2.444,0.06,0.06,,,,1.01,0.038
HAT-P-15 b,Confirmed,1.946,0.066,0.066,,,,1.072,0.043
HAT-P-16 Ab,Confirmed,4.193,0.094,0.094,,,,1.289,0.066
HAT-P-17 b,Confirmed,0.571,0.018,0.018,,,,0.98,0.03
HAT-P-17 c,Confirmed,,,,1.4,,,,
HAT-P-18 Ab,Confirmed,0.183,0.032,0.034,,,,0.947,0.044
HAT-P-19 b,Confirmed,0.292,0.018,0.018,,,,1.132,0.072
HAT-P-1 Bb,Confirmed,0.525,0.019,0.019,,,,1.319,0.019
HAT-P-20 Ab,Confirmed,7.246,0.187,0.187,,,,0.867,0.033
HAT-P-21 b,Confirmed,4.063,0.161,0.161,,,,1.024,0.092
HAT-P-22 Ab,Confirmed,2.147,0.061,0.061,,,,1.08,0.058
HAT-P-23 b,Confirmed,2.09,0.11,0.11,,,,1.368,0.09
HAT-P-24 Ab,Confirmed,0.685,0.033,0.033,,,,1.242,0.067
HAT-P-25 b,Confirmed,0.567,,,,,,1.19,
HAT-P-26 b,Confirmed,0.0585,0.00717,0.00717,,,,0.57,0.01
HAT-P-26 d,Confirmed,,,,,,,0.1758,0.018
HAT-P-27 Ab,Confirmed,0.66,0.033,0.033,,,,1.055,0.036
HAT-P-27 Ac,Confirmed,,,,,,,0.3863,0.0393
HAT-P-28 b,Confirmed,0.626,0.037,0.037,,,,1.212,0.082
HAT-P-29 b,Confirmed,0.778,0.04,0.076,,,,1.107,0.082
HAT-P-2 b,Confirmed,8.74,0.26,0.26,,,,0.951,0.053
HAT-P-2 c,Confirmed,,2.2,5.2,10.7,2.2,5.2,,
HAT-P-30 Ab,Confirmed,0.723,0.017,0.017,,,,1.41,0.036
HAT-P-31 b,Confirmed,2.171,0.077,0.105,,,,1.07,0.16
HAT-P-32 Ab,Confirmed,0.75,0.13,0.13,,,,1.789,0.025
HAT-P-33 Ab,Confirmed,0.763,0.117,0.117,,,,1.827,0.29
HAT-P-34 b,Confirmed,3.64,0.211,0.211,,,,1.142,0.09
HAT-P-35 Ab,Confirmed,1.054,0.033,0.033,,,,1.332,0.098
HAT-P-36 b,Confirmed,1.832,0.099,0.099,,,,1.264,0.071
HAT-P-37 b,Confirmed,1.169,0.103,0.103,,,,1.178,0.077
HAT-P-38 b,Confirmed,0.267,0.02,0.02,,,,0.825,0.063
HAT-P-39 Ab,Confirmed,0.599,0.099,0.099,,,,1.571,0.081
HAT-P-3 Ab,Confirmed,0.591,0.018,0.018,,,,0.827,0.055
HAT-P-40 b,Confirmed,0.615,0.038,0.038,,,,1.73,0.062
HAT-P-41 Ab,Confirmed,0.8,0.102,0.102,,,,1.685,0.051
HAT-P-42 b,Confirmed,0.975,0.126,0.126,,,,1.277,0.149
HAT-P-43 b,Confirmed,0.66,0.083,0.083,,,,1.283,0.034
HAT-P-44 Bb,Confirmed,0.392,0.031,0.031,,,,1.28,0.074
HAT-P-44 Bc,Confirmed,1.6,0.2,0.2,,,,,
HAT-P-45 b,Confirmed,0.892,0.099,0.137,,,,1.426,0.087
HAT-P-46 b,Confirmed,0.493,0.052,0.082,,,,1.284,0.133
HAT-P-46 c,Confirmed,2.0,0.3,0.3,,,,,
HAT-P-47 b,Confirmed,0.206,0.039,0.039,,,,1.313,0.045
HAT-P-48 b,Confirmed,0.168,0.024,0.024,,,,1.131,0.054
HAT-P-49 b,Confirmed,1.73,0.205,0.205,,,,1.448,0.061
HAT-P-4 b,Confirmed,0.68,0.04,0.04,,,,1.27,0.05
HAT-P-50 b,Confirmed,1.36,0.075,0.075,1.35,0.073,0.073,1.288,0.064
HAT-P-51 Ab,Confirmed,0.309,0.018,0.018,0.309,0.018,0.018,1.293,0.054
HAT-P-52 b,Confirmed,0.819,0.03,0.03,0.818,0.029,0.029,1.009,0.072
HAT-P-53 b,Confirmed,1.487,0.058,0.059,1.484,0.056,0.056,1.318,0.091
HAT-P-54 b,Confirmed,0.76,0.032,0.032,,,,0.944,0.028
HAT-P-55 b,Confirmed,0.582,0.056,0.056,0.582,0.056,0.056,1.182,0.055
HAT-P-56 b,Confirmed,2.31,0.44,0.44,2.18,0.25,0.25,1.51,0.11
HAT-P-57 Ab,Confirmed,1.85,1.85,0.0,1.85,1.85,0.0,1.413,0.054
HAT-P-58 b,Confirmed,0.372,0.03,0.03,,,,1.332,0.043
HAT-P-59 b,Confirmed,1.54,0.067,0.067,,,,1.123,0.013
HAT-P-5 b,Confirmed,1.06,0.11,0.11,,,,1.252,0.05
HAT-P-60 b,Confirmed,0.574,0.038,0.038,,,,1.631,0.024
HAT-P-61 b,Confirmed,1.057,0.07,0.07,,,,0.899,0.027
HAT-P-62 b,Confirmed,0.761,0.088,0.088,,,,1.073,0.029
HAT-P-63 b,Confirmed,0.614,0.024,0.024,,,,1.119,0.033
HAT-P-64 b,Confirmed,0.58,0.13,0.18,,,,1.703,0.07
HAT-P-65 b,Confirmed,0.527,0.083,0.083,,,,1.89,0.13
HAT-P-66 b,Confirmed,0.783,0.057,0.057,,,,1.59,0.1
HAT-P-67 Ab,Confirmed,0.45,0.15,0.15,,,,2.14,0.025
HAT-P-68 b,Confirmed,0.724,0.043,0.043,,,,1.072,0.012
HAT-P-69 b,Confirmed,3.58,0.58,0.58,,,,1.676,0.033
HAT-P-6 b,Confirmed,1.11,0.04,0.04,,,,1.275,0.05
HAT-P-70 b,Confirmed,6.78,6.77,0.0,,,,1.87,0.1
HAT-P-7 Ab,Confirmed,1.79,0.034,0.034,,,,1.51,0.01
HAT-P-8 Ab,Confirmed,1.35,0.03,0.03,,,,1.42,0.05
HAT-P-9 b,Confirmed,0.67,0.08,0.08,,,,1.4,0.06
HATS-10 b,Confirmed,0.526,0.081,0.081,0.526,0.081,0.081,0.969,0.045
HATS-11 b,Confirmed,0.85,0.12,0.12,0.85,0.12,0.12,1.609,0.064
HATS-12 b,Confirmed,2.38,0.087,0.087,,,,0.692,0.042
HATS-13 b,Confirmed,0.543,0.072,0.072,0.543,0.072,0.072,1.212,0.035
HATS-14 b,Confirmed,1.071,0.07,0.07,1.071,0.07,0.07,1.039,0.0022
HATS-15 b,Confirmed,2.17,0.15,0.15,,,,1.105,0.04
HATS-16 b,Confirmed,3.27,0.19,0.19,,,,1.3,0.15
HATS-17 b,Confirmed,1.338,0.065,0.065,1.338,0.065,0.065,0.777,0.056
HATS-18 b,Confirmed,1.98,0.077,0.077,,,,1.337,0.049
HATS-19 b,Confirmed,0.427,0.071,0.071,,,,1.66,0.21
HATS-1 Ab,Confirmed,1.855,4e-06,4e-06,,,,1.302,0.058
HATS-20 b,Confirmed,0.273,0.035,0.035,,,,0.776,0.055
HATS-21 b,Confirmed,0.332,0.03,0.04,,,,1.123,0.054
HATS-22 b,Confirmed,2.74,0.11,0.11,,,,0.953,0.029
HATS-23 b,Confirmed,1.47,0.072,0.072,,,,1.86,0.4
HATS-24 b,Confirmed,2.44,0.18,0.18,,,,1.487,0.054
HATS-25 b,Confirmed,0.613,0.042,0.042,,,,1.26,0.1
HATS-26 b,Confirmed,0.65,0.076,0.076,,,,1.75,0.21
HATS-27 b,Confirmed,0.53,0.13,0.13,,,,1.5,0.11
HATS-28 b,Confirmed,0.672,0.087,0.087,,,,1.194,0.07
HATS-29 b,Confirmed,0.653,0.063,0.063,,,,1.251,0.061
HATS-2 b,Confirmed,1.345,0.15,0.15,,,,1.168,0.03
HATS-30 Ab,Confirmed,0.706,0.039,0.039,,,,1.175,0.052
HATS-31 b,Confirmed,0.88,0.12,0.12,,,,1.64,0.22
HATS-32 b,Confirmed,0.92,0.1,0.1,,,,1.249,0.096
HATS-33 b,Confirmed,1.192,0.053,0.053,,,,1.23,0.08
HATS-34 b,Confirmed,0.941,0.072,0.072,,,,1.43,0.19
HATS-35 b,Confirmed,1.222,0.078,0.078,,,,1.464,0.044
HATS-36 b,Confirmed,2.79,0.4,0.4,,,,1.153,0.034
HATS-37 Ab,Confirmed,0.099,0.042,0.042,,,,0.606,0.016
HATS-38 b,Confirmed,0.074,0.011,0.011,,,,0.614,0.017
HATS-39 b,Confirmed,0.63,0.13,0.13,,,,1.57,0.12
HATS-3 b,Confirmed,1.071,0.136,0.136,,,,1.381,0.035
HATS-40 b,Confirmed,1.59,0.24,0.24,,,,1.58,0.12
HATS-41 b,Confirmed,9.7,1.6,1.6,,,,1.33,0.2
HATS-42 b,Confirmed,1.88,0.15,0.15,,,,1.4,0.14
HATS-43 b,Confirmed,0.261,0.054,0.054,,,,1.18,0.05
HATS-44 b,Confirmed,0.56,0.11,0.11,,,,1.067,0.071
HATS-45 b,Confirmed,0.7,0.15,0.15,,,,1.286,0.093
HATS-46 b,Confirmed,0.173,0.062,0.062,,,,0.903,0.045
HATS-47 b,Confirmed,0.369,0.021,0.031,,,,1.117,0.014
HATS-48 Ab,Confirmed,0.243,0.03,0.022,,,,0.8,0.015
HATS-49 b,Confirmed,0.353,0.027,0.038,,,,0.765,0.013
HATS-4 b,Confirmed,1.323,0.028,0.028,,,,1.02,0.037
HATS-50 b,Confirmed,0.39,0.1,0.1,,,,1.13,0.075
HATS-51 b,Confirmed,0.768,0.045,0.045,,,,1.41,0.19
HATS-52 b,Confirmed,2.24,0.15,0.15,,,,1.382,0.086
HATS-53 b,Confirmed,0.595,0.089,0.089,,,,1.34,0.056
HATS-54 b,Confirmed,0.753,0.057,0.057,,,,1.015,0.024
HATS-55 b,Confirmed,0.921,0.76,0.76,,,,1.251,0.026
HATS-56 b,Confirmed,0.602,0.035,0.035,,,,1.688,0.055
HATS-57 Ab,Confirmed,3.147,0.073,0.073,,,,1.13,0.028
HATS-58 Ab,Confirmed,1.03,0.23,0.23,,,,1.095,0.062
HATS-59 b,Confirmed,0.806,0.069,0.069,,,,1.126,0.077
HATS-59 c,Confirmed,,0.9,0.9,12.7,0.9,0.9,,
HATS-5 b,Confirmed,0.237,0.012,0.012,,,,0.912,0.025
HATS-60 b,Confirmed,0.662,0.055,0.055,,,,1.153,0.053
HATS-61 b,Confirmed,3.4,0.14,0.14,,,,1.195,0.067
HATS-62 b,Confirmed,0.179,0.179,0.0,,,,1.055,0.025
HATS-63 b,Confirmed,0.96,0.12,0.12,,,,1.207,0.039
HATS-64 b,Confirmed,0.96,0.2,0.2,,,,1.679,0.081
HATS-65 Ab,Confirmed,0.821,0.083,0.083,,,,1.501,0.05
HATS-66 b,Confirmed,5.33,0.68,0.68,,,,1.411,0.084
HATS-67 b,Confirmed,1.45,0.12,0.12,,,,1.685,0.047
HATS-68 b,Confirmed,1.29,0.0592,0.0592,,,,1.2321,0.0294
HATS-69 b,Confirmed,0.577,0.577,0.0,,,,0.945,0.022
HATS-6 Bb,Confirmed,0.319,0.07,0.07,,,,0.998,0.019
HATS-70 b,Confirmed,12.9,1.6,1.8,,,,1.384,0.074
HATS-71 b,Confirmed,0.45,0.24,0.24,,,,1.08,0.016
HATS-72 b,Confirmed,0.1254,0.0039,0.0039,,,,0.7224,0.0032
HATS-74 Ab,Confirmed,1.46,0.14,0.14,,,,1.032,0.021
HATS-75 b,Confirmed,0.491,0.039,0.039,,,,0.884,0.013
HATS-76 b,Confirmed,2.629,0.089,0.089,,,,1.079,0.031
HATS-77 b,Confirmed,1.374,0.074,0.1,,,,1.165,0.021
HATS-7 b,Confirmed,0.12,0.012,0.012,,,,0.563,0.034
HATS-8 b,Confirmed,0.138,0.019,0.019,0.138,0.019,0.019,0.873,0.075
HATS-9 b,Confirmed,0.839,0.03,0.032,0.837,0.029,0.029,1.236,0.031
HD 100546 b,Confirmed,1.65,,,,,,6.9,2.9
HD 100655 Ab,Confirmed,,0.2,0.1,1.7,0.2,0.1,,
HD 100777 b,Confirmed,,0.03,0.03,1.16,0.03,0.03,,
HD 101581 b,Confirmed,,,,,,,0.08529,0.00562
HD 101581 c,Confirmed,,,,,,,0.0883,0.0062
HD 10180 c,Confirmed,,,,0.041217,,,,
HD 10180 d,Confirmed,,,,0.03696945,,,,
HD 10180 e,Confirmed,,,,0.07897304,,,,
HD 10180 f,Confirmed,,,,0.07519743,,,,
HD 10180 g,Confirmed,,,,0.06733159,,,,
HD 10180 h,Confirmed,,,,0.202624,,,,
HD 101930 Ab,Confirmed,,,,0.3,,,,
HD 102117 b,Confirmed,,0.018,0.018,0.172,0.018,0.018,,
HD 102195 b,Confirmed,0.46,0.03,0.03,0.49,,,,
HD 102272 b,Confirmed,,0.2,0.2,5.9,0.2,0.2,,
HD 102272 c,Confirmed,,0.4,0.4,2.6,0.4,0.4,,
HD 102329 b,Confirmed,,0.3,0.3,5.9,0.3,0.3,,
HD 102329 c,Confirmed,,0.25,0.3,1.52,0.25,0.3,,
HD 102365 Ab,Confirmed,,0.008,0.008,0.05,0.008,0.008,,
HD 102843 b,Confirmed,,0.0456,0.0456,0.3584,0.0456,0.0456,,
HD 102888 b,Confirmed,,0.15,0.15,5.69,0.15,0.15,,
HD 102956 Ab,Confirmed,,0.023,0.023,0.96,0.023,0.023,,
HD 103197 b,Confirmed,,0.006,0.006,0.098,0.006,0.006,,
HD 103720 b,Confirmed,,0.025,0.025,0.62,0.025,0.025,,
HD 103774 Ab,Confirmed,,0.022,0.022,0.367,0.022,0.022,,
HD 103891 b,Confirmed,,0.06,0.06,1.44,0.06,0.06,,
HD 103949 b,Confirmed,,0.0072,0.0072,0.0352,0.0072,0.0072,,
HD 104067 b,Confirmed,,0.0104,0.0104,0.1954,0.0104,0.0104,,
HD 104067 c,Confirmed,,0.006,0.006,0.0415,0.006,0.006,,
HD 104067 d,Confirmed,,,,,,,0.116,0.0107
HD 10442 b,Confirmed,,0.15,0.15,2.1,0.15,0.15,,
HD 104985 b,Confirmed,,,,8.3,,,,
HD 105618 b,Confirmed,,0.008,0.007,0.08,0.008,0.007,,
HD 105779 b,Confirmed,,0.06,0.06,0.64,0.06,0.06,,
HD 106252 b,Confirmed,10.0,0.73,0.78,7.56,,,,
HD 106270 b,Confirmed,,0.8,0.8,11.0,0.8,0.8,,
HD 106315 b,Confirmed,0.033,0.0098,0.0098,,,,0.214,0.018
HD 106315 c,Confirmed,0.038,0.012,0.012,,,,0.3908,0.008
HD 10647 Ab,Confirmed,,0.18,0.18,0.93,0.18,0.18,,
HD 106515 Ab,Confirmed,,0.14,0.14,9.61,0.14,0.14,,
HD 106574 b,Confirmed,,1.1,1.1,8.5,1.1,1.1,,
HD 106906 (AB) b,Confirmed,11.0,2.0,2.0,,,,,
HD 107148 Ab,Confirmed,,0.036,0.036,0.21,0.036,0.036,,
HD 107148 Ac,Confirmed,,0.0098,0.0098,0.0626,0.0098,0.0098,,
HD 108147 b,Confirmed,,0.04,0.04,0.261,0.04,0.04,,
HD 108202 b,Confirmed,3.0,0.5,0.7,,,,,
HD 108236 b,Confirmed,,,,,,,0.14149,0.00874
HD 108236 c,Confirmed,,,,,,,0.1845,0.008
HD 108236 d,Confirmed,,,,,,,0.2427,0.0098
HD 108236 e,Confirmed,,,,,,,0.2783,0.0116
HD 108236 f,Confirmed,,,,,,,0.17995,0.00509
HD 108341 Ab,Confirmed,,3.4,1.2,3.5,3.4,1.2,,
HD 108863 Ab,Confirmed,,0.2,0.2,2.6,0.2,0.2,,
HD 108874 b,Confirmed,,0.13,0.13,1.36,0.13,0.13,,
HD 108874 c,Confirmed,,0.3,0.3,1.018,0.3,0.3,,
HD 109246 b,Confirmed,,0.09,0.09,0.77,0.09,0.09,,
HD 109271 Ab,Confirmed,,0.004,0.004,0.054,0.004,0.004,,
HD 109271 Ac,Confirmed,,0.007,0.007,0.076,0.007,0.007,,
HD 109286 b,Confirmed,,0.15,0.15,2.99,0.15,0.15,,
HD 109749 Ab,Confirmed,,0.016,0.016,0.28,0.016,0.016,0.99,
HD 10975 b,Confirmed,,0.15,0.06,0.45,0.15,0.06,,
HD 110067 b,Confirmed,0.0179,0.00573,0.0056,,,,0.19627,0.0027
HD 110067 c,Confirmed,0.0198,0.0198,0.0,,,,0.2132,0.0036
HD 110067 d,Confirmed,0.02681,0.0104,0.0104,,,,0.2543,0.0036
HD 110067 e,Confirmed,0.0123,0.0123,0.0,,,,0.1731,0.0036
HD 110067 f,Confirmed,0.01586,0.0061,0.006,,,,0.232,0.0036
HD 110067 g,Confirmed,0.0264,0.0264,0.0,,,,0.23258,0.0045
HD 110113 b,Confirmed,0.01432,0.00195,0.00195,,,,0.1829,0.0107
HD 110113 c,Confirmed,,0.0038,0.0038,0.033,0.0038,0.0038,,
HD 11112 b,Confirmed,8.176,3.2,0.627,,,,,
HD 111232 b,Confirmed,7.965,0.479,1.128,6.8,,,,
HD 111591 b,Confirmed,,0.4,0.4,4.4,0.4,0.4,,
HD 11231 b,Confirmed,,0.047,0.041,0.434,0.047,0.041,,
HD 112570 b,Confirmed,3.42,0.84,1.4,,,,,
HD 112640 b,Confirmed,,1.0,1.0,5.0,1.0,1.0,,
HD 113337 Ab,Confirmed,,0.2,0.2,3.1,0.2,0.2,,
HD 113337 Ac,Confirmed,,0.5,0.5,7.2,0.5,0.5,,
HD 113538 b,Confirmed,,0.04,0.04,0.36,0.04,0.04,,
HD 113538 c,Confirmed,,0.06,0.06,0.93,0.06,0.06,,
HD 114082 b,Confirmed,8.0,1.0,1.0,,,,1.0,0.03
HD 114386 b,Confirmed,,,,1.24,,,,
HD 114386 c,Confirmed,,,,1.19,,,,
HD 114613 b,Confirmed,,0.032,0.032,0.357,0.032,0.032,1.182,
HD 114729 Ab,Confirmed,,,,0.84,,,,
HD 114783 b,Confirmed,6.3,2.97,26.9,1.1,0.06,0.06,,
HD 114783 c,Confirmed,1.9,0.4,0.5,0.61,0.0053,0.0056,,
HD 11505 Ab,Confirmed,7.899,1.703,3.245,,,,,
HD 11506 b,Confirmed,4.88,0.333,1.986,4.83,0.52,0.52,,
HD 11506 c,Confirmed,,0.057,0.057,0.408,0.057,0.057,,
HD 11506 d,Confirmed,12.8,0.3,0.6,,,,,
HD 115404 Ab,Confirmed,,0.022,0.02,0.097,0.022,0.02,,
HD 115404 Ac,Confirmed,10.319,1.209,1.473,,,,,
HD 115587 b,Confirmed,0.7,,,,,,0.49,
HD 115954 Ab,Confirmed,8.5,0.4,0.6,8.29,0.58,0.75,,
HD 116029 Ab,Confirmed,,0.2,0.2,2.1,0.2,0.2,,
HD 116029 Ac,Confirmed,,0.1,0.1,1.27,0.1,0.1,,
HD 117207 b,Confirmed,,,,2.06,,,,
HD 11755 b,Confirmed,,1.0,1.0,6.5,1.0,1.0,,
HD 117618 b,Confirmed,,0.014,0.014,0.174,0.014,0.014,,
HD 118203 b,Confirmed,2.17,0.08,0.08,,,,1.14,0.03
HD 118203 c,Confirmed,11.9,0.6,0.7,,,,,
HD 118904 Ab,Confirmed,,1.2,1.2,3.1,1.2,1.2,,
HD 11964 Ab,Confirmed,,0.056,0.056,0.622,0.056,0.056,,
HD 11964 Ac,Confirmed,,0.01,0.01,0.079,0.01,0.01,,
HD 120084 b,Confirmed,,,,4.5,,,,
HD 121504 Ab,Confirmed,,,,1.22,,,,
HD 122562 c,Confirmed,,0.065,0.045,0.23,0.065,0.045,,
HD 124330 Ab,Confirmed,,0.06,0.06,0.75,0.06,0.06,,
HD 12484 b,Confirmed,,0.14,0.14,2.98,0.14,0.14,,
HD 125271 b,Confirmed,10.904,1.253,1.876,,,,,
HD 125390 b,Confirmed,,0.96,0.96,22.16,0.96,0.96,1.08,
HD 125595 b,Confirmed,,0.004,0.004,0.042,0.004,0.004,,
HD 125612 Ab,Confirmed,,,,3.0,,,,
HD 125612 Ac,Confirmed,,,,0.058,,,,
HD 125612 Ad,Confirmed,,,,7.2,,,,
HD 12648 b,Confirmed,,0.4,0.4,2.9,0.4,0.4,,
HD 126525 b,Confirmed,,0.0182,0.0182,0.224,0.0182,0.0182,,
HD 126614 Ab,Confirmed,,0.04,0.04,0.38,0.04,0.04,,
HD 12661 b,Confirmed,,,,2.3,,,,
HD 12661 c,Confirmed,,,,1.57,,,,
HD 127506 b,Confirmed,,0.025,0.016,0.086,0.025,0.016,,
HD 128311 b,Confirmed,,0.022,0.022,2.18,0.022,0.022,,
HD 128311 c,Confirmed,3.79,0.43,0.92,3.21,0.3,0.3,,
HD 128356 b,Confirmed,,0.07,0.07,0.89,0.07,0.07,,
HD 128717 b,Confirmed,12.8,,,,,,,
HD 129445 b,Confirmed,,0.6,0.6,1.6,0.6,0.6,,
HD 130322 b,Confirmed,1.1,0.1,1.0,1.02,,,,
HD 131496 b,Confirmed,,0.2,0.2,2.2,0.2,0.2,,
HD 13167 Ab,Confirmed,,0.16,0.16,3.31,0.16,0.16,1.167,
HD 132406 b,Confirmed,6.7,2.1,2.1,5.61,,,,
HD 132563 Bb,Confirmed,,0.09,0.09,1.49,0.09,0.09,,
HD 133131 Ab,Confirmed,,0.04,0.04,1.43,0.04,0.04,,
HD 133131 Ac,Confirmed,,0.14,0.14,0.48,0.14,0.14,,
HD 133131 Bb,Confirmed,,0.05,0.05,2.5,0.05,0.05,,
HD 134060 b,Confirmed,,0.0021,0.0021,0.0351,0.0021,0.0021,,
HD 134060 c,Confirmed,,0.071,0.071,0.1507,0.071,0.071,,
HD 134606 Ab,Confirmed,,0.003,0.003,0.0292,0.003,0.003,,
HD 134606 Ac,Confirmed,,0.0048,0.0048,0.0382,0.0048,0.0048,,
HD 134606 Ad,Confirmed,,0.0091,0.0091,0.141,0.0091,0.0091,,
HD 134606 Ae,Confirmed,,0.0011,0.0011,0.00736,0.0011,0.0011,,
HD 134606 Af,Confirmed,,0.0023,0.00233,0.01737,0.0023,0.00233,,
HD 135625 b,Confirmed,2.3,0.3,0.8,,,,,
HD 135872 Ab,Confirmed,5.489,0.098,1.443,,,,,
HD 136418 b,Confirmed,,0.1,0.1,2.0,0.1,0.1,,
HD 136925 b,Confirmed,,0.078,0.078,0.84,0.078,0.078,,
HD 13724 c,Confirmed,,0.021,0.025,0.16,0.021,0.025,,
HD 137388 b,Confirmed,,0.029,0.029,0.223,0.029,0.029,,
HD 137496 b,Confirmed,0.01271,0.00173,0.00173,,,,0.1169,0.0054
HD 137496 c,Confirmed,,0.11,0.11,7.66,0.11,0.11,,
HD 13808 b,Confirmed,,0.0025,0.0025,0.03599,0.0025,0.0025,,
HD 13808 c,Confirmed,,0.0038,0.0038,0.0315,0.0038,0.0038,,
HD 13908 b,Confirmed,,0.035,0.035,0.865,0.035,0.035,,
HD 13908 c,Confirmed,,0.25,0.25,5.13,0.25,0.25,,
HD 13931 b,Confirmed,,0.15,0.15,1.88,0.15,0.15,,
HD 139357 b,Confirmed,,2.15,2.15,9.76,2.15,2.15,,
HD 1397 b,Confirmed,0.415,0.02,0.02,,,,1.026,0.027
HD 14082 Bb,Confirmed,5.4,3.0,3.0,,,,,
HD 140901 Ab,Confirmed,,0.009,0.003,0.05,0.009,0.003,,
HD 140901 Ac,Confirmed,,5.0,1.34,6.284,5.0,1.34,,
HD 141399 b,Confirmed,,0.03,0.03,0.451,0.03,0.03,,
HD 141399 c,Confirmed,,0.08,0.08,1.33,0.08,0.08,,
HD 141399 d,Confirmed,,0.08,0.08,1.18,0.08,0.08,,
HD 141399 e,Confirmed,,0.1,0.1,0.66,0.1,0.1,,
HD 142022 Ab,Confirmed,4.51,0.61,0.91,5.1,1.5,2.6,,
HD 142245 Ab,Confirmed,,0.2,0.2,1.9,0.2,0.2,,
HD 142415 b,Confirmed,,,,1.62,,,,
HD 142666 b,Confirmed,5.0,,,,,,,
HD 142 Ab,Confirmed,,0.15,0.15,1.25,0.15,0.15,,
HD 142 Ac,Confirmed,,0.7,0.7,5.3,0.7,0.7,,
HD 142 Ad,Confirmed,0.26,0.036,0.032,,,,,
HD 143105 b,Confirmed,,0.06,0.06,1.21,0.06,0.06,,
HD 143361 Ab,Confirmed,,1.44,1.44,3.12,1.44,1.44,,
HD 144899 Ab,Confirmed,,0.016,0.021,0.064,0.016,0.021,,
HD 145377 b,Confirmed,,0.1,0.1,5.76,0.1,0.1,,
HD 145457 b,Confirmed,,,,2.9,,,,
HD 145934 Ab,Confirmed,2.072,0.048,1.634,2.28,0.6,0.6,,
HD 1461 b,Confirmed,,0.0019,0.0019,0.0203,0.0019,0.0019,,
HD 1461 c,Confirmed,,0.0023,0.0023,0.0176,0.0023,0.0023,,
HD 147018 b,Confirmed,,0.07,0.07,2.12,0.07,0.07,,
HD 147018 c,Confirmed,,0.32,0.32,6.56,0.32,0.32,,
HD 147379 Ab,Confirmed,,0.0035,0.0035,0.068,0.0035,0.0035,,
HD 147513 Ab,Confirmed,,,,1.21,,,,
HD 147873 Ab,Confirmed,,0.34,0.34,5.14,0.34,0.34,,
HD 147873 Ac,Confirmed,,0.18,0.18,2.3,0.18,0.18,,
HD 14787 b,Confirmed,,0.069,0.069,1.121,0.069,0.069,1.25,
HD 148156 b,Confirmed,,0.05,0.06,0.85,0.05,0.06,,
HD 148164 b,Confirmed,,0.82,0.82,5.16,0.82,0.82,,
HD 148164 c,Confirmed,,0.25,0.25,1.23,0.25,0.25,,
HD 149026 b,Confirmed,0.28,0.03,0.03,,,,0.74,0.02
HD 149143 b,Confirmed,,,,1.33,,,1.05,
HD 149806 Ab,Confirmed,12.597,2.782,2.694,,,,,
HD 150010 Ab,Confirmed,,0.4,0.4,2.4,0.4,0.4,,
HD 1502 b,Confirmed,,0.16,0.16,2.75,0.16,0.16,1.183,
HD 150433 b,Confirmed,,0.0197,0.0197,0.168,0.0197,0.0197,,
HD 150706 b,Confirmed,2.43,0.38,0.48,2.71,0.66,1.14,,
HD 151450 Ab,Confirmed,0.121,0.025,0.019,,,,,
HD 151450 Ac,Confirmed,5.148,1.058,1.18,,,,,
HD 152079 b,Confirmed,,2.0,2.0,3.0,2.0,2.0,,
HD 152581 b,Confirmed,,0.1,0.1,1.5,0.1,0.1,,
HD 152843 b,Confirmed,0.0309,0.0005,0.00053,,,,0.2721,0.0098
HD 152843 c,Confirmed,0.03043,0.006,0.006,,,,0.5299,0.0143
HD 153557 Ab,Confirmed,,0.007,0.006,0.064,0.007,0.006,,
HD 153557 Ac,Confirmed,,0.006,0.005,0.055,0.006,0.005,,
HD 153950 b,Confirmed,,0.05,0.05,2.73,0.05,0.05,,
HD 154088 b,Confirmed,,0.0025,0.0025,0.0208,0.0025,0.0025,,
HD 154345 b,Confirmed,1.186,0.059,0.095,1.0,0.3,0.3,,
HD 154391 b,Confirmed,9.1,1.9,2.8,,,,,
HD 154672 Ab,Confirmed,,0.17,0.17,5.02,0.17,0.17,,
HD 154857 b,Confirmed,,0.05,0.05,2.24,0.05,0.05,,
HD 154857 c,Confirmed,,0.16,0.16,2.58,0.16,0.16,,
HD 155193 b,Confirmed,,0.06,0.06,0.75,0.06,0.06,,
HD 155358 b,Confirmed,,0.05,0.05,0.85,0.05,0.05,,
HD 155358 c,Confirmed,,0.07,0.07,0.82,0.07,0.07,,
HD 155555 (AB)b,Confirmed,3.8,1.2,1.2,,,,,
HD 155918 Ab,Confirmed,,0.004,0.003,0.024,0.004,0.003,,
HD 155918 Ac,Confirmed,5.909,0.766,0.653,,,,,
HD 156098 b,Confirmed,,0.004,0.011,0.05,0.004,0.011,,
HD 156098 c,Confirmed,5.228,1.287,1.938,,,,,
HD 156279 b,Confirmed,,0.66,0.66,9.71,0.66,0.66,,
HD 156279 c,Confirmed,9.75,0.605,1.319,8.6,0.55,0.55,,
HD 156411 b,Confirmed,,0.04,0.05,0.74,0.04,0.05,,
HD 156668 b,Confirmed,,0.0018,0.0018,0.0131,0.0018,0.0018,,
HD 156668 c,Confirmed,,0.008,0.007,0.099,0.008,0.007,,
HD 156846 Ab,Confirmed,10.45,0.05,0.05,,,,,
HD 157172 Ab,Confirmed,,,,0.12,,,,
HD 158038 Ab,Confirmed,,0.2,0.2,1.8,0.2,0.2,,
HD 158259 b,Confirmed,,0.00142,0.00123,0.00698,0.00142,0.00123,0.107,0.116
HD 158259 c,Confirmed,,0.00186,0.0019,0.01762,0.00186,0.0019,,
HD 158259 d,Confirmed,,0.00223,0.00233,0.01702,0.00223,0.00233,,
HD 158259 e,Confirmed,,0.00324,0.00296,0.01913,0.00324,0.00296,,
HD 158259 f,Confirmed,,0.00431,0.00412,0.01932,0.00431,0.00412,,
HD 15906 b,Confirmed,,,,,,,0.1998,0.0071
HD 15906 c,Confirmed,,,,,,,0.2614,0.0054
HD 159243 b,Confirmed,,0.05,0.05,1.13,0.05,0.05,,
HD 159243 c,Confirmed,,0.13,0.13,1.9,0.13,0.13,,
HD 159868 b,Confirmed,,0.0591,0.0591,2.218,0.0591,0.0591,1.202,
HD 159868 c,Confirmed,,0.044,0.044,0.768,0.044,0.044,1.269,
HD 1605 b,Confirmed,,0.04,0.06,0.96,0.04,0.06,,
HD 1605 c,Confirmed,,0.11,0.13,3.48,0.11,0.13,,
HD 161178 b,Confirmed,,0.16,0.02,0.57,0.16,0.02,,
HD 16175 b,Confirmed,,0.37,0.37,4.77,0.37,0.37,,
HD 163607 b,Confirmed,,0.0098,0.0098,0.7836,0.0098,0.0098,1.269,
HD 163607 c,Confirmed,,0.037,0.037,2.201,0.037,0.037,1.202,
HD 164428 b,Confirmed,,1.3,1.3,5.7,1.3,1.3,,
HD 164509 Ab,Confirmed,,0.02,0.03,0.47,0.02,0.03,,
HD 164595 Ab,Confirmed,,0.00856,0.00856,0.0516,0.00856,0.00856,,
HD 164922 b,Confirmed,,0.038,0.031,0.365,0.038,0.031,,
HD 164922 c,Confirmed,,0.006,0.009,0.041,0.006,0.009,,
HD 164922 d,Confirmed,,0.0031,0.0031,0.0331,0.0031,0.0031,,
HD 164922 e,Confirmed,,0.00311,0.00311,0.0331,0.00311,0.00311,,
HD 165155 b,Confirmed,,0.23,0.23,2.89,0.23,0.23,,
HD 1666 Ab,Confirmed,,0.22,0.31,6.43,0.22,0.31,,
HD 166724 b,Confirmed,,0.11,0.11,3.53,0.11,0.11,,
HD 167042 b,Confirmed,,,,1.6,,,,
HD 167677 b,Confirmed,2.85,1.0,1.0,,,,,
HD 167768 b,Confirmed,,0.12,0.12,0.85,0.12,0.12,,
HD 168009 b,Confirmed,,0.0038,0.0038,0.0299,0.0038,0.0038,,
HD 168443 b,Confirmed,,0.0975,0.0975,7.659,0.0975,0.0975,,
HD 168746 b,Confirmed,,,,0.23,,,,
HD 168863 b,Confirmed,6.78,1.096,1.114,,,,,
HD 16905 Ab,Confirmed,9.065,1.41,1.31,,,,,
HD 1690 b,Confirmed,,0.9,0.9,6.1,0.9,0.9,,
HD 169142 b,Confirmed,3.0,2.0,2.0,,,,,
HD 169830 b,Confirmed,,,,2.88,,,,
HD 169830 c,Confirmed,,,,4.04,,,,
HD 170469 Ab,Confirmed,,,,0.67,,,,
HD 17092 b,Confirmed,,0.3,0.3,4.6,0.3,0.3,,
HD 171028 b,Confirmed,,,,1.98,,,,
HD 171238 b,Confirmed,,0.15,0.15,2.6,0.15,0.15,,
HD 17156 b,Confirmed,3.195,0.034,0.034,3.191,0.033,0.033,1.095,0.02
HD 173416 b,Confirmed,,0.3,0.3,2.7,0.3,0.3,,
HD 174205 b,Confirmed,,0.5,0.5,4.2,0.5,0.5,,
HD 175167 b,Confirmed,10.2,0.4,0.4,7.8,3.5,3.5,,
HD 175370 b,Confirmed,,1.0,1.0,4.6,1.0,1.0,,
HD 175541 b,Confirmed,,,,0.61,,,,
HD 175607 b,Confirmed,,0.0035,0.0035,0.0283,0.0035,0.0035,,
HD 176051 Bb,Confirmed,1.5,0.3,0.3,,,,,
HD 17674 b,Confirmed,,0.06,0.07,0.87,0.06,0.07,,
HD 176986 b,Confirmed,,0.0021,0.0021,0.0181,0.0021,0.0021,,
HD 176986 c,Confirmed,,0.0031,0.0031,0.0289,0.0031,0.0031,,
HD 177830 Ab,Confirmed,,0.03,0.03,1.49,0.03,0.03,,
HD 177830 Ac,Confirmed,,0.03,0.03,0.15,0.03,0.03,,
HD 178911 Bb,Confirmed,,0.059,0.059,6.292,0.059,0.059,,
HD 179079 b,Confirmed,,0.012,0.012,0.076,0.012,0.012,,
HD 179949 b,Confirmed,,,,0.92,,,1.05,
HD 180053 b,Confirmed,,0.063,0.063,2.194,0.063,0.063,1.203,
HD 18015 Ab,Confirmed,,0.23,0.23,3.18,0.23,0.23,1.17,
HD 180902 b,Confirmed,,0.41,0.41,1.685,0.41,0.41,1.221,
HD 181234 Ab,Confirmed,9.379,0.993,1.01,8.37,0.36,0.36,,
HD 181342 b,Confirmed,,0.19,0.19,2.54,0.19,0.19,1.19,
HD 181433 b,Confirmed,,0.0003,0.0003,0.0223,0.0003,0.0003,,
HD 181433 c,Confirmed,,0.003,0.003,0.674,0.003,0.003,,
HD 181433 d,Confirmed,,0.004,0.004,0.612,0.004,0.004,,
HD 18143 Ab,Confirmed,,0.007,0.005,0.034,0.007,0.005,,
HD 18143 Ac,Confirmed,9.998,1.871,1.961,,,,,
HD 181720 b,Confirmed,12.12,5.88,,0.37,,,,
HD 183263 Ab,Confirmed,,0.3,0.3,3.67,0.3,0.3,,
HD 183263 Ac,Confirmed,,0.59,0.59,3.82,0.59,0.59,,
HD 183579 b,Confirmed,0.0302,0.132,0.0142,,,,0.3149,0.0098
HD 184010 b,Confirmed,,0.07,0.07,0.3,0.07,0.07,,
HD 184010 c,Confirmed,,0.1,0.1,0.28,0.1,0.1,,
HD 184010 d,Confirmed,,0.08,0.08,0.46,0.08,0.08,,
HD 185269 Ab,Confirmed,,,,0.94,,,,
HD 185283 Ab,Confirmed,1.3,0.1,0.3,,,,,
HD 187085 b,Confirmed,,,,0.75,,,,
HD 187123 b,Confirmed,1.4,0.3,0.5,0.52,0.04,0.04,,
HD 187123 c,Confirmed,,0.25,0.25,1.99,0.25,0.25,,
HD 18742 b,Confirmed,,1.2,1.2,3.4,1.2,1.2,1.166,
HD 188015 Ab,Confirmed,,,,1.26,,,,
HD 189567 b,Confirmed,,0.0019,0.0019,0.0267,0.0019,0.0019,,
HD 189567 c,Confirmed,,0.0028,0.0028,0.022,0.0028,0.0028,,
HD 189733 Ab,Confirmed,1.138,0.025,0.025,1.15,,,1.138,0.077
HD 190007 b,Confirmed,,0.00522,0.00522,0.05179,0.00522,0.00522,,
HD 190228 b,Confirmed,6.0,1.0,1.2,5.0,1.0,1.0,,
HD 190622 b,Confirmed,0.0242,0.003,0.003,,,,0.27541,0.00473
HD 190622 c,Confirmed,,0.0211,0.0211,0.714,0.0211,0.0211,,
HD 190647 b,Confirmed,,0.06,0.06,1.9,0.06,0.06,,
HD 190984 b,Confirmed,,,,3.1,,,,
HD 191806 b,Confirmed,,0.63,0.63,8.52,0.63,0.63,,
HD 191939 b,Confirmed,0.031,0.0022,0.0022,,,,0.303,0.071
HD 191939 c,Confirmed,0.0227,0.0044,0.0044,,,,0.2748,0.062
HD 191939 d,Confirmed,0.0182,0.0182,0.0,,,,0.2712,0.0062
HD 191939 e,Confirmed,,0.009,0.009,0.34,0.009,0.009,,
HD 191939 f,Confirmed,,4.5,4.5,6.5,4.5,4.5,,
HD 191939 g,Confirmed,,0.006,0.006,0.0488,0.006,0.006,,
HD 192263 b,Confirmed,,0.015,0.015,0.733,0.015,0.015,,
HD 192699 b,Confirmed,,0.093,0.093,2.096,0.093,0.093,1.206,
HD 194490 b,Confirmed,11.207,1.329,1.764,,,,,
HD 195019 Ab,Confirmed,,0.3,0.3,3.7,0.3,0.3,,
HD 196050 Ab,Confirmed,,,,2.83,,,,
HD 19615 b,Confirmed,8.6,53.5,-17.8,8.5,0.7,0.7,,
HD 196885 Ab,Confirmed,2.67,0.63,1.4,2.98,0.05,0.05,,
HD 197037 Ab,Confirmed,,0.05,0.05,0.79,0.05,0.05,,
HD 199509 Ab,Confirmed,,0.016,0.012,0.136,0.016,0.012,,
HD 20003 b,Confirmed,,0.0031,0.0031,0.0378,0.0031,0.0031,,
HD 20003 c,Confirmed,,0.004,0.004,0.0422,0.004,0.004,,
HD 200964 b,Confirmed,,0.08,0.14,1.85,0.08,0.14,,
HD 200964 c,Confirmed,,0.063,0.123,0.895,0.063,0.123,,
HD 202432 b,Confirmed,,0.4,0.4,1.9,0.4,0.4,,
HD 202696 Ab,Confirmed,,0.011,0.174,1.991,0.011,0.174,,
HD 202696 Ac,Confirmed,,0.212,0.116,1.917,0.212,0.116,,
HD 202772 Ab,Confirmed,1.008,0.079,0.074,,,,1.562,0.069
HD 203030 Ab,Confirmed,11.0,4.0,4.0,,,,1.3,0.04
HD 20329 b,Confirmed,0.02335,0.00343,0.00343,,,,0.1534,0.0062
HD 20367 b,Confirmed,,,,1.07,,,,
HD 2039 b,Confirmed,,0.82,0.82,6.11,0.82,0.82,,
HD 204313 b,Confirmed,,0.3,0.3,4.28,0.3,0.3,,
HD 204313 c,Confirmed,,0.0053,0.0053,0.0553,0.0053,0.0053,,
HD 204941 Ab,Confirmed,,0.032,0.032,0.266,0.032,0.032,,
HD 205158 b,Confirmed,,0.045,0.039,0.392,0.045,0.039,,
HD 205739 b,Confirmed,,0.09,0.07,1.37,0.09,0.07,,
HD 206255 b,Confirmed,,0.0223,0.0223,0.1076,0.0223,0.0223,,
HD 206610 b,Confirmed,,0.1,0.1,2.2,0.1,0.1,,
HD 206893 c,Confirmed,10.31,2.2,2.4,,,,1.46,0.06
HD 207496 Ab,Confirmed,0.0192,0.005,0.005,,,,0.2007,0.0107
HD 20781 b,Confirmed,,0.00123,0.00123,0.00607,0.00123,0.00123,,
HD 20781 c,Confirmed,,0.00211,0.0022,0.01677,0.00211,0.0022,,
HD 20781 d,Confirmed,,0.0037,0.0038,0.0334,0.0037,0.0038,,
HD 20781 e,Confirmed,,0.0049,0.0049,0.0442,0.0049,0.0049,,
HD 20782 b,Confirmed,,0.5,0.5,1.9,0.5,0.5,,
HD 207832 Ab,Confirmed,,0.03,0.06,0.56,0.03,0.06,,
HD 207832 Ac,Confirmed,,0.05,0.18,0.73,0.05,0.18,,
HD 207897 b,Confirmed,0.05,0.005,0.005,,,,0.22348,0.0071
HD 208487 b,Confirmed,,0.05,0.05,0.413,0.05,0.05,,
HD 208487 c,Confirmed,0.46,0.1,0.1,,,,,
HD 208527 b,Confirmed,,1.7,1.7,9.9,1.7,1.7,,
HD 20868 b,Confirmed,,0.05,0.05,1.99,0.05,0.05,,
HD 208897 b,Confirmed,,0.08,0.08,1.4,0.08,0.08,,
HD 209458 b,Confirmed,0.69,0.017,0.017,,0.017,0.017,1.38,0.018
HD 210193 b,Confirmed,,0.0733,0.0733,0.4817,0.0733,0.0733,,
HD 210277 b,Confirmed,,0.03,0.03,1.23,0.03,0.03,,
HD 210702 Ab,Confirmed,,0.097,0.097,1.808,0.097,0.097,1.216,
HD 211403 b,Confirmed,,0.39,0.39,5.54,0.39,0.39,,
HD 211810 b,Confirmed,,0.44,0.44,0.67,0.44,0.44,,
HD 211970 b,Confirmed,,0.0079,0.0079,0.0409,0.0079,0.0079,,
HD 212301 Ab,Confirmed,,,,0.4,,,1.07,
HD 212771 b,Confirmed,,0.4,0.4,2.3,0.4,0.4,,
HD 213240 Ab,Confirmed,,,,4.5,,,,
HD 213472 b,Confirmed,,0.59,1.1,3.48,0.59,1.1,,
HD 213519 Ab,Confirmed,,0.004,0.009,0.029,0.004,0.009,,
HD 213885 Ab,Confirmed,0.02778,0.00208,0.00208,,,,0.15568,0.00464
HD 213885 Ac,Confirmed,,0.00434,0.00434,0.06277,0.00434,0.00434,,
HD 21411 b,Confirmed,,0.0805,0.0805,0.2073,0.0805,0.0805,,
HD 214823 Ab,Confirmed,,0.31,0.31,20.56,0.31,0.31,1.082,
HD 215152 b,Confirmed,,0.00235,0.0013,0.00628,0.00235,0.0013,,
HD 215152 c,Confirmed,,0.00177,0.00249,0.004801,0.00177,0.00249,,
HD 215152 d,Confirmed,,0.00259,0.00287,0.008511,0.00259,0.00287,,
HD 215152 e,Confirmed,,0.006711,0.00145,0.01091,0.006711,0.00145,,
HD 21520 b,Confirmed,0.0249,0.0094,0.0101,0.0249,0.009,0.0101,0.24061,0.008
HD 215456 Ab,Confirmed,,,,0.101,,,,
HD 215456 Ac,Confirmed,,,,0.246,,,,
HD 215497 b,Confirmed,,,,0.02,,,,
HD 215497 c,Confirmed,,,,0.33,,,,
HD 216520 b,Confirmed,,0.00311,0.00311,0.03228,0.00311,0.00311,,
HD 216520 c,Confirmed,,0.00513,0.00513,0.0297,0.00513,0.00513,,
HD 216536 b,Confirmed,,0.12,0.2,1.47,0.12,0.2,,
HD 216770 b,Confirmed,,,,0.65,,,,
HD 21693 b,Confirmed,,0.0046,0.0046,0.0322,0.0046,0.0046,,
HD 21693 c,Confirmed,,0.0057,0.0057,0.06472,0.0057,0.0057,,
HD 217107 b,Confirmed,1.446,0.067,0.18,1.394,0.06,0.057,,
HD 217107 c,Confirmed,4.37,0.1,0.13,4.09,0.23,0.23,,
HD 217786 Ac,Confirmed,,0.002,0.002,0.023,0.002,0.002,,
HD 217958 Ab,Confirmed,0.524,0.063,0.347,,,,,
HD 218566 b,Confirmed,,0.02,0.02,0.21,0.02,0.02,,
HD 219134 b,Confirmed,0.01343,0.00107,0.00107,,,,0.134,0.00509
HD 219134 c,Confirmed,0.01246,0.00107,0.00107,0.004754,0.000148,0.000148,0.12624,0.00437
HD 219134 d,Confirmed,0.05236,,,0.067,0.004,0.004,,
HD 219134 e,Confirmed,,0.006,0.189,0.223,0.006,0.189,,
HD 219134 f,Confirmed,0.0208,,,0.028,0.003,0.003,,
HD 219134 g,Confirmed,,0.004,0.004,0.034,0.004,0.004,,
HD 219134 h,Confirmed,,0.014,0.014,0.308,0.014,0.014,,
HD 219139 b,Confirmed,,0.2,0.05,0.78,0.2,0.05,,
HD 219415 b,Confirmed,,,,1.0,,,,
HD 219666 b,Confirmed,0.0522,0.0041,0.0041,,,,0.4202,0.0152
HD 219828 b,Confirmed,,0.0044,0.0044,0.0661,0.0044,0.0044,,
HD 220074 b,Confirmed,,1.8,1.8,11.1,1.8,1.8,,
HD 220197 b,Confirmed,,0.04,0.07,0.2,0.04,0.07,,
HD 220689 b,Confirmed,,0.09,0.09,1.06,0.09,0.09,,
HD 220842 Ab,Confirmed,,0.15,0.15,3.18,0.15,0.15,,
HD 221287 b,Confirmed,,0.79,0.79,3.09,0.79,0.79,,
HD 221416 b,Confirmed,0.1904,0.0179,0.0179,,,,0.836,0.028
HD 221585 b,Confirmed,,0.14,0.14,1.61,0.14,0.14,,
HD 222076 b,Confirmed,,0.11,0.11,1.56,0.11,0.11,,
HD 222155 b,Confirmed,,0.53,0.67,1.9,0.53,0.67,,
HD 222237 b,Confirmed,5.19,0.58,0.58,,,,,
HD 222582 Ab,Confirmed,,0.65,0.65,7.75,0.65,0.65,,
HD 224538 b,Confirmed,6.531,0.349,1.836,5.97,0.42,0.42,,
HD 224693 b,Confirmed,,,,0.71,,,,
HD 22496 b,Confirmed,,0.00214,0.0023,0.01753,0.00214,0.0023,,
HD 22532 b,Confirmed,,0.09,0.09,2.12,0.09,0.09,,
HD 22946 b,Confirmed,0.00821,0.00085,0.00085,,,,0.12151,0.0036
HD 22946 c,Confirmed,0.0208,0.00053,0.00053,,,,0.20769,0.0036
HD 22946 d,Confirmed,0.0249,0.0009,0.0009,,,,0.23258,0.0054
HD 23079 b,Confirmed,,0.21,0.21,2.45,0.21,0.21,,
HD 23127 b,Confirmed,,0.2,0.2,1.5,0.2,0.2,,
HD 231701 b,Confirmed,,,,1.08,,,,
HD 233604 b,Confirmed,,,,6.575,,,,
HD 233832 Ab,Confirmed,,0.23,0.23,2.72,0.23,0.23,,
HD 23472 Ab,Confirmed,0.02618,0.00249,0.00249,,,,0.16701,0.11785
HD 23472 Ac,Confirmed,0.01073,0.0025,0.00277,,,,0.1668,0.0107
HD 23472 Ad,Confirmed,0.00173,0.0006,0.0006,,,,0.0669,0.00509
HD 23472 Ae,Confirmed,0.00227,0.00088,0.00088,,,,0.07298,0.0058
HD 23472 Af,Confirmed,0.00242,0.0013,0.00138,,,,0.10144,0.00687
HD 23596 Ab,Confirmed,11.914,1.768,0.99,8.1,,,,
HD 238090 Ab,Confirmed,,0.00299,0.00299,0.02168,0.00299,0.00299,,
HD 238914 b,Confirmed,,2.7,2.7,6.0,2.7,2.7,,
HD 240210 b,Confirmed,,,,6.9,,,,
HD 240237 b,Confirmed,,,,5.3,,,,
HD 24040 b,Confirmed,,0.49,0.49,4.01,0.49,0.49,,
HD 24040 c,Confirmed,,0.027,0.027,0.201,0.027,0.027,,
HD 24064 b,Confirmed,,1.3,1.3,9.4,1.3,1.3,,
HD 24085 Bb,Confirmed,,0.0098,0.0098,0.0371,0.0098,0.0098,,
HD 25015 b,Confirmed,9.077,1.823,1.157,4.48,0.3,0.3,,
HD 25171 Ab,Confirmed,,0.1,0.1,0.95,0.1,0.1,,
HD 25723 b,Confirmed,,,,2.51,,,,
HD 25723 c,Confirmed,,,,1.33,,,,
HD 25912 b,Confirmed,,0.013,0.013,0.12,0.013,0.013,,
HD 260655 b,Confirmed,0.00673,0.00107,0.00107,,,,0.1106,0.0303
HD 260655 c,Confirmed,0.00972,0.00151,0.00151,,,,0.13677,0.0041
HD 2638 Ab,Confirmed,,,,0.48,,,1.04,
HD 2685 b,Confirmed,1.18,0.09,0.09,,,,1.44,0.01
HD 27631 b,Confirmed,,0.14,0.14,1.45,0.14,0.14,,
HD 27894 b,Confirmed,,0.007,0.009,0.665,0.007,0.009,,
HD 27894 c,Confirmed,,0.04,0.011,0.162,0.04,0.011,,
HD 27894 d,Confirmed,6.493,0.353,0.987,5.415,1.214,0.239,,
HD 27969 b,Confirmed,,0.24,0.24,4.8,0.24,0.24,,
HD 28109 b,Confirmed,0.058195,0.025,0.028,,,,0.19618,0.009
HD 28109 c,Confirmed,,,,,,,0.3774,0.0098
HD 28109 d,Confirmed,,,,,,,0.2899,0.0098
HD 28185 b,Confirmed,,0.08,0.08,5.85,0.08,0.08,,
HD 28185 c,Confirmed,6.0,0.6,0.6,,,,,
HD 28192 Ab,Confirmed,,0.031,0.024,0.314,0.031,0.024,,
HD 28254 Ab,Confirmed,,0.06,0.1,1.16,0.06,0.1,,
HD 283869 b,Confirmed,,,,,,,0.1749,0.0116
HD 285507 b,Confirmed,,0.033,0.033,0.917,0.033,0.033,,
HD 28678 b,Confirmed,,0.1,0.1,1.7,0.1,0.1,,
HD 29021 b,Confirmed,,0.2,0.2,2.4,0.2,0.2,,
HD 290327 b,Confirmed,,0.14,0.17,2.54,0.14,0.17,,
HD 29399 Ab,Confirmed,,0.11,0.11,1.57,0.11,0.11,,
HD 2952 b,Confirmed,,,,1.6,,,,
HD 29985 b,Confirmed,5.473,1.157,1.944,,,,,
HD 30177 Ab,Confirmed,8.403,0.489,1.241,8.07,0.12,0.12,,
HD 30177 Ac,Confirmed,6.15,0.341,1.308,3.0,0.3,0.3,,
HD 30562 b,Confirmed,,0.08,0.08,1.29,0.08,0.08,,
HD 30669 b,Confirmed,,0.06,0.06,0.47,0.06,0.06,,
HD 30856 Ab,Confirmed,,0.2,0.2,1.8,0.2,0.2,,
HD 31221 b,Confirmed,12.0,12.0,12.0,,,,1.32,0.14
HD 31253 Ab,Confirmed,,0.07,0.07,0.5,0.07,0.07,,
HD 31527 b,Confirmed,,0.0025,0.0025,0.0363,0.0025,0.0025,,
HD 31527 c,Confirmed,,0.00345,0.00345,0.0498,0.00345,0.00345,,
HD 31527 d,Confirmed,,0.0257,0.0257,0.0519,0.0257,0.0257,,
HD 3167 b,Confirmed,0.0158,0.0012,0.0012,,,,0.152,0.013
HD 3167 c,Confirmed,0.0308,0.0039,0.00409,,,,0.255,0.02
HD 3167 d,Confirmed,0.0217,0.0022,0.0022,,0.00142,0.00142,,
HD 3167 e,Confirmed,,0.003,0.003,0.02646,0.003,0.003,,
HD 32518 b,Confirmed,,0.69,0.69,3.04,0.69,0.69,,
HD 32963 b,Confirmed,,0.03,0.03,0.7,0.03,0.03,,
HD 330075 b,Confirmed,,,,0.62,,,1.06,
HD 331093 b,Confirmed,,0.11,0.11,1.5,0.11,0.11,,
HD 33142 b,Confirmed,,,,1.261,,,1.235,
HD 33142 c,Confirmed,,,,0.885,,,1.277,
HD 33142 d,Confirmed,,,,0.2,,,,
HD 332231 b,Confirmed,0.244,0.021,0.021,,,,0.867,0.025
HD 33283 Ab,Confirmed,,,,0.33,,,0.99,
HD 33564 b,Confirmed,,,,9.1,,,,
HD 33844 b,Confirmed,,0.12,0.12,1.96,0.12,0.12,,
HD 33844 c,Confirmed,,0.18,0.18,1.75,0.18,0.18,,
HD 34445 b,Confirmed,,0.028,0.028,0.629,0.028,0.028,,
HD 34445 c,Confirmed,,0.016,0.016,0.168,0.016,0.016,,
HD 34445 d,Confirmed,,0.037,0.13,0.097,0.037,0.13,,
HD 34445 e,Confirmed,,0.0089,0.0089,0.0529,0.0089,0.0089,,
HD 34445 f,Confirmed,,0.021,0.021,0.119,0.021,0.021,,
HD 34445 g,Confirmed,,0.13,0.13,0.38,0.13,0.13,,
HD 35759 b,Confirmed,,0.17,0.17,3.76,0.17,0.17,,
HD 35843 b,Confirmed,,0.00264,0.00264,0.01837,0.00264,0.00264,,
HD 35843 c,Confirmed,0.03562,0.0047,0.005,,,,0.2266,0.0071
HD 360 b,Confirmed,,0.15,0.15,0.75,0.15,0.15,,
HD 36384 b,Confirmed,,0.5,0.5,6.6,0.5,0.5,,
HD 37124 b,Confirmed,,0.017,0.017,0.675,0.017,0.017,,
HD 37124 c,Confirmed,,0.052,0.052,0.652,0.052,0.052,,
HD 37124 d,Confirmed,,0.059,0.059,0.696,0.059,0.059,,
HD 37605 b,Confirmed,,0.032,0.032,2.813,0.032,0.032,,
HD 37605 c,Confirmed,,0.072,0.072,3.366,0.072,0.072,,
HD 3765 b,Confirmed,,0.014,0.014,0.173,0.014,0.014,,
HD 38283 b,Confirmed,,0.02,0.02,0.34,0.02,0.02,,
HD 38529 Ab,Confirmed,0.93,0.11,0.21,0.78,,,,
HD 38677 b,Confirmed,,0.005,0.005,0.07636,0.005,0.005,,
HD 38677 c,Confirmed,,0.00497,0.00497,0.0302,0.00497,0.00497,0.16184,
HD 38677 d,Confirmed,,0.0011,0.0011,0.01054,0.0011,0.0011,0.12428,
HD 38677 e,Confirmed,,0.00359,0.00359,0.01299,0.00359,0.00359,0.13123,
HD 38801 b,Confirmed,,0.23,0.23,10.13,0.23,0.23,1.134,
HD 38858 b,Confirmed,,0.012,0.012,0.0961,0.012,0.012,,
HD 39194 b,Confirmed,,0.0009,0.0009,0.013,0.0009,0.0009,,
HD 39194 c,Confirmed,,0.0016,0.0016,0.0198,0.0016,0.0016,,
HD 39194 d,Confirmed,,0.0019,0.0019,0.013,0.0019,0.0019,,
HD 39855 Ab,Confirmed,,0.0047,0.0047,0.0267,0.0047,0.0047,,
HD 40307 b,Confirmed,,0.00094,0.00094,0.012,0.00094,0.00094,,
HD 40307 c,Confirmed,,0.0014,0.0014,0.0202,0.0014,0.0014,,
HD 40307 d,Confirmed,,0.0018,0.0018,0.0275,0.0018,0.0018,,
HD 40307 e,Confirmed,,0.0044,0.0044,0.011,0.0044,0.0044,,
HD 40307 f,Confirmed,,0.0019,0.0019,0.0114,0.0019,0.0019,,
HD 40307 g,Confirmed,,0.0082,0.0082,0.0223,0.0082,0.0082,,
HD 40956 b,Confirmed,,0.6,0.6,2.7,0.6,0.6,,
HD 40979 Ab,Confirmed,,0.13,0.13,4.01,0.13,0.13,,
HD 41004 Ab,Confirmed,,0.74,0.74,2.54,0.74,0.74,,
HD 41004 Bb,Confirmed,,0.22,0.22,18.4,0.22,0.22,1.06,
HD 4113 Ab,Confirmed,,0.04,0.04,1.56,0.04,0.04,,
HD 42012 b,Confirmed,,0.1,0.1,1.6,0.1,0.1,,
HD 4203 b,Confirmed,,0.05,0.05,1.82,0.05,0.05,,
HD 4203 c,Confirmed,,0.52,0.52,2.17,0.52,0.52,,
HD 4208 b,Confirmed,,0.073,0.073,0.804,0.073,0.073,,
HD 42618 b,Confirmed,,0.0079,0.0079,0.0453,0.0079,0.0079,,
HD 42936 Ab,Confirmed,,0.00182,0.00182,0.00812,0.00182,0.00182,,
HD 4308 b,Confirmed,,0.005,0.005,0.0405,0.005,0.005,,
HD 4313 b,Confirmed,,0.2,0.2,2.3,0.2,0.2,,
HD 43197 b,Confirmed,,0.04,0.12,0.6,0.04,0.12,,
HD 43197 c,Confirmed,7.868,1.599,1.76,,,,,
HD 43691 Ab,Confirmed,,0.34,0.3,2.57,0.34,0.3,,
HD 44219 b,Confirmed,,0.04,0.06,0.58,0.04,0.06,,
HD 44385 b,Confirmed,,1.1,1.1,5.9,1.1,1.1,,
HD 45184 b,Confirmed,,,,0.04,,,,
HD 45184 c,Confirmed,,0.0032,0.0034,0.0277,0.0032,0.0034,,
HD 45350 b,Confirmed,,0.14,0.14,1.79,0.14,0.14,,
HD 45364 b,Confirmed,,,,0.1872,,,,
HD 45364 c,Confirmed,,,,0.6579,,,,
HD 45652 b,Confirmed,,,,0.47,,,,
HD 46375 Ab,Confirmed,,,,0.23,,,1.02,
HD 46588 b,Confirmed,,0.04,0.06,0.25,0.04,0.06,,
HD 47186 b,Confirmed,,,,0.07167,,,,
HD 47186 c,Confirmed,,,,0.35061,,,,
HD 4732 Ab,Confirmed,,0.34,0.34,2.37,0.34,0.34,,
HD 4732 Ac,Confirmed,,0.38,0.38,2.37,0.38,0.38,,
HD 47366 b,Confirmed,,0.2,0.2,1.75,0.2,0.2,,
HD 47366 c,Confirmed,,0.16,0.16,1.86,0.16,0.16,,
HD 47536 b,Confirmed,,,,5.0,,,,
HD 48265 b,Confirmed,,0.38,0.38,1.16,0.38,0.38,,
HD 48948 b,Confirmed,,0.0009,0.0009,0.01708,0.0009,0.0009,,
HD 48948 c,Confirmed,,0.005,0.005,0.01992,0.005,0.005,,
HD 48948 d,Confirmed,,0.0039,0.0039,0.0218,0.0039,0.0039,,
HD 4917 b,Confirmed,,0.09,0.09,1.615,0.09,0.09,1.224,
HD 49674 b,Confirmed,,,,0.1,,,0.98,
HD 50499 b,Confirmed,,0.08,0.08,1.45,0.08,0.08,,
HD 50499 c,Confirmed,,0.18,0.73,2.93,0.18,0.73,,
HD 50554 b,Confirmed,,,,5.16,,,,
HD 51608 b,Confirmed,,0.0018,0.0018,0.04,0.0018,0.0018,,
HD 51608 c,Confirmed,,0.0049,0.0019,0.0521,0.0049,0.0019,,
HD 52265 b,Confirmed,,0.05,0.05,1.21,0.05,0.05,,
HD 5278 Ab,Confirmed,0.0245,0.0044,0.0044,,,,0.2186,0.0045
HD 5278 Ac,Confirmed,,0.006,0.0057,0.0579,0.006,0.0057,,
HD 5319 b,Confirmed,,,,1.94,,,,
HD 5319 c,Confirmed,,0.08,0.08,1.15,0.08,0.08,,
HD 55696 b,Confirmed,,0.72,0.72,3.87,0.72,0.72,,
HD 5583 b,Confirmed,,0.53,0.53,5.78,0.53,0.53,,
HD 5608 Ab,Confirmed,,0.081,0.081,1.681,0.081,0.081,1.222,
HD 56414 Ab,Confirmed,,,,,,,0.331,0.018
HD 564 b,Confirmed,,0.03,0.03,0.33,0.03,0.03,,
HD 56957 b,Confirmed,5.918,4.026,2.879,,,,,
HD 57625 Ab,Confirmed,8.43,0.9,1.1,,,,,
HD 5891 b,Confirmed,,0.4,0.4,7.6,0.4,0.4,,
HD 59686 Ab,Confirmed,,0.24,0.18,6.92,0.24,0.18,,
HD 60292 b,Confirmed,,1.0,1.0,6.5,1.0,1.0,,
HD 60532 b,Confirmed,9.21,0.0,0.0,3.15,,,,
HD 62549 b,Confirmed,8.519,1.04,2.093,,,,,
HD 63433 b,Confirmed,0.0689,0.0689,0.0,,,,0.1945,0.008
HD 63433 c,Confirmed,0.0482,0.013,0.0132,,,,0.2427,0.009
HD 63433 d,Confirmed,,,,,,,0.09573,0.0041
HD 63454 b,Confirmed,,,,0.39,,,1.06,
HD 63765 b,Confirmed,,0.05,0.05,0.64,0.05,0.05,,
HD 63935 b,Confirmed,0.033,0.005,0.005,,,,0.2668,0.0125
HD 63935 c,Confirmed,0.0349,0.0076,0.0076,,,,0.259,0.0116
HD 64121 b,Confirmed,,0.19,0.19,2.56,0.19,0.19,,
HD 6434 b,Confirmed,,,,0.39,,,,
HD 65216 Ab,Confirmed,,0.062,0.062,1.295,0.062,0.062,,
HD 65216 Ac,Confirmed,,0.11,0.11,2.03,0.11,0.11,,
HD 66428 b,Confirmed,10.946,3.845,2.442,2.82,0.027,0.027,,
HD 67087 b,Confirmed,,0.2,0.22,3.06,0.2,0.22,,
HD 67087 c,Confirmed,,3.61,10.0,4.85,3.61,10.0,,
HD 68402 b,Confirmed,,0.35,0.35,3.07,0.35,0.35,,
HD 68988 b,Confirmed,,0.16,0.16,1.86,0.16,0.16,,
HD 69123 b,Confirmed,,0.16,0.16,3.04,0.16,0.16,,
HD 69830 b,Confirmed,0.1427,0.0928,,0.0321,,,,
HD 69830 c,Confirmed,0.1649,0.1072,,0.0371,,,,
HD 69830 d,Confirmed,0.2529,0.1644,,0.0569,,,,
HD 70642 b,Confirmed,,,,2.0,,,,
HD 7199 b,Confirmed,,0.023,0.023,0.29,0.023,0.023,,
HD 72490 b,Confirmed,,0.08,0.08,1.768,0.08,0.08,1.218,
HD 72659 b,Confirmed,2.988,0.098,2.586,3.15,0.14,0.14,,
HD 72892 Ab,Confirmed,,0.475,0.452,5.468,0.475,0.452,,
HD 73267 b,Confirmed,4.158,0.519,0.681,3.06,0.07,0.07,,
HD 73267 c,Confirmed,5.131,0.282,0.912,,,,,
HD 73344 b,Confirmed,0.039,0.039,0.0,,,,0.256,0.0152
HD 73344 c,Confirmed,,0.041,0.041,0.3659,0.041,0.041,,
HD 73344 d,Confirmed,2.55,0.46,0.56,,,,,
HD 73526 b,Confirmed,,0.12,0.12,2.25,0.12,0.12,,
HD 73526 c,Confirmed,,0.13,0.13,2.25,0.13,0.13,,
HD 73534 b,Confirmed,,,,1.15,,,,
HD 73583 Ab,Confirmed,0.0321,0.0098,0.0107,,,,0.2489,0.009
HD 73583 Ac,Confirmed,0.0302,0.0057,0.0057,,,,0.2436,0.0107
HD 74156 b,Confirmed,,0.02,0.02,1.778,0.02,0.02,,
HD 74156 c,Confirmed,,0.095,0.095,7.997,0.095,0.095,,
HD 7449 Ab,Confirmed,8.174,2.699,3.055,0.508,0.111,0.111,,
HD 7449 Ad,Confirmed,,0.007,0.007,0.053,0.007,0.007,,
HD 74698 b,Confirmed,,0.006,0.006,0.072,0.006,0.006,,
HD 74698 c,Confirmed,,0.06,0.06,0.4,0.06,0.06,,
HD 75289 Ab,Confirmed,,,,0.47,,,1.03,
HD 75302 Ab,Confirmed,5.4,0.5,0.5,,,,,
HD 75784 b,Confirmed,,0.3,0.3,1.15,0.3,0.3,,
HD 75784 c,Confirmed,,1.2,1.2,5.6,1.2,1.2,,
HD 75898 b,Confirmed,,,,2.51,,,,
HD 75898 c,Confirmed,8.49,0.65,0.65,,,,,
HD 76700 b,Confirmed,,,,0.23,,,0.99,
HD 76920 b,Confirmed,,0.43,0.41,3.13,0.43,0.41,,
HD 77338 b,Confirmed,,0.0135,0.0148,0.05,0.0135,0.0148,,
HD 79181 Ab,Confirmed,,0.16,0.06,0.64,0.16,0.06,,
HD 7924 b,Confirmed,,0.0017,0.0017,0.0273,0.0017,0.0017,1.05,
HD 7924 c,Confirmed,,0.0023,0.0023,0.0247,0.0023,0.0023,,
HD 7924 d,Confirmed,,0.0025,0.0025,0.0203,0.0025,0.0025,,
HD 79498 Ab,Confirmed,,0.07,0.07,1.34,0.07,0.07,,
HD 80606 b,Confirmed,4.1641,0.0047,0.0047,,,,1.032,0.015
HD 80653 b,Confirmed,0.01762,0.00135,0.00135,,,,0.144,0.006
HD 80653 c,Confirmed,,0.44,0.52,5.41,0.44,0.52,,
HD 80869 Ab,Confirmed,,0.29,0.65,4.86,0.29,0.65,,
HD 80883 b,Confirmed,5.5,1.056,1.23,,,,,
HD 81040 b,Confirmed,8.04,0.54,0.66,6.86,0.71,0.71,,
HD 81688 b,Confirmed,,0.2,0.3,1.77,0.2,0.3,,
HD 82886 b,Confirmed,,0.1,0.1,1.3,0.1,0.1,,
HD 82943 b,Confirmed,4.8,,,1.53,,,,
HD 82943 c,Confirmed,4.78,,,1.72,,,,
HD 82943 d,Confirmed,,0.031,0.031,0.29,0.031,0.031,,
HD 8326 Ab,Confirmed,,0.0617,0.0617,0.2095,0.0617,0.0617,,
HD 83342 b,Confirmed,0.4012,0.0208,0.0208,,,,0.869,0.0196
HD 83443 b,Confirmed,,0.008,0.008,0.402,0.008,0.008,1.04,
HD 83443 c,Confirmed,,0.07,0.07,1.35,0.07,0.07,,
HD 8535 Ab,Confirmed,,0.04,0.07,0.68,0.04,0.07,,
HD 85390 b,Confirmed,,0.01,0.01,0.099,0.01,0.01,,
HD 8574 b,Confirmed,,,,2.11,,,,
HD 86065 b,Confirmed,9.053,2.567,2.69,,,,,
HD 86081 Ab,Confirmed,,,,1.5,,,1.08,
HD 86226 b,Confirmed,,0.05,0.05,0.45,0.05,0.05,,
HD 86226 c,Confirmed,0.02281,0.00352,0.00374,,,,0.1927,0.0071
HD 86264 Ab,Confirmed,,1.6,1.6,7.0,1.6,1.6,,
HD 86728 b,Confirmed,,0.005,0.005,0.032,0.005,0.005,,
HD 86950 b,Confirmed,,0.7,0.7,3.6,0.7,0.7,,
HD 87646 Ab,Confirmed,,0.7,0.7,12.4,0.7,0.7,,
HD 87816 b,Confirmed,,0.13,0.13,6.74,0.13,0.13,,
HD 87816 c,Confirmed,,,,12.2,,,,
HD 87883 b,Confirmed,6.31,0.32,0.31,1.78,0.34,0.34,,
HD 88072 Ab,Confirmed,7.903,1.006,1.527,,,,,
HD 88133 b,Confirmed,,,,0.3,,,1.0,
HD 88986   b,Confirmed,0.0541,0.012,0.013,,,,0.2221,0.0161
HD 89307 b,Confirmed,,0.4,0.4,2.0,0.4,0.4,,
HD 89345 b,Confirmed,0.1073,0.0107,0.0107,,,,0.642,0.0134
HD 89744 Ab,Confirmed,10.32,1.38,2.43,8.35,0.18,0.18,,
HD 89744 Ac,Confirmed,,4.57,4.57,5.36,4.57,4.57,,
HD 89839 b,Confirmed,5.03,0.79,0.79,,,,,
HD 90156 b,Confirmed,,0.0046,0.0046,0.057,0.0046,0.0046,,
HD 9174 b,Confirmed,,0.14,0.14,1.11,0.14,0.14,,
HD 92788 c,Confirmed,,0.16,0.16,3.76,0.16,0.16,,
HD 92945 c,Confirmed,0.7,0.3,0.3,,,,,
HD 93083 b,Confirmed,,,,0.37,,,,
HD 93351 b,Confirmed,,0.003,0.002,0.011,0.003,0.002,,
HD 93385 Ab,Confirmed,,0.0016,0.0016,0.0132,0.0016,0.0016,,
HD 93385 Ac,Confirmed,,0.0019,0.0019,0.0223,0.0019,0.0019,,
HD 93385 Ad,Confirmed,,0.00399,0.00399,0.0318,0.00399,0.00399,,
HD 93963 Ab,Confirmed,,,,,,,0.1204,0.00375
HD 93963 Ac,Confirmed,,,,,,,0.28799,0.00526
HD 9446 b,Confirmed,,0.056,0.056,0.687,0.056,0.056,,
HD 9446 c,Confirmed,,0.13,0.13,1.7,0.13,0.13,,
HD 94771 b,Confirmed,,0.03,0.03,0.53,0.03,0.03,,
HD 94834 Ab,Confirmed,,0.17,0.17,1.26,0.17,0.17,1.242,
HD 94890 b,Confirmed,,0.17,0.17,2.13,0.17,0.17,,
HD 94890 c,Confirmed,,0.25,0.25,8.9,0.25,0.25,,
HD 95086 b,Confirmed,2.6,0.4,0.4,,,,,
HD 95089 b,Confirmed,,0.1,0.1,1.2,0.1,0.1,,
HD 95089 c,Confirmed,,0.59,0.13,3.97,0.59,0.13,,
HD 95127 b,Confirmed,,0.44,0.61,5.01,0.44,0.61,,
HD 95338 b,Confirmed,0.12406,0.01299,0.019,,,,0.3551,0.008
HD 95544 Ab,Confirmed,6.021,0.258,1.616,6.84,0.31,0.31,,
HD 9578 Ab,Confirmed,,,,0.62,,,,
HD 95872 b,Confirmed,,0.3,0.3,4.6,0.3,0.3,,
HD 96063 b,Confirmed,,0.1,0.1,0.9,0.1,0.1,,
HD 96167 Ab,Confirmed,,0.18,0.18,0.68,0.18,0.18,,
HD 96700 Ab,Confirmed,,0.0013,0.0013,0.028,0.0013,0.0013,,
HD 96700 Ac,Confirmed,,0.0013,0.0013,0.011,0.0013,0.0013,,
HD 96700 Ad,Confirmed,,0.003,0.003,0.04,0.003,0.003,,
HD 96992 b,Confirmed,,0.31,0.31,1.14,0.31,0.31,,
HD 97048 b,Confirmed,2.5,0.5,0.5,,,,,
HD 97619 b,Confirmed,,1.3,1.3,3.5,1.3,1.3,,
HD 97658 b,Confirmed,0.02457,0.00138,0.00173,,,,0.20047,0.00848
HD 98219 b,Confirmed,,0.1,0.1,1.8,0.1,0.1,,
HD 98649 b,Confirmed,,0.3,0.5,6.79,0.3,0.5,,
HD 98736 Ab,Confirmed,,0.78,0.78,2.33,0.78,0.78,,
HD 99109 b,Confirmed,,0.07,0.07,0.502,0.07,0.07,,
HD 99283 b,Confirmed,,0.25,0.06,0.97,0.25,0.06,,
HD 99492 b,Confirmed,,0.0019,0.0019,0.0802,0.0019,0.0019,,
HD 99492 c,Confirmed,,0.0041,0.0041,0.0563,0.0041,0.0041,,
HD 99706 b,Confirmed,,0.1,0.1,1.4,0.1,0.1,,
HD 99706 c,Confirmed,,0.96,1.43,5.69,0.96,1.43,,
HH 211 c,Confirmed,,,,8.0,,,,
HIP 105854 b,Confirmed,,0.85,0.85,5.35,0.85,0.85,,
HIP 107772 b,Confirmed,,0.009,0.009,0.0406,0.009,0.009,,
HIP 107773 Ab,Confirmed,,0.21,0.21,1.98,0.21,0.21,,
HIP 109384 b,Confirmed,,0.08,0.08,1.56,0.08,0.08,,
HIP 109600 Ab,Confirmed,,0.12,0.12,2.68,0.12,0.12,,
HIP 113103 b,Confirmed,0.0186,0.006,0.006,,,,0.16317,0.00598
HIP 113103 c,Confirmed,0.0264,,,,,,0.2141,
HIP 114933 b,Confirmed,,0.17,0.17,1.94,0.17,0.17,,
HIP 116454 Ab,Confirmed,0.0372,0.00419,0.00419,0.03719,0.00418,0.00418,0.226,0.016
HIP 11696 b,Confirmed,10.0,6.0,6.0,,,,,
HIP 11915 b,Confirmed,,0.06,0.06,0.99,0.06,0.06,,
HIP 12961 b,Confirmed,,,,0.35,,,,
HIP 14810 b,Confirmed,,0.32,0.32,3.88,0.32,0.32,,
HIP 14810 c,Confirmed,,0.1,0.1,1.28,0.1,0.1,,
HIP 14810 d,Confirmed,,0.052,0.052,0.57,0.052,0.052,,
HIP 1481 Ab,Confirmed,1.6,1.1,1.1,,,,,
HIP 19976 b,Confirmed,,0.016,0.009,0.068,0.016,0.009,,
HIP 34222 b,Confirmed,,,,0.83,,,,
HIP 35173 b,Confirmed,,0.0085,0.0085,0.04,0.0085,0.0085,,
HIP 35965 b,Confirmed,8.149,3.055,4.324,,,,,
HIP 38594 Ab,Confirmed,,0.0053,0.0053,0.0255,0.0053,0.0053,,
HIP 38594 Ac,Confirmed,,0.0233,0.0233,0.1523,0.0233,0.0233,,
HIP 41378 b,Confirmed,0.0217,0.0028,0.0028,,,,0.054,0.00321
HIP 41378 c,Confirmed,0.0138,0.003,0.003,,,,0.2436,0.0054
HIP 41378 d,Confirmed,0.0145,0.0145,0.0,,,,0.3158,0.0054
HIP 41378 e,Confirmed,0.038,0.016,0.016,,,,0.437,0.008
HIP 41378 f,Confirmed,0.038,0.009,0.009,,,,0.821,0.009
HIP 47110 b,Confirmed,6.0,4.0,4.0,,,,,
HIP 4845 b,Confirmed,,,,0.0453,,,,
HIP 48714 b,Confirmed,,0.0088,0.0088,0.0721,0.0088,0.0088,,
HIP 5158 b,Confirmed,,0.14,0.14,1.44,0.14,0.14,,
HIP 54373 b,Confirmed,,0.00579,0.00579,0.02712,0.00579,0.00579,,
HIP 54373 c,Confirmed,,0.0066,0.0066,0.03914,0.0066,0.0066,,
HIP 54597 b,Confirmed,2.4,0.2,0.4,2.01,0.03,0.03,,
HIP 55507 b,Confirmed,8.135,1.719,2.492,,,,,
HIP 560 b,Confirmed,1.7,0.9,0.9,,,,,
HIP 56640 b,Confirmed,6.77,1.213,1.859,3.67,,,,
HIP 57050 b,Confirmed,,0.004,0.003,0.304,0.004,0.003,,
HIP 57050 c,Confirmed,,0.022,0.001,0.227,0.022,0.001,,
HIP 57274 b,Confirmed,,0.004,0.004,0.036,0.004,0.004,,
HIP 57274 c,Confirmed,,0.01,0.01,0.41,0.01,0.01,,
HIP 57274 d,Confirmed,,0.025,0.025,0.527,0.025,0.025,,
HIP 5763 b,Confirmed,,,,0.51,,,,
HIP 63242 b,Confirmed,,,,9.18,,,,
HIP 63734 b,Confirmed,11.0,3.0,3.0,,,,,
HIP 65407 b,Confirmed,,0.032,0.032,0.428,0.032,0.032,,
HIP 65407 c,Confirmed,,0.054,0.054,0.784,0.054,0.054,,
HIP 65426 b,Confirmed,7.1,1.1,1.1,,,,1.5,0.1
HIP 65891 b,Confirmed,5.888,0.283,0.757,6.0,0.5,0.5,,
HIP 65 Ab,Confirmed,3.213,0.078,0.078,,,,2.03,0.49
HIP 67522 b,Confirmed,0.0434,0.003,0.003,,,,0.897,0.049
HIP 67522 c,Confirmed,,,,,,,0.731,0.057
HIP 67537 b,Confirmed,,0.6,0.6,11.1,0.6,0.6,,
HIP 67851 b,Confirmed,,0.04,0.04,1.15,0.04,0.04,,0.04
HIP 67851 c,Confirmed,4.97,0.22,0.92,4.97,0.22,0.22,,
HIP 68468 Ab,Confirmed,,,,0.011,,,,
HIP 68468 Ac,Confirmed,,,,0.094,,,,
HIP 70849 b,Confirmed,4.58,0.09,0.53,4.58,0.09,0.09,,
HIP 71135 b,Confirmed,,0.0129,0.0129,0.0592,0.0129,0.0129,,
HIP 74890 b,Confirmed,,0.3,0.3,2.4,0.3,0.3,,
HIP 75092 b,Confirmed,,0.16,0.16,1.79,0.16,0.16,,
HIP 79431 b,Confirmed,,,,2.1,,,,
HIP 8541 Ab,Confirmed,7.714,0.103,1.895,5.59,1.0,1.0,,
HIP 8541 Ac,Confirmed,,0.16,0.166,0.804,0.16,0.166,,
HIP 86221 Ab,Confirmed,,,,0.71,,,,
HIP 90988 Ab,Confirmed,,0.09,0.09,1.96,0.09,0.09,,
HIP 91258 b,Confirmed,,0.038,0.038,1.068,0.038,0.038,,
HIP 94235 Ab,Confirmed,1.192,1.192,0.0,,,,0.2862,
HIP 96334 b,Confirmed,3.7,2.3,2.3,,,,,
HIP 97166 b,Confirmed,0.063,0.0047,0.0047,,,,0.2444,0.0116
HIP 97166 c,Confirmed,,1.8,1.8,9.9,1.8,1.8,,
HN Lib b,Confirmed,,0.00236,0.00236,0.01749,0.00236,0.00236,,
HR 2562 b,Confirmed,10.28,,,,,,,
HR 5183 Ab,Confirmed,,0.14,0.14,3.23,0.14,0.14,,
HR 8799 b,Confirmed,7.0,2.0,4.0,,,,1.2,0.1
HR 8799 c,Confirmed,8.3,0.6,0.6,,,,1.3,0.0
HR 8799 d,Confirmed,8.3,0.6,0.6,,,,1.2,0.0
HR 8799 e,Confirmed,9.6,1.9,1.9,,,,1.17,0.13
HS 0705+6700 (AB)c,Confirmed,,,,11.8,,,,
HS Psc b,Confirmed,,0.44,0.56,1.46,0.44,0.56,,
IC 4651 9122 b,Confirmed,,0.5,0.5,6.3,0.5,0.5,,
Innes' Star b,Confirmed,,0.00588,0.00733,0.03285,0.00588,0.00733,,
iot Cap b,Confirmed,,0.531,0.589,3.48,0.531,0.589,,
iot Cap c,Confirmed,7.485,2.21,3.395,,,,,
iot Hor b,Confirmed,,0.18,0.18,2.26,0.18,0.18,,
IRAS 04125+2902 b,Confirmed,0.3,,,,,,0.955,
K2-100 b,Confirmed,,,,,,,0.32,0.012
K2-101 b,Confirmed,,,,,,,0.178,0.009
K2-102 Ab,Confirmed,,,,,,,0.116,0.009
K2-103 b,Confirmed,,,,,,,0.177,0.01
K2-104 b,Confirmed,,,,,,,0.175,0.013
K2-105 b,Confirmed,0.094,0.06,0.06,,,,0.301,0.011
K2-106 b,Confirmed,0.0245,0.0022,0.0022,,,,0.14952,0.0033
K2-106 c,Confirmed,0.018,0.0094,0.01,,,,0.2534,0.009
K2-107 b,Confirmed,0.84,0.08,0.08,,,,1.426,0.049
K2-108 b,Confirmed,0.187,0.014,0.014,,,,0.476,0.019
K2-10 b,Confirmed,0.08495,0.05034,0.05349,0.085,0.053,0.053,0.343,0.031
K2-110 b,Confirmed,0.0525,0.01,0.01,,,,0.228,0.006
K2-111 b,Confirmed,0.01664,0.00242,0.00239,,,,0.162,0.008
K2-111 c,Confirmed,,0.003,0.003,0.0349,0.003,0.003,,
K2-113 b,Confirmed,1.28,0.12,0.12,,,,1.083,0.031
K2-114 b,Confirmed,1.85,0.23,0.22,,,,0.952,0.032
K2-115 b,Confirmed,0.84,0.18,0.2,,,,1.115,0.057
K2-116 b,Confirmed,,,,,,,0.062,0.004
K2-117 b,Confirmed,,,,,,,0.181,0.009
K2-117 c,Confirmed,,,,,,,0.184,0.011
K2-118 b,Confirmed,,,,,,,0.227,0.018
K2-119 b,Confirmed,,,,,,,0.226,0.018
K2-11 b,Confirmed,,,,,,,0.674,0.832
K2-120 Ab,Confirmed,,,,,,,0.179,0.011
K2-121 b,Confirmed,,,,,,,0.669,0.012
K2-122 Ab,Confirmed,,,,,,,0.108,0.007
K2-123 b,Confirmed,,,,,,,0.246,0.014
K2-124 b,Confirmed,0.033,0.0082,0.0082,,,,0.259,0.009
K2-125 b,Confirmed,,,,,,,0.194,0.016
K2-126 b,Confirmed,,,,,,,0.176,0.011
K2-127 b,Confirmed,,,,,,,0.747,0.029
K2-128 b,Confirmed,,,,,,,0.127,0.012
K2-129 b,Confirmed,,,,,,,0.093,0.008
K2-12 b,Confirmed,,,,,,,0.208,0.052
K2-130 b,Confirmed,,,,,,,0.112,0.012
K2-131 b,Confirmed,,,,,,,0.152,0.004
K2-132 b,Confirmed,0.49,0.06,0.06,,,,1.3,0.07
K2-133 b,Confirmed,0.0069,,,,,,0.12,0.007
K2-133 c,Confirmed,0.01,,,,,,0.143,0.008
K2-133 d,Confirmed,0.026,,,,,,0.179,0.01
K2-133 e,Confirmed,,,,,,,0.154,0.012
K2-136 Ab,Confirmed,,,,,,,0.088,0.0036
K2-136 Ac,Confirmed,,,,,,,0.26,0.009
K2-136 Ad,Confirmed,,,,,,,0.129,0.007
K2-137 b,Confirmed,0.5,0.4999,0.0,,,,0.079,0.008
K2-138 b,Confirmed,0.0098,0.0035,0.0035,,,,0.14,0.015
K2-138 c,Confirmed,0.0198,0.0038,0.0038,,,,0.225,0.014
K2-138 d,Confirmed,0.0249,0.0044,0.0044,,,,0.237,0.016
K2-138 e,Confirmed,0.0409,0.006,0.006,,,,0.294,0.016
K2-138 f,Confirmed,0.005,0.0038,0.0066,,,,0.251,0.017
K2-138 g,Confirmed,0.0135,0.009,0.0167,,,,0.2688,0.0223
K2-139 b,Confirmed,0.381,0.045,0.045,,,,0.813,0.015
K2-13 b,Confirmed,,,,,,,0.169,0.085
K2-140 b,Confirmed,0.93,0.04,0.04,,,,1.093,0.015
K2-141 b,Confirmed,0.01598,0.00129,0.00129,,,,0.135,0.0045
K2-141 c,Confirmed,0.02328,,,,,,0.624,0.25
K2-146 b,Confirmed,0.01816,0.00024,0.00024,,,,0.183,0.005
K2-146 c,Confirmed,0.02358,0.00031,0.00031,,,,0.195,0.006
K2-147 b,Confirmed,,,,,,,0.123,0.013
K2-148 Ab,Confirmed,,,,,,,0.119,0.016
K2-148 Ac,Confirmed,,,,,,,0.154,0.019
K2-148 Ad,Confirmed,,,,,,,0.146,0.019
K2-149 b,Confirmed,,,,,,,0.146,0.016
K2-14 b,Confirmed,,,,,,,0.429,0.037
K2-150 b,Confirmed,,,,,,,0.178,0.019
K2-151Bb,Confirmed,,,,,,,0.133,0.007
K2-152 b,Confirmed,,,,,,,0.204,0.021
K2-153 b,Confirmed,,,,,,,0.178,0.02
K2-154 b,Confirmed,,,,,,,0.178,0.01
K2-154 c,Confirmed,,,,,,,0.185,0.012
K2-155 b,Confirmed,0.0148,0.0009,0.0016,,,,0.161,0.009
K2-155 c,Confirmed,0.0205,0.0016,0.0047,,,,0.232,0.018
K2-155 d,Confirmed,0.0154,0.0019,0.0053,,,,0.17,0.018
K2-156 b,Confirmed,,,,,,,0.103,0.006
K2-157 b,Confirmed,0.00359,0.00129,0.00123,,,,0.08342,0.008
K2-157 c,Confirmed,0.0969,0.006,0.006,,,,,
K2-157 d,Confirmed,0.0733,0.0079,0.0079,,,,,
K2-158 b,Confirmed,,,,,,,0.236,0.009
K2-158 c,Confirmed,,,,,,,0.114,0.009
K2-159 b,Confirmed,,,,,,,0.202,0.01
K2-15 b,Confirmed,,,,,,,0.221,0.027
K2-160 b,Confirmed,,,,,,,0.284,0.013
K2-161 b,Confirmed,,,,,,,0.546,0.07
K2-162 b,Confirmed,,,,,,,0.128,0.006
K2-163 b,Confirmed,,,,,,,0.22,0.011
K2-164 b,Confirmed,,,,,,,0.29,0.037
K2-165 b,Confirmed,,,,,,,0.114,0.009
K2-165 c,Confirmed,,,,,,,0.139,0.01
K2-165 d,Confirmed,,,,,,,0.236,0.013
K2-166 b,Confirmed,,,,,,,0.195,0.017
K2-166 c,Confirmed,6.0,1.0,1.0,,,,0.109,0.015
K2-167 b,Confirmed,,,,,,,0.2088,0.0125
K2-168 b,Confirmed,,,,,,,0.166,0.01
K2-168 c,Confirmed,,,,,,,0.117,0.006
K2-169 b,Confirmed,,,,,,,0.114,0.007
K2-16 b,Confirmed,,,,,,,0.18,0.021
K2-16 c,Confirmed,,,,,,,0.227,0.042
K2-16 d,Confirmed,,,,,,,0.092,0.008
K2-170 b,Confirmed,,,,,,,0.127,0.012
K2-170 c,Confirmed,,,,,,,0.161,0.014
K2-171 b,Confirmed,,,,,,,0.24,0.03
K2-172 b,Confirmed,,,,,,,0.149,0.008
K2-172 c,Confirmed,,,,,,,0.286,0.012
K2-173 Ab,Confirmed,,,,,,,0.143,0.009
K2-174 b,Confirmed,0.0289,0.0079,0.0079,,,,0.232,0.009
K2-175 Ab,Confirmed,,,,,,,0.182,0.024
K2-176 b,Confirmed,,,,,,,0.133,0.008
K2-177 b,Confirmed,,,,,,,0.189,0.014
K2-178 b,Confirmed,,,,,,,0.317,0.012
K2-179 b,Confirmed,,,,,,,0.224,0.011
K2-17 b,Confirmed,,,,,,,0.199,0.018
K2-180 b,Confirmed,0.036,0.006,0.006,,,,0.206,0.014
K2-181 b,Confirmed,,,,,,,0.253,0.018
K2-182 b,Confirmed,0.063,0.016,0.016,,,,0.24,0.0062
K2-183 b,Confirmed,,,,,,,0.232,0.124
K2-183 c,Confirmed,,,,,,,0.256,0.019
K2-183 d,Confirmed,,,,,,,0.255,0.024
K2-183 e,Confirmed,,,,,,,0.1097,0.0098
K2-184 b,Confirmed,,,,,,,0.138,0.008
K2-185 b,Confirmed,,,,,,,0.117,0.01
K2-185 c,Confirmed,,,,,,,0.2132,0.008
K2-186 b,Confirmed,,,,,,,0.283,0.015
K2-187 b,Confirmed,,,,,,,0.116,0.012
K2-187 c,Confirmed,,,,,,,0.161,0.012
K2-187 d,Confirmed,,,,,,,0.283,0.016
K2-187 e,Confirmed,,,,,,,0.212,0.016
K2-188 b,Confirmed,,,,,,,0.12,0.01
K2-188 c,Confirmed,,,,,,,0.252,0.013
K2-189 b,Confirmed,,,,,,,0.136,0.008
K2-189 c,Confirmed,,,,,,,0.223,0.011
K2-18 b,Confirmed,0.02807,0.00503,0.00535,,,,0.211,0.02
K2-18 c,Confirmed,,0.00418,0.00418,0.02363,0.00418,0.00418,,
K2-190 b,Confirmed,,,,,,,0.121,0.009
K2-190 c,Confirmed,,,,,,,0.098,0.008
K2-191 b,Confirmed,,,,,,,0.141,0.012
K2-192 b,Confirmed,,,,,,,0.136,0.012
K2-193 b,Confirmed,,,,,,,0.352,0.011
K2-194 b,Confirmed,,,,,,,0.325,0.045
K2-195 b,Confirmed,,,,,,,0.279,0.011
K2-195 c,Confirmed,,,,,,,0.23,0.013
K2-196 b,Confirmed,,,,,,,0.321,0.045
K2-197 Ab,Confirmed,,,,,,,0.228,0.014
K2-198 b,Confirmed,,,,,,,0.374,0.009
K2-198 c,Confirmed,,,,,,,0.127,0.003
K2-198 d,Confirmed,,,,,,,0.218,0.005
K2-199 b,Confirmed,0.0217,0.0057,0.0057,,,,0.1543,0.0045
K2-199 c,Confirmed,0.039,0.0072,0.0072,,,,0.2543,0.009
K2-19 b,Confirmed,0.1019,0.0053,0.0053,,,,0.691,0.035
K2-19 c,Confirmed,0.034,0.0019,0.0019,,,,0.434,0.039
K2-19 d,Confirmed,0.031,0.031,0.0,,,,0.102,0.012
K2-200 Ab,Confirmed,,,,,,,0.122,0.009
K2-2016-BLG-0005L b,Confirmed,1.1,0.08,0.08,,,,,
K2-201 b,Confirmed,,,,,,,0.125,0.007
K2-201 c,Confirmed,,,,,,,0.293,0.016
K2-202 b,Confirmed,,,,,,,0.205,0.012
K2-203 b,Confirmed,,,,,,,0.122,0.011
K2-204 b,Confirmed,,,,,,,0.272,0.033
K2-205 b,Confirmed,,,,,,,0.178,0.021
K2-206 Ab,Confirmed,,,,,,,0.249,0.014
K2-207 b,Confirmed,,,,,,,0.232,0.019
K2-208 b,Confirmed,,,,,,,0.15,0.011
K2-209 b,Confirmed,,,,,,,0.077,0.006
K2-210 b,Confirmed,,,,,,,0.073,0.006
K2-211 b,Confirmed,,,,,,,0.123,0.009
K2-212 b,Confirmed,,,,,,,0.2364,0.018
K2-213 b,Confirmed,,,,,,,0.135,0.019
K2-214 b,Confirmed,,,,,,,0.217,0.012
K2-215 b,Confirmed,,,,,,,0.189,0.014
K2-216 b,Confirmed,0.02517,0.00503,0.00503,,,,0.156,0.009
K2-217 b,Confirmed,,,,,,,0.319,0.043
K2-218 Ab,Confirmed,,,,,,,0.229,0.014
K2-219 b,Confirmed,,,,,,,0.12,0.016
K2-219 c,Confirmed,,,,,,,0.128,0.017
K2-219 d,Confirmed,,,,,,,0.23,0.029
K2-21 b,Confirmed,0.00623,0.0012,0.0012,,,,0.164,0.009
K2-21 c,Confirmed,0.01561,0.0012,0.0012,,,,0.222,0.017
K2-220 b,Confirmed,,,,,,,0.213,0.011
K2-221 b,Confirmed,,,,,,,0.15,0.009
K2-222 b,Confirmed,0.0179,0.0082,0.0082,,,,0.215,0.0071
K2-223 b,Confirmed,,,,,,,0.079,0.007
K2-223 c,Confirmed,,,,,,,0.14,0.006
K2-224 b,Confirmed,,,,,,,0.139,0.012
K2-224 c,Confirmed,,,,,,,0.215,0.011
K2-225 b,Confirmed,,,,,,,0.311,0.018
K2-226 b,Confirmed,,,,,,,0.137,0.008
K2-227 b,Confirmed,,,,,,,0.149,0.016
K2-228 Bb,Confirmed,,,,,,,0.108,0.005
K2-229 b,Confirmed,0.00815,0.00135,0.00135,,,,0.102,0.003
K2-229 c,Confirmed,0.067,0.067,0.0,,,,0.181,0.005
K2-229 d,Confirmed,0.079,0.079,0.0,,,,0.2364,0.0214
K2-22 Ab,Confirmed,1.4,1.4,0.0,,,,0.223,0.036
K2-230 b,Confirmed,,,,,,,0.175,0.014
K2-231 b,Confirmed,0.0227,0.0098,0.016,,,,0.223,0.018
K2-232 Ab,Confirmed,0.398,0.037,0.037,,,,1.0,0.022
K2-233 b,Confirmed,0.0104,0.0069,0.009,,,,0.125,0.005
K2-233 c,Confirmed,,,,,,,0.119,0.007
K2-233 d,Confirmed,0.0261,0.0148,0.0164,,,,0.236,0.01
K2-236 b,Confirmed,0.085,0.0396,0.044,,,,0.514,0.027
K2-237 b,Confirmed,1.236,0.044,0.044,,,,1.642,0.05
K2-238 b,Confirmed,0.86,0.12,0.13,,,,1.3,0.14
K2-239 b,Confirmed,0.0044,0.0013,0.0013,,,,0.098,0.009
K2-239 c,Confirmed,0.0028,0.0009,0.0009,,,,0.089,0.009
K2-239 d,Confirmed,0.0041,0.0013,0.0013,,,,0.098,0.009
K2-240 b,Confirmed,0.0157,0.0006,0.0016,,,,0.178,0.009
K2-240 c,Confirmed,0.0145,0.0009,0.0022,,,,0.161,0.009
K2-241 b,Confirmed,,,,,,,0.227,0.009
K2-242 b,Confirmed,,,,,,,0.227,0.017
K2-243 b,Confirmed,,,,,,,0.194,0.011
K2-243 c,Confirmed,,,,,,,0.179,0.012
K2-244 b,Confirmed,,,,,,,0.156,0.009
K2-245 Ab,Confirmed,,,,,,,0.387,0.012
K2-246 b,Confirmed,,,,,,,0.311,0.019
K2-247 Ab,Confirmed,,,,,,,0.189,0.014
K2-247 Ac,Confirmed,,,,,,,0.195,0.021
K2-248 b,Confirmed,,,,,,,0.229,0.012
K2-249 b,Confirmed,,,,,,,0.249,0.02
K2-24 b,Confirmed,0.05978,0.00661,0.00692,0.0648,0.0009,0.005,0.50299,0.00544
K2-24 c,Confirmed,0.0516,0.0006,0.0041,0.085,0.022,0.022,0.7075,0.0116
K2-250 b,Confirmed,,,,,,,0.218,0.013
K2-251 b,Confirmed,,,,,,,0.21,0.019
K2-252 b,Confirmed,,,,,,,0.155,0.011
K2-253 b,Confirmed,,,,,,,1.13,0.054
K2-254 b,Confirmed,,,,,,,0.145,0.021
K2-254 c,Confirmed,,,,,,,0.195,0.016
K2-255 b,Confirmed,,,,,,,0.259,0.01
K2-257 b,Confirmed,,,,,,,0.074,0.004
K2-258 b,Confirmed,,,,,,,0.268,0.018
K2-259 b,Confirmed,,,,,,,0.207,0.015
K2-25 b,Confirmed,0.0771,0.0164,0.0179,,,,0.306,0.028
K2-260 Ab,Confirmed,1.42,0.32,0.31,1.42,0.32,0.31,1.552,0.057
K2-261 b,Confirmed,0.223,0.031,0.031,0.223,0.031,0.031,0.85,0.022
K2-263 b,Confirmed,0.0466,0.0098,0.0098,,,,0.215,0.0107
K2-264 b,Confirmed,,,,,,,0.199,0.013
K2-264 c,Confirmed,,,,,,,0.238,0.017
K2-265 Ab,Confirmed,0.02058,0.00264,0.00264,,,,0.153,0.01
K2-266 Ab,Confirmed,0.0355,0.02053,0.03601,0.0343,0.01982,0.03461,0.294,0.116
K2-266 Ac,Confirmed,0.00091,0.00035,0.00053,0.00091,0.00035,0.00053,0.063,0.008
K2-266 Ad,Confirmed,0.028,0.01196,0.01793,0.02958,0.00629,0.00912,0.261,0.011
K2-266 Ae,Confirmed,0.04499,0.01573,0.02014,0.02611,0.00566,0.0085,0.244,0.01
K2-267 Ab,Confirmed,3.0,1.2,1.1,3.0,1.2,1.1,1.051,0.044
K2-268 b,Confirmed,,,,,,,0.126,0.012
K2-268 c,Confirmed,,,,,,,0.24,0.021
K2-268 d,Confirmed,,,,,,,0.1329,0.0062
K2-268 e,Confirmed,,,,,,,0.1187,0.0071
K2-268 f,Confirmed,,,,,,,0.1989,0.008
K2-269 b,Confirmed,,,,,,,0.14,0.011
K2-26 b,Confirmed,,,,,,,0.238,0.041
K2-270 b,Confirmed,,,,,,,0.123,0.01
K2-270 c,Confirmed,,,,,,,0.263,0.014
K2-271 b,Confirmed,,,,,,,0.649,0.021
K2-272 b,Confirmed,,,,,,,0.26,0.013
K2-273 b,Confirmed,,,,,,,0.394,0.114
K2-274 b,Confirmed,,,,,,,0.196,0.011
K2-275 Ab,Confirmed,,,,,,,0.2,0.011
K2-275 Ac,Confirmed,,,,,,,0.209,0.009
K2-276 b,Confirmed,,,,,,,0.336,0.019
K2-277 b,Confirmed,,,,,,,0.185,0.011
K2-278 b,Confirmed,,,,,,,0.266,0.021
K2-279 b,Confirmed,,,,,,,0.108,0.012
K2-27 Bb,Confirmed,0.09722,0.01447,0.01447,,0.014,0.014,0.4,0.021
K2-280 b,Confirmed,0.1167,0.0176,0.0176,,,,0.684,0.023
K2-281 b,Confirmed,,,,,,,0.73,0.019
K2-282 b,Confirmed,,,,,,,0.252,0.012
K2-282 c,Confirmed,,,,,,,0.132,0.009
K2-282 d,Confirmed,,,,,,,0.232,0.018
K2-283 b,Confirmed,,,,,,,0.314,0.014
K2-284 b,Confirmed,,,,,,,0.248,0.011
K2-285 b,Confirmed,0.03046,0.00431,0.00381,,,,0.231,0.005
K2-285 c,Confirmed,0.04933,0.0067,0.00717,,,,0.315,0.007
K2-285 d,Confirmed,0.02045,,,,,,0.221,0.005
K2-285 e,Confirmed,0.03367,,,,,,0.174,0.004
K2-286 b,Confirmed,0.0214,0.0135,0.0135,,,,0.187,0.018
K2-287 b,Confirmed,0.315,0.027,0.027,,,,0.833,0.013
K2-288 Bb,Confirmed,,,,,,,0.152,0.0321
K2-289 b,Confirmed,0.1529,0.0585,0.0585,,,,0.812,0.027
K2-28 b,Confirmed,,,,,,,0.207,0.021
K2-290 Ab,Confirmed,0.0343,,,,,,0.273,0.014
K2-290 Ac,Confirmed,0.774,0.047,0.047,,,,1.006,0.05
K2-291 b,Confirmed,0.02042,0.00365,0.00365,,,,0.142,0.006
K2-292 b,Confirmed,0.07709,0.01384,0.01384,,,,0.235,0.009
K2-293 b,Confirmed,,,,,,,0.219,0.022
K2-294 b,Confirmed,,,,,,,0.148,0.017
K2-295 b,Confirmed,0.335,0.062,0.062,,,,0.897,0.005
K2-296 b,Confirmed,,,,,,,0.167,0.04
K2-297 b,Confirmed,,,,,,,0.062,0.004
K2-298 b,Confirmed,,,,,,,0.093,0.003
K2-299 b,Confirmed,,,,,,,0.152,0.028
K2-299 c,Confirmed,,,,,,,0.125,0.045
K2-299 d,Confirmed,,,,,,,0.232,0.08
K2-29 Ab,Confirmed,0.73,0.04,0.04,0.73,0.04,0.04,1.19,0.02
K2-300 b,Confirmed,,,,,,,0.09,0.012
K2-301 b,Confirmed,,,,,,,0.145,0.017
K2-301 c,Confirmed,,,,,,,0.107,0.009
K2-302 b,Confirmed,,,,,,,0.08,0.018
K2-302 c,Confirmed,,,,,,,0.0856,0.009
K2-302 d,Confirmed,,,,,,,0.098,0.009
K2-303 b,Confirmed,,,,,,,0.086,0.013
K2-303 c,Confirmed,,,,,,,0.18682,0.0143
K2-304 b,Confirmed,,,,,,,0.118,0.008
K2-304 c,Confirmed,,,,,,,0.2025,0.0125
K2-305 b,Confirmed,,,,,,,0.194,0.037
K2-306 b,Confirmed,,,,,,,0.143,0.014
K2-307 b,Confirmed,,,,,,,0.1,0.008
K2-307 c,Confirmed,,,,,,,0.207,0.0107
K2-308 b,Confirmed,0.025,0.0,0.0249,,,,0.884,0.087
K2-309 Ab,Confirmed,0.033,0.0047,0.0016,,,,0.0749,0.0018
K2-309 Ac,Confirmed,0.053,0.025,0.041,,,,0.0428,0.0009
K2-309 Ad,Confirmed,0.019,0.003,0.003,,,,0.5656,0.027
K2-309 Ae,Confirmed,0.0334,0.0016,0.0013,,,,0.848,0.046
K2-30 b,Confirmed,0.579,0.027,0.028,0.623,0.031,0.031,1.039,0.051
K2-310 b,Confirmed,0.02907,0.00831,0.00831,,,,0.231,0.011
K2-310 c,Confirmed,0.0303,0.00812,0.00812,,,,0.24,0.01303
K2-311 b,Confirmed,,,,,,,1.11,0.07
K2-314 b,Confirmed,0.02753,0.00343,0.00343,,,,0.174,0.008
K2-314 c,Confirmed,0.04616,0.00595,0.00595,,,,0.3274,0.0125
K2-314 d,Confirmed,0.03203,0.00761,0.00774,,,,0.3515,0.0116
K2-315 b,Confirmed,,,,,,,0.085,0.005
K2-316 b,Confirmed,,,,,,,0.119,0.008
K2-316 c,Confirmed,,,,,,,0.163,0.011
K2-317 b,Confirmed,,,,,,,0.261,0.015
K2-318 b,Confirmed,,,,,,,0.148,0.012
K2-319 Ab,Confirmed,,,,,,,0.249,0.009
K2-31 Ab,Confirmed,1.774,0.079,0.079,,,,1.06,0.35
K2-320 b,Confirmed,,,,,,,0.234,0.013
K2-321 b,Confirmed,,,,,,,0.174,0.011
K2-322 b,Confirmed,,,,,,,0.171,0.016
K2-323 b,Confirmed,,,,,,,0.187,0.01
K2-324 b,Confirmed,,,,,,,0.217,0.012
K2-325 b,Confirmed,,,,,,,0.196,0.013
K2-326 b,Confirmed,,,,,,,0.203,0.016
K2-327 b,Confirmed,,,,,,,0.09341,0.0232
K2-328 b,Confirmed,,,,,,,0.08101,0.00571
K2-329 Ab,Confirmed,0.26,0.022,0.022,,,,0.774,0.026
K2-32 Ab,Confirmed,0.047,0.0057,0.0057,,,,0.443,0.024
K2-32 Ac,Confirmed,0.0255,0.0076,0.0076,,,,0.244,0.014
K2-32 Ad,Confirmed,0.0211,0.0079,0.0079,,,,0.292,0.017
K2-32 Ae,Confirmed,0.0066,0.0041,0.0041,,,,0.09,0.008
K2-330 b,Confirmed,,,,,,,0.2471,0.008
K2-331 b,Confirmed,,,,,,,0.1597,0.009
K2-331 c,Confirmed,,,,,,,0.2427,0.009
K2-332 b,Confirmed,,,,,,,0.196,0.0134
K2-333 b,Confirmed,,,,,,,0.5513,0.0223
K2-334 b,Confirmed,,,,,,,0.5041,0.025
K2-335 b,Confirmed,,,,,,,0.1972,0.0125
K2-336 b,Confirmed,,,,,,,0.1088,0.0045
K2-337 b,Confirmed,,,,,,,0.2337,0.0125
K2-338 b,Confirmed,,,,,,,0.0919,0.0045
K2-339 b,Confirmed,,,,,,,0.1713,0.0107
K2-33 b,Confirmed,3.7,3.69999,0.0,,,,0.45,0.033
K2-340 b,Confirmed,,,,,,,0.2998,0.0285
K2-341 b,Confirmed,,,,,,,0.2864,0.017
K2-342 b,Confirmed,,,,,,,0.1811,0.008
K2-343 b,Confirmed,,,,,,,0.1472,0.0071
K2-343 c,Confirmed,,,,,,,0.1802,0.0062
K2-344 b,Confirmed,,,,,,,0.1419,0.0045
K2-345 b,Confirmed,,,,,,,0.1856,0.0071
K2-346 b,Confirmed,,,,,,,0.2016,0.009
K2-347 b,Confirmed,,,,,,,0.215,0.009
K2-348 b,Confirmed,,,,,,,0.2908,0.0098
K2-348 c,Confirmed,,,,,,,0.2382,0.0098
K2-349 b,Confirmed,,,,,,,0.1231,0.0062
K2-34 b,Confirmed,1.78,0.13,0.13,1.76,0.13,0.13,1.245,0.029
K2-350 b,Confirmed,,,,,,,0.1374,0.0098
K2-350 c,Confirmed,,,,,,,0.2444,0.0161
K2-351 b,Confirmed,,,,,,,0.2266,0.017
K2-352 b,Confirmed,,,,,,,0.17,
K2-352 c,Confirmed,,,,,,,0.196,
K2-352 d,Confirmed,,,,,,,0.1713,0.0705
K2-353 b,Confirmed,,,,,,,0.4951,0.018
K2-354 b,Confirmed,,,,,,,0.1392,0.0071
K2-355 b,Confirmed,,,,,,,0.2007,0.0143
K2-356 b,Confirmed,,,,,,,0.2043,0.0107
K2-357 b,Confirmed,,,,,,,0.3319,0.0187
K2-358 b,Confirmed,,,,,,,0.2391,0.0125
K2-359 b,Confirmed,,,,,,,0.134,0.018
K2-35 b,Confirmed,,,,,,,0.118,0.007
K2-35 c,Confirmed,,,,,,,0.172,0.01
K2-360 b,Confirmed,0.02413,0.00236,0.00236,,,,0.13962,0.0071
K2-360 c,Confirmed,,0.00573,0.00573,0.04792,0.00573,0.00573,,
K2-361 b,Confirmed,,,,,,,0.107,0.027
K2-361 c,Confirmed,,,,,,,0.205,0.045
K2-362 b,Confirmed,,,,,,,0.0883,0.009
K2-363 b,Confirmed,,,,,,,0.098,0.018
K2-365 b,Confirmed,0.02722,0.01721,0.01721,,,,0.25926,0.0157
K2-366 b,Confirmed,0.01995,0.01152,0.01152,,,,0.21046,0.0149
K2-367 b,Confirmed,0.02036,0.01265,0.01265,,,,0.21528,0.01749
K2-368 b,Confirmed,,,,,,,0.13266,0.01838
K2-368 c,Confirmed,,,,,,,0.19021,
K2-368 d,Confirmed,,,,,,,0.13855,0.02159
K2-369 b,Confirmed,0.0069,0.0041,0.0041,,,,0.11714,0.00848
K2-36 Bb,Confirmed,0.01227,0.00346,0.00346,,,,0.128,0.007
K2-36 Bc,Confirmed,0.02454,0.00724,0.00724,,,,0.2783,0.0196
K2-370 b,Confirmed,0.0349,0.0044,0.0044,,,,0.2248,0.0054
K2-371 b,Confirmed,4.71,,,,,,1.16,0.0775
K2-372 b,Confirmed,0.0289,0.0169,0.0169,,,,0.26274,0.00669
K2-373 b,Confirmed,0.0162,0.00897,0.00897,,,,0.18387,0.0125
K2-374 b,Confirmed,0.01139,0.00588,0.00588,,,,0.14212,0.00517
K2-374 c,Confirmed,0.01797,0.01095,0.01095,,,,0.19743,0.00767
K2-375 b,Confirmed,0.01834,0.0106,0.0106,,,,0.20011,0.01552
K2-376 b,Confirmed,0.0129,0.00743,0.00743,,,,0.15488,0.01062
K2-377 b,Confirmed,0.01237,0.006,0.107,,,,0.15104,0.01178
K2-378 b,Confirmed,0.02838,0.01737,0.01737,,,,0.2569,0.0205
K2-379 b,Confirmed,0.01759,0.01048,0.01048,,,,0.19458,0.01766
K2-37 b,Confirmed,,,,,,,0.144,0.015
K2-37 c,Confirmed,,,,,,,0.245,0.024
K2-37 d,Confirmed,,,,,,,0.244,0.032
K2-380 b,Confirmed,0.02504,0.0145,0.0145,,,,0.24347,0.0157
K2-381 b,Confirmed,,,,,,,0.1981,0.0437
K2-381 c,Confirmed,,,,,,,0.08886,0.02097
K2-381 d,Confirmed,,,,,,,0.15033,0.017
K2-382 b,Confirmed,0.0162,0.01016,0.01016,,,,0.18485,0.01187
K2-383 b,Confirmed,0.01026,0.00522,0.00522,,,,0.13953,0.00946
K2-384 b,Confirmed,,,,,,,0.09599,0.00535
K2-384 c,Confirmed,,,,,,,0.10625,0.00669
K2-384 d,Confirmed,,,,,,,0.12419,0.00669
K2-384  e,Confirmed,,,,,,,0.11999,0.00732
K2-384 f,Confirmed,,,,,,,0.19824,0.00732
K2-385 b,Confirmed,0.0101,0.00563,0.00563,,,,0.1373,0.01124
K2-386 b,Confirmed,0.01954,0.01152,0.01152,,,,0.207,0.00598
K2-387 b,Confirmed,0.14303,0.09968,0.09968,,,,0.65323,0.02355
K2-388 b,Confirmed,0.0412,0.0263,0.0263,,,,0.3265,0.02043
K2-389 b,Confirmed,0.01778,0.0104,0.0104,,,,0.19484,0.01017
K2-389 c,Confirmed,0.01655,0.00859,0.00859,,,,0.182,0.01231
K2-38 b,Confirmed,0.06,0.03,0.03,,,,0.17,0.03
K2-38 c,Confirmed,0.03115,0.01447,0.01447,,,,0.216,0.026
K2-390 b,Confirmed,0.06364,0.039,0.039,,,,0.41625,0.0306
K2-391 b,Confirmed,0.00783,0.00538,0.00538,,,,0.12231,0.01677
K2-392 b,Confirmed,0.014,0.00793,0.00793,,,,0.165,0.01374
K2-393 b,Confirmed,0.01995,0.01277,0.01277,,,,0.20983,0.0149
K2-394 b,Confirmed,0.01237,0.00639,0.00639,,,,0.15095,0.01124
K2-395 b,Confirmed,0.02404,0.0142,0.0142,,,,0.23169,0.01588
K2-395 c,Confirmed,0.03716,0.02209,0.02209,,,,0.30288,0.02293
K2-396 b,Confirmed,0.0107,0.0061,0.0061,,,,0.14087,0.00919
K2-396 c,Confirmed,0.0315,0.01891,0.01891,,,,0.27871,0.00999
K2-397 b,Confirmed,0.02121,0.01277,0.01277,,,,0.21563,0.01633
K2-398 b,Confirmed,0.01913,0.0113,0.0113,,,,0.20287,0.0099
K2-398 c,Confirmed,0.07366,0.0412,0.0412,,,,0.45482,0.01303
K2-39 b,Confirmed,0.09,0.05,0.05,,,,0.56,0.15
K2-3 b,Confirmed,0.02039,0.00293,0.00311,,,,0.194,0.03
K2-3 c,Confirmed,0.00673,0.00327,0.0034,,,,0.165,0.024
K2-3 d,Confirmed,0.00881,,,,,,0.135,0.021
K2-400 b,Confirmed,0.00519,0.0025,0.0025,,,,0.10376,0.00437
K2-401 b,Confirmed,0.01834,0.01174,0.01174,,,,0.2018,0.01713
K2-402 b,Confirmed,0.0245,0.01491,0.01491,,,,0.23892,0.0174
K2-403 b,Confirmed,0.07838,0.05154,0.05154,,,,0.47578,0.03453
K2-404 b,Confirmed,0.02306,0.01277,0.01277,,,,0.2257,0.0074
K2-405 b,Confirmed,0.05862,0.0342,0.0342,,,,0.40762,0.01097
K2-406 Ab,Confirmed,0.06305,0.039,0.039,,,,0.41057,0.02605
K2-407 b,Confirmed,0.00664,0.00359,0.00359,,,,0.11446,0.00794
K2-407 c,Confirmed,0.00783,0.0044,0.0044,,,,0.1213,0.00785
K2-408 b,Confirmed,0.01224,0.00626,0.00626,,,,0.14961,0.00972
K2-409 b,Confirmed,0.02121,0.01277,0.01277,,,,0.22143,0.0141
K2-411 b,Confirmed,,,,,,,0.088305,0.0045
K2-412 b,Confirmed,,,,,,,0.18878,0.009
K2-413 b,Confirmed,,,,,,,0.067794,0.004425
K2-413 c,Confirmed,,,,,,,0.109975,0.00529
K2-414 b,Confirmed,,,,,,,0.10875,0.0062
K2-414 c,Confirmed,,,,,,,0.172068,0.0054
K2-415 b,Confirmed,0.009,0.0085,0.0085,,,,0.09055,0.00455
K2-416 b,Confirmed,0.023,0.0101,0.0192,,,,0.241,0.0152
K2-417 b,Confirmed,0.0299,0.0107,0.022,,,,0.2837,0.0125
K2-418 b,Confirmed,0.0327,0.005,0.005,,,,0.2079,0.008
K2-419 Ab,Confirmed,0.617,0.047,0.047,,,,0.941,0.034
K2-42 b,Confirmed,,,,,,,0.192,0.021
K2-43 b,Confirmed,,,,,,,0.402,0.017
K2-43 c,Confirmed,,,,,,,0.216,0.01
K2-44 b,Confirmed,0.0379,,,0.0378,,,0.245,0.021
K2-45 b,Confirmed,,,,,,,0.599,0.0
K2-46 b,Confirmed,,,,,,,0.183,0.021
K2-47 b,Confirmed,,,,,,,0.169,0.023
K2-48 b,Confirmed,,,,,,,0.2,0.021
K2-49 b,Confirmed,,,,,,,0.172,0.047
K2-4 b,Confirmed,,,,,,,0.187,0.017
K2-50 b,Confirmed,,,,,,,0.142,0.021
K2-50 c,Confirmed,,,,,,,0.089,0.01
K2-52 b,Confirmed,0.4046,,,,,,1.606,0.196
K2-53 b,Confirmed,0.0289,0.0079,0.0079,,,,0.232,0.009
K2-54 Bb,Confirmed,,,,,,,0.103,0.017
K2-55 b,Confirmed,0.138,0.0167,0.0167,,,,0.341,0.029
K2-57 b,Confirmed,,,,,,,0.187,0.022
K2-58 b,Confirmed,,,,,,,0.239,0.033
K2-58 c,Confirmed,,,,,,,0.145,0.021
K2-58 d,Confirmed,,,,,,,0.153,0.022
K2-59 b,Confirmed,,,,,,,0.215,0.028
K2-59 c,Confirmed,,,,,,,0.205,0.026
K2-5 b,Confirmed,,,,,,,0.17,0.039
K2-5 c,Confirmed,,,,,,,0.202,0.055
K2-60 b,Confirmed,0.426,0.037,0.037,,,,0.683,0.037
K2-61 b,Confirmed,,,,,,,0.221,0.07
K2-62 b,Confirmed,,,,,,,0.191,0.019
K2-62 c,Confirmed,,,,,,,0.191,0.02
K2-63 b,Confirmed,,,,,,,0.287,0.088
K2-63 c,Confirmed,,,,,,,0.348,0.107
K2-64 b,Confirmed,,,,,,,0.185,0.023
K2-65 b,Confirmed,,,,,,,0.141,0.034
K2-66 b,Confirmed,0.06702,0.01133,0.01133,,,,0.222,0.021
K2-68 b,Confirmed,,,,,,,0.141,0.021
K2-69 b,Confirmed,,,,,,,0.207,0.032
K2-6 b,Confirmed,,,,,,,0.223,0.079
K2-70 b,Confirmed,,,,,,,0.258,0.042
K2-71 b,Confirmed,,,,,,,0.192,0.029
K2-72 b,Confirmed,,,,,,,0.096,0.01
K2-72 c,Confirmed,,,,,,,0.103,0.012
K2-72 d,Confirmed,,,,,,,0.09,0.011
K2-72 e,Confirmed,,,,,,,0.115,0.012
K2-73 b,Confirmed,,,,,,,0.219,0.019
K2-74 b,Confirmed,,,,,,,0.206,0.017
K2-75 b,Confirmed,,,,,,,0.238,0.029
K2-75 c,Confirmed,,,,,,,0.247,0.034
K2-77 b,Confirmed,1.9,1.9,0.0,1.9,,,0.205,0.014
K2-79 b,Confirmed,0.0371,0.0113,0.0113,,,,0.3649,0.0107
K2-7 b,Confirmed,,,,,,,0.238,0.05
K2-80 b,Confirmed,,,,,,,0.179,0.027
K2-80 c,Confirmed,,,,,,,0.131,0.021
K2-80 d,Confirmed,,,,,,,0.228,0.012
K2-81 b,Confirmed,,,,,,,0.176,0.01
K2-83 b,Confirmed,,,,,,,0.111,0.009
K2-83 c,Confirmed,,,,,,,0.132,0.009
K2-84 b,Confirmed,,,,,,,0.215,0.031
K2-84 c,Confirmed,,,,,,,0.181,0.029
K2-85 b,Confirmed,,,,,,,0.09,0.011
K2-86 b,Confirmed,,,,,,,0.175,0.024
K2-87 b,Confirmed,0.1192,0.04,0.04,,,,0.678,0.036
K2-88 b,Confirmed,,,,,,,0.11,0.022
K2-89 b,Confirmed,,,,,,,0.055,0.007
K2-8 b,Confirmed,,,,,,,0.319,0.063
K2-8 c,Confirmed,,,,,,,0.215,0.029
K2-90 b,Confirmed,0.028,0.0079,0.0079,,,,0.232,0.009
K2-90 c,Confirmed,,,,,,,0.116,0.01
K2-91 b,Confirmed,,,,,,,0.098,0.016
K2-95 b,Confirmed,1.67,1.66,0.0,,,,0.346,0.156
K2-97 b,Confirmed,1.1,0.11,0.11,,,,0.947,0.085
K2-98 b,Confirmed,0.101,0.025,0.025,,,,0.464,0.017
K2-99 b,Confirmed,0.87,0.02,0.02,,,,1.046,0.037
K2-99 c,Confirmed,,0.2,0.2,8.4,0.2,0.2,,
K2-9 b,Confirmed,,,,,,,0.201,0.086
kappa CrB b,Confirmed,,,,1.6,,,,
KELT-10 b,Confirmed,0.679,0.039,0.039,0.679,0.039,0.039,1.399,0.049
KELT-11 Ab,Confirmed,0.195,0.019,0.019,,,,1.3,0.12
KELT-12 b,Confirmed,0.95,0.14,0.14,,,,1.79,0.17
KELT-15 Ab,Confirmed,0.92,0.23,0.23,0.91,0.22,0.22,1.443,0.057
KELT-16 Ab,Confirmed,2.75,0.15,0.16,2.74,0.15,0.15,1.415,0.067
KELT-17 b,Confirmed,1.31,0.29,0.29,,,,1.525,0.06
KELT-18 Ab,Confirmed,1.176,0.036,0.036,,,,1.568,0.029
KELT-19 Ab,Confirmed,4.07,4.06,0.0,,,,1.91,0.11
KELT-20 b,Confirmed,3.518,3.517,0.0,,,,1.83,0.07
KELT-21 Ab,Confirmed,3.88,0.05,0.05,,,,1.584,0.034
KELT-22 Ab,Confirmed,3.69,0.18,0.18,,,,1.2,0.06
KELT-23 Ab,Confirmed,0.937,0.04,0.04,,,,1.29,0.02
KELT-2 Ab,Confirmed,1.486,0.088,0.088,,,,1.306,0.067
KELT-3 Ab,Confirmed,1.47,0.07,0.07,,,,1.35,0.07
KELT-4 Ab,Confirmed,0.9,0.06,0.06,0.878,0.067,0.07,1.7,0.05
KELT-6 b,Confirmed,0.44,0.02,0.02,,,,1.13,0.1
KELT-6 c,Confirmed,,0.21,0.21,3.71,0.21,0.21,,
KELT-7 b,Confirmed,1.24,0.18,0.18,,,,1.293,0.06
KELT-8 b,Confirmed,0.874,0.067,0.068,0.867,0.065,0.065,1.86,0.18
KELT-9 Ab,Confirmed,2.88,0.35,0.35,,,,1.936,0.047
Kepler-1000 b,Confirmed,,,,,,,0.425,0.028
Kepler-1001 b,Confirmed,,,,,,,0.281,0.043
Kepler-1001 c,Confirmed,,,,,,,0.141,
Kepler-1002 Ab,Confirmed,,,,,,,0.1561,0.008
Kepler-1003 b,Confirmed,,,,,,,0.159,0.02
Kepler-1004 b,Confirmed,,,,,,,0.56,0.039
Kepler-1005 b,Confirmed,,,,,,,0.134,0.013
Kepler-1006 Ab,Confirmed,,,,,,,0.137,0.012
Kepler-1007 Ab,Confirmed,,,,,,,0.128,0.006
Kepler-1008 Ab,Confirmed,,,,,,,0.116,0.008
Kepler-1009 b,Confirmed,,,,,,,0.194,0.021
Kepler-100 b,Confirmed,0.023,0.01,0.01,0.0231,0.01,0.01,0.118,0.004
Kepler-100 c,Confirmed,0.02218,,,0.0027,0.013,0.013,0.196,0.004
Kepler-100 d,Confirmed,0.00944,,,0.0094,0.0094,0.0,0.144,0.004
Kepler-100 e,Confirmed,,0.01,0.01,0.076,0.01,0.01,,
Kepler-1010 b,Confirmed,,,,,,,0.207,0.016
Kepler-1011 b,Confirmed,,,,,,,0.256,0.039
Kepler-1012 b,Confirmed,,,,,,,0.115,0.005
Kepler-1013 b,Confirmed,,,,,,,0.192,0.018
Kepler-1014 b,Confirmed,,,,,,,0.213,0.022
Kepler-1015 b,Confirmed,,,,,,,0.317,0.059
Kepler-1016 b,Confirmed,,,,,,,0.194,0.025
Kepler-1016 c,Confirmed,,,,,,,0.328,0.033
Kepler-1017 b,Confirmed,,,,,,,0.178,0.011
Kepler-1018 b,Confirmed,,,,,,,0.23,0.017
Kepler-1019 Ab,Confirmed,,,,,,,0.1526,0.009
Kepler-101 b,Confirmed,0.16,0.01,0.02,,,,0.51,0.07
Kepler-101 c,Confirmed,0.01,,,,,,0.112,0.015
Kepler-1020 b,Confirmed,,,,,,,0.203,0.008
Kepler-1021 b,Confirmed,,,,,,,0.208,0.016
Kepler-1022 b,Confirmed,,,,,,,0.211,0.025
Kepler-1023 b,Confirmed,,,,,,,0.235,0.016
Kepler-1024 b,Confirmed,,,,,,,0.349,0.023
Kepler-1025 b,Confirmed,,,,,,,0.177,0.02
Kepler-1026 b,Confirmed,,,,,,,0.197,0.013
Kepler-1027 Ab,Confirmed,,,,,,,0.079,0.002
Kepler-1028 b,Confirmed,,,,,,,0.119,0.01
Kepler-1029 b,Confirmed,,,,,,,0.112,0.006
Kepler-102 b,Confirmed,0.01353,0.0135,0.0,,,,0.042,0.002
Kepler-102 c,Confirmed,0.00944,0.00944,0.0,0.009,0.00899,0.0,0.052,0.002
Kepler-102 d,Confirmed,0.012,0.006,0.006,,,,0.105,0.004
Kepler-102 e,Confirmed,0.028,0.006,0.006,,,,0.198,0.006
Kepler-102 f,Confirmed,0.01636,0.01636,0.0,,,,0.079,0.003
Kepler-1030 b,Confirmed,,,,,,,0.221,0.016
Kepler-1031 Ab,Confirmed,,,,,,,0.078,0.01
Kepler-1032 Ab,Confirmed,,,,,,,0.167,0.007
Kepler-1033 b,Confirmed,,,,,,,0.224,0.016
Kepler-1034 b,Confirmed,,,,,,,0.202,0.012
Kepler-1035 Ab,Confirmed,,,,,,,0.1231,0.008
Kepler-1036 b,Confirmed,,,,,,,0.269,0.047
Kepler-1037 b,Confirmed,,,,,,,0.114,0.006
Kepler-1038 b,Confirmed,,,,,,,0.315,0.035
Kepler-1038 c,Confirmed,,,,,,,0.12633,
Kepler-1039 b,Confirmed,,,,,,,0.13,0.02
Kepler-103 b,Confirmed,0.031,0.027,0.027,,,,0.301,0.008
Kepler-103 c,Confirmed,0.114,0.079,0.079,,,,0.459,0.012
Kepler-1040 Ab,Confirmed,,,,,,,0.2034,0.018
Kepler-1041 b,Confirmed,,,,,,,0.262,0.047
Kepler-1042 b,Confirmed,,,,,,,0.195,0.014
Kepler-1043 b,Confirmed,,,,,,,0.227,0.021
Kepler-1044 b,Confirmed,,,,,,,0.238,0.026
Kepler-1045 b,Confirmed,,,,,,,0.24,0.014
Kepler-1046 Ab,Confirmed,,,,,,,0.153,0.01
Kepler-1047 b,Confirmed,,,,,,,0.186,0.015
Kepler-1047 c,Confirmed,,,,,,,0.088,0.008
Kepler-1048 Ab,Confirmed,,,,,,,0.144,0.007
Kepler-1049 b,Confirmed,,,,,,,0.085,0.014
Kepler-104 Ab,Confirmed,0.031314,0.008848,0.008848,0.03129,0.00884,0.00884,0.2123,0.0054
Kepler-104 Ac,Confirmed,0.0224785,0.012249,0.012249,,,,0.2105,0.00687
Kepler-104 Ad,Confirmed,5.54,4.629,4.629,5.54,4.628,4.628,0.23508,0.01285
Kepler-1050 b,Confirmed,,,,,,,0.143,0.016
Kepler-1050 c,Confirmed,,,,,,,0.132,0.014
Kepler-1051 b,Confirmed,,,,,,,0.303,0.06
Kepler-1052 b,Confirmed,,,,,,,0.261,0.028
Kepler-1053 b,Confirmed,,,,,,,0.087,0.004
Kepler-1054 b,Confirmed,,,,,,,0.235,0.047
Kepler-1055 b,Confirmed,,,,,,,0.11,0.005
Kepler-1056 b,Confirmed,,,,,,,0.269,0.054
Kepler-1057 b,Confirmed,,,,,,,0.3,0.046
Kepler-1058 Ab,Confirmed,,,,,,,0.1882,0.017
Kepler-1059 b,Confirmed,,,,,,,0.154,0.013
Kepler-105 b,Confirmed,0.016,0.0129,0.0198,,,,0.429,0.136
Kepler-105 c,Confirmed,0.01447,0.00267,0.00289,,,,0.117,0.006
Kepler-1060 b,Confirmed,,,,,,,0.212,0.026
Kepler-1061 b,Confirmed,,,,,,,0.177,0.033
Kepler-1062 Ab,Confirmed,,,,,,,0.157,0.009
Kepler-1063 Ab,Confirmed,,,,,,,0.1856,0.0491
Kepler-1064 Ab,Confirmed,,,,,,,0.138,0.004
Kepler-1065 b,Confirmed,,,,,,,0.333,0.032
Kepler-1065 c,Confirmed,,,,,,,0.143,0.015
Kepler-1066 b,Confirmed,,,,,,,0.211,0.029
Kepler-1067 b,Confirmed,,,,,,,0.071,0.005
Kepler-1067 c,Confirmed,,,,,,,0.15584,
Kepler-1068 b,Confirmed,,,,,,,0.324,0.033
Kepler-1069 b,Confirmed,,,,,,,0.143,0.012
Kepler-106 b,Confirmed,0.01668,,,0.00047,0.0088,0.0088,0.073,0.01
Kepler-106 c,Confirmed,0.033,0.01,0.01,,,,0.223,0.029
Kepler-106 d,Confirmed,0.02549,,,,,,0.085,0.012
Kepler-106 e,Confirmed,0.035,0.018,0.018,0.03514,0.018,0.018,0.228,0.029
Kepler-1070 b,Confirmed,,,,,,,0.154,0.022
Kepler-1071 Ab,Confirmed,,,,,,,0.212,0.012
Kepler-1072 b,Confirmed,,,,,,,0.141,0.021
Kepler-1073 b,Confirmed,,,,,,,0.205,0.022
Kepler-1073 c,Confirmed,,,,,,,0.146,0.016
Kepler-1073 d,Confirmed,,,,,,,0.132725,
Kepler-1074 b,Confirmed,,,,,,,0.112,0.008
Kepler-1075 Ab,Confirmed,,,,,,,0.127,0.029
Kepler-1076 Ab,Confirmed,,,,,,,0.071,0.003
Kepler-1077 b,Confirmed,,,,,,,0.247,0.029
Kepler-1078 b,Confirmed,,,,,,,0.17,0.029
Kepler-1079 Ab,Confirmed,,,,,,,0.1579,0.0339
Kepler-107 b,Confirmed,0.01104,0.00478,0.00478,,,,0.137,0.002
Kepler-107 c,Confirmed,0.02954,0.00557,0.00557,,,,0.142,0.002
Kepler-107 d,Confirmed,0.01196,,,,,,0.077,0.005
Kepler-107 e,Confirmed,0.02706,0.01133,0.01133,,,,0.259,0.003
Kepler-1080 b,Confirmed,,,,,,,0.293,0.045
Kepler-1081 b,Confirmed,,,,,,,0.09,0.006
Kepler-1082 b,Confirmed,,,,,,,0.1,0.012
Kepler-1083 b,Confirmed,,,,,,,0.3,0.056
Kepler-1084 Ab,Confirmed,,,,,,,0.099,0.013
Kepler-1085 b,Confirmed,,,,,,,0.644,0.066
Kepler-1085 c,Confirmed,,,,,,,0.292,
Kepler-1086 Bb,Confirmed,,,,,,,0.1909,0.009
Kepler-1086 Bc,Confirmed,,,,,,,0.2569,0.0116
Kepler-1087 Ab,Confirmed,,,,,,,0.074,0.017
Kepler-1088 b,Confirmed,,,,,,,0.127,0.009
Kepler-1089 b,Confirmed,,,,,,,0.163,0.03
Kepler-108 Bb,Confirmed,,,,,,,0.732,0.0491
Kepler-108 Bc,Confirmed,,,,,,,0.6941,0.0464
Kepler-1090 Ab,Confirmed,,,,,,,0.201,0.015
Kepler-1090 Ac,Confirmed,,,,,,,0.29369,
Kepler-1091 b,Confirmed,,,,,,,0.13,0.017
Kepler-1092 b,Confirmed,,,,,,,0.185,0.021
Kepler-1093 b,Confirmed,,,,,,,0.174,0.022
Kepler-1093 c,Confirmed,,,,,,,0.175,0.024
Kepler-1094 b,Confirmed,,,,,,,0.284,0.041
Kepler-1095 b,Confirmed,,,,,,,0.108,0.011
Kepler-1096 b,Confirmed,,,,,,,0.111,0.007
Kepler-1097 b,Confirmed,,,,,,,0.291,0.023
Kepler-1098 b,Confirmed,,,,,,,0.116,0.012
Kepler-1099 b,Confirmed,,,,,,,0.252,0.045
Kepler-109 b,Confirmed,0.02297,0.02297,0.0,,,,0.211,0.006
Kepler-109 c,Confirmed,0.06859,0.06859,0.0,,,,0.225,0.006
Kepler-10 b,Confirmed,0.01019,0.00101,0.00101,,,,0.1311,0.0018
Kepler-10 c,Confirmed,0.03552,0.0038,0.0038,,,,0.2101,0.00196
Kepler-10 d,Confirmed,,0.00676,0.00676,0.038,0.00676,0.00676,,
Kepler-1100 b,Confirmed,,,,,,,0.156,0.026
Kepler-1101 b,Confirmed,,,,,,,0.22,0.019
Kepler-1102 b,Confirmed,,,,,,,0.237,0.021
Kepler-1103 b,Confirmed,,,,,,,0.203,0.024
Kepler-1104 b,Confirmed,,,,,,,0.11,0.009
Kepler-1105 b,Confirmed,,,,,,,0.179,0.022
Kepler-1106 b,Confirmed,,,,,,,0.147,0.021
Kepler-1107 b,Confirmed,,,,,,,0.12,0.007
Kepler-1108 b,Confirmed,,,,,,,0.13,0.01
Kepler-1109 b,Confirmed,,,,,,,0.195,0.021
Kepler-110 b,Confirmed,,,,,,,0.163,0.032
Kepler-110 c,Confirmed,,,,,,,0.197,0.039
Kepler-1110 b,Confirmed,,,,,,,0.237,0.023
Kepler-1111 b,Confirmed,,,,,,,0.178,0.023
Kepler-1112 b,Confirmed,,,,,,,0.269,0.046
Kepler-1113 b,Confirmed,,,,,,,0.251,0.032
Kepler-1114 b,Confirmed,,,,,,,0.12,0.006
Kepler-1115 b,Confirmed,,,,,,,0.152,0.018
Kepler-1116 b,Confirmed,,,,,,,0.227,0.02
Kepler-1117 Ab,Confirmed,,,,,,,0.099,0.007
Kepler-1118 b,Confirmed,,,,,,,0.244,0.038
Kepler-1119 b,Confirmed,,,,,,,0.171,0.027
Kepler-111 b,Confirmed,,,,,,,0.141,0.018
Kepler-111 c,Confirmed,,,,,,,0.651,0.081
Kepler-1120 b,Confirmed,,,,,,,0.123,0.006
Kepler-1121 b,Confirmed,,,,,,,0.17,0.041
Kepler-1122 b,Confirmed,,,,,,,0.182,0.012
Kepler-1123 b,Confirmed,,,,,,,0.149,0.01
Kepler-1124 b,Confirmed,,,,,,,0.114,0.006
Kepler-1125 b,Confirmed,,,,,,,0.164,0.016
Kepler-1126 b,Confirmed,,,,,,,0.154,0.012
Kepler-1126 c,Confirmed,,,,,,,0.15006,
Kepler-1127 b,Confirmed,,,,,,,0.175,0.037
Kepler-1128 b,Confirmed,,,,,,,0.326,0.03
Kepler-1129 b,Confirmed,,,,,,,0.264,0.029
Kepler-1129 c,Confirmed,,,,,,,0.244,0.024
Kepler-112 b,Confirmed,,,,,,,0.211,0.051
Kepler-112 c,Confirmed,,,,,,,0.214,0.052
Kepler-1130 Ab,Confirmed,,,,,,,0.07565,0.009
Kepler-1130 Ac,Confirmed,,,,,,,0.05745,0.0027
Kepler-1130 Ad,Confirmed,,,,,,,0.05701,0.000259
Kepler-1131 b,Confirmed,,,,,,,0.142,0.013
Kepler-1132 b,Confirmed,,,,,,,0.21,0.015
Kepler-1133 b,Confirmed,,,,,,,0.176,0.013
Kepler-1134 b,Confirmed,,,,,,,0.236,0.023
Kepler-1135 b,Confirmed,,,,,,,0.165,0.014
Kepler-1136 b,Confirmed,,,,,,,0.146,0.008
Kepler-1137 b,Confirmed,,,,,,,0.196,0.036
Kepler-1138 b,Confirmed,,,,,,,0.152,0.012
Kepler-1139 b,Confirmed,,,,,,,0.106,0.007
Kepler-113 b,Confirmed,0.037,0.013,0.013,,,,0.162,0.004
Kepler-113 c,Confirmed,0.02737,,,0.027,0.027,0.0,0.194,0.005
Kepler-1140 b,Confirmed,,,,,,,0.247,0.033
Kepler-1141 b,Confirmed,,,,,,,0.073,0.007
Kepler-1142 b,Confirmed,,,,,,,0.131,0.016
Kepler-1143 b,Confirmed,,,,,,,0.149,0.01
Kepler-1143 c,Confirmed,,,,,,,0.321,0.031
Kepler-1144 b,Confirmed,,,,,,,0.178,0.014
Kepler-1145 b,Confirmed,,,,,,,0.125,0.01
Kepler-1146 b,Confirmed,,,,,,,0.11,0.007
Kepler-1147 b,Confirmed,,,,,,,0.233,0.045
Kepler-1148 b,Confirmed,,,,,,,0.151,0.008
Kepler-1149 Ab,Confirmed,,,,,,,0.128,0.015
Kepler-114 b,Confirmed,0.022,0.01,0.01,,,,0.112,0.012
Kepler-114 c,Confirmed,0.009,0.002,0.002,,,,0.143,0.016
Kepler-114 d,Confirmed,0.012,0.005,0.005,,,,0.226,0.007
Kepler-1150 Bb,Confirmed,,,,,,,0.2079,0.1187
Kepler-1151 b,Confirmed,,,,,,,0.198,0.015
Kepler-1152 b,Confirmed,,,,,,,0.078,0.005
Kepler-1153 b,Confirmed,,,,,,,0.154,0.01
Kepler-1154 b,Confirmed,,,,,,,0.209,0.044
Kepler-1154 c,Confirmed,,,,,,,0.211,0.044
Kepler-1155 b,Confirmed,,,,,,,0.181,0.018
Kepler-1156 b,Confirmed,,,,,,,0.118,0.008
Kepler-1157 Ab,Confirmed,,,,,,,0.0705,0.0062
Kepler-1158 b,Confirmed,,,,,,,0.209,0.041
Kepler-1159 b,Confirmed,,,,,,,0.211,0.033
Kepler-115 b,Confirmed,,,,,,,0.097,0.019
Kepler-115 c,Confirmed,,,,,,,0.232,0.045
Kepler-1160 b,Confirmed,,,,,,,0.191,0.012
Kepler-1161 b,Confirmed,,,,,,,0.19,0.012
Kepler-1162 b,Confirmed,,,,,,,0.197,0.019
Kepler-1163 b,Confirmed,,,,,,,0.092,0.01
Kepler-1164 b,Confirmed,,,,,,,0.1,0.006
Kepler-1165 b,Confirmed,,,,,,,0.138,0.017
Kepler-1165 c,Confirmed,,,,,,,0.2998,
Kepler-1166 b,Confirmed,,,,,,,0.151,0.012
Kepler-1167 b,Confirmed,,,,,,,0.153,0.011
Kepler-1168 b,Confirmed,,,,,,,0.223,0.012
Kepler-1169 b,Confirmed,,,,,,,0.084,0.005
Kepler-116 b,Confirmed,,,,,,,0.305,0.058
Kepler-116 c,Confirmed,,,,,,,0.205,0.039
Kepler-1170 b,Confirmed,,,,,,,0.215,0.015
Kepler-1171 b,Confirmed,,,,,,,0.228,0.045
Kepler-1172 b,Confirmed,,,,,,,0.285,0.025
Kepler-1173 b,Confirmed,,,,,,,0.079,0.006
Kepler-1174 b,Confirmed,,,,,,,0.142,0.014
Kepler-1175 b,Confirmed,,,,,,,0.267,0.021
Kepler-1176 b,Confirmed,,,,,,,0.219,0.029
Kepler-1177 b,Confirmed,,,,,,,0.17,0.011
Kepler-1178 Ab,Confirmed,,,,,,,0.0562,0.0036
Kepler-1179 b,Confirmed,,,,,,,0.118,0.007
Kepler-117 b,Confirmed,0.094,0.033,0.033,,,,0.719,0.024
Kepler-117 c,Confirmed,1.84,0.18,0.18,,,,1.101,0.035
Kepler-1180 b,Confirmed,,,,,,,0.178,0.024
Kepler-1181 b,Confirmed,,,,,,,0.14,0.023
Kepler-1182 b,Confirmed,,,,,,,0.215,0.045
Kepler-1183 b,Confirmed,,,,,,,0.252,0.027
Kepler-1184 b,Confirmed,,,,,,,0.239,0.027
Kepler-1185 b,Confirmed,,,,,,,0.119,0.004
Kepler-1186 b,Confirmed,,,,,,,0.199,0.02
Kepler-1187 b,Confirmed,,,,,,,0.233,0.025
Kepler-1188 b,Confirmed,,,,,,,0.186,0.02
Kepler-1189 b,Confirmed,,,,,,,0.158,0.043
Kepler-118 b,Confirmed,,,,,,,0.175,0.084
Kepler-118 c,Confirmed,,,,,,,0.685,0.306
Kepler-1190 b,Confirmed,,,,,,,0.119,0.01
Kepler-1191 b,Confirmed,,,,,,,0.135,0.01
Kepler-1192 b,Confirmed,,,,,,,0.211,0.02
Kepler-1193 b,Confirmed,,,,,,,0.118,0.015
Kepler-1194 Ab,Confirmed,,,,,,,0.135,0.008
Kepler-1195 b,Confirmed,,,,,,,0.186,0.015
Kepler-1196 b,Confirmed,,,,,,,0.199,0.019
Kepler-1197 Ab,Confirmed,,,,,,,0.0999,0.0027
Kepler-1198 b,Confirmed,,,,,,,0.131,0.009
Kepler-1199 Ab,Confirmed,,,,,,,0.103,0.014
Kepler-119 b,Confirmed,,,,,,,0.321,0.122
Kepler-119 c,Confirmed,,,,,,,0.082,0.031
Kepler-11 b,Confirmed,0.006,0.003,0.004,,,,0.161,0.004
Kepler-11 c,Confirmed,0.009,0.005,0.009,,,,0.256,0.005
Kepler-11 d,Confirmed,0.023,0.005,0.003,,,,0.278,0.006
Kepler-11 e,Confirmed,0.025,0.007,0.005,,,,0.374,0.008
Kepler-11 f,Confirmed,0.006,0.003,0.003,,,,0.222,0.006
Kepler-11 g,Confirmed,0.079,,,,,,0.297,0.007
Kepler-1200 b,Confirmed,,,,,,,0.095,0.007
Kepler-1201 b,Confirmed,,,,,,,0.204,0.038
Kepler-1202 Ab,Confirmed,,,,,,,0.262,0.028
Kepler-1203 b,Confirmed,,,,,,,0.095,0.004
Kepler-1204 b,Confirmed,,,,,,,0.272,0.027
Kepler-1205 b,Confirmed,,,,,,,0.126,0.008
Kepler-1206 b,Confirmed,,,,,,,0.146,0.007
Kepler-1207 b,Confirmed,,,,,,,0.145,0.016
Kepler-1208 b,Confirmed,,,,,,,0.207,0.012
Kepler-1209 b,Confirmed,,,,,,,0.135,0.016
Kepler-120 b,Confirmed,,,,,,,0.192,0.015
Kepler-120 c,Confirmed,,,,,,,0.136,0.008
Kepler-1210 b,Confirmed,,,,,,,0.152,0.012
Kepler-1211 b,Confirmed,,,,,,,0.227,0.037
Kepler-1212 b,Confirmed,,,,,,,0.191,0.024
Kepler-1213 b,Confirmed,,,,,,,0.106,0.009
Kepler-1214 Ab,Confirmed,,,,,,,0.211,0.01
Kepler-1215 b,Confirmed,,,,,,,0.109,0.011
Kepler-1216 b,Confirmed,,,,,,,0.124,0.01
Kepler-1217 b,Confirmed,,,,,,,0.178,0.017
Kepler-1218 b,Confirmed,,,,,,,0.128,0.012
Kepler-1219 b,Confirmed,,,,,,,0.189,0.04
Kepler-121 b,Confirmed,,,,,,,0.209,0.113
Kepler-121 c,Confirmed,,,,,,,0.203,0.112
Kepler-1220 Ab,Confirmed,,,,,,,0.136,0.017
Kepler-1221 Ab,Confirmed,,,,,,,0.168,0.014
Kepler-1222 b,Confirmed,,,,,,,0.07,0.005
Kepler-1223 b,Confirmed,,,,,,,0.109,0.007
Kepler-1224 b,Confirmed,,,,,,,0.119,0.007
Kepler-1225 b,Confirmed,,,,,,,0.162,0.021
Kepler-1226 Ab,Confirmed,,,,,,,0.129,0.013
Kepler-1227 Ab,Confirmed,,,,,,,0.204,0.021
Kepler-1228 b,Confirmed,,,,,,,0.137,0.012
Kepler-1229 Ab,Confirmed,,,,,,,0.1195,0.0125
Kepler-122 b,Confirmed,,,,,,,0.209,0.041
Kepler-122 c,Confirmed,,,,,,,0.524,0.103
Kepler-122 d,Confirmed,,,,,,,0.196,0.039
Kepler-122 e,Confirmed,,,,,,,0.232,0.048
Kepler-122 f,Confirmed,0.113,0.051,0.061,,,,0.156,0.014
Kepler-1230 b,Confirmed,,,,,,,0.242,0.026
Kepler-1231 b,Confirmed,,,,,,,0.127,0.011
Kepler-1232 b,Confirmed,,,,,,,0.172,0.014
Kepler-1233 b,Confirmed,,,,,,,0.232,0.035
Kepler-1234 b,Confirmed,,,,,,,0.251,0.072
Kepler-1235 b,Confirmed,,,,,,,0.07,0.005
Kepler-1236 b,Confirmed,,,,,,,0.191,0.02
Kepler-1237 b,Confirmed,,,,,,,0.255,0.019
Kepler-1238 b,Confirmed,,,,,,,0.172,0.037
Kepler-1239 b,Confirmed,,,,,,,0.259,0.028
Kepler-123 b,Confirmed,,,,,,,0.262,0.051
Kepler-123 c,Confirmed,,,,,,,0.132,0.027
Kepler-1240 Ab,Confirmed,,,,,,,0.103,0.009
Kepler-1241 b,Confirmed,,,,,,,0.235,0.021
Kepler-1242 b,Confirmed,,,,,,,0.202,0.012
Kepler-1243 b,Confirmed,,,,,,,0.156,0.015
Kepler-1244 b,Confirmed,,,,,,,0.12,0.022
Kepler-1245 b,Confirmed,,,,,,,0.128,0.009
Kepler-1245 c,Confirmed,,,,,,,0.128,0.007
Kepler-1246 Ab,Confirmed,,,,,,,0.121,0.02
Kepler-1247 b,Confirmed,,,,,,,0.208,0.014
Kepler-1248 Ab,Confirmed,,,,,,,0.0928,0.0054
Kepler-1249 b,Confirmed,,,,,,,0.212,0.034
Kepler-124 b,Confirmed,,,,,,,0.065,0.004
Kepler-124 c,Confirmed,,,,,,,0.156,0.008
Kepler-124 d,Confirmed,,,,,,,0.099,0.006
Kepler-1250 b,Confirmed,,,,,,,0.171,0.015
Kepler-1251 Ab,Confirmed,,,,,,,0.164,0.012
Kepler-1252 b,Confirmed,,,,,,,0.149,0.021
Kepler-1253 b,Confirmed,,,,,,,0.119,0.016
Kepler-1254 b,Confirmed,,,,,,,0.138,0.011
Kepler-1254 c,Confirmed,,,,,,,0.116,0.011
Kepler-1254 d,Confirmed,,,,,,,0.117,0.01
Kepler-1255 b,Confirmed,,,,,,,0.207,0.026
Kepler-1256 b,Confirmed,,,,,,,0.133,0.02
Kepler-1257 b,Confirmed,,,,,,,0.136,0.011
Kepler-1258 b,Confirmed,,,,,,,0.077,0.007
Kepler-1259 b,Confirmed,,,,,,,0.128,0.009
Kepler-125 b,Confirmed,,,,,,,0.211,0.009
Kepler-125 c,Confirmed,,,,,,,0.066,0.004
Kepler-1260 b,Confirmed,,,,,,,0.158,0.025
Kepler-1261 b,Confirmed,,,,,,,0.202,0.012
Kepler-1262 b,Confirmed,,,,,,,0.162,0.015
Kepler-1263 b,Confirmed,,,,,,,0.102,0.011
Kepler-1264 Ab,Confirmed,,,,,,,0.105,0.011
Kepler-1265 Ab,Confirmed,,,,,,,0.1561,0.0152
Kepler-1266 b,Confirmed,,,,,,,0.23,0.041
Kepler-1266 c,Confirmed,,,,,,,0.1499,
Kepler-1267 b,Confirmed,,,,,,,0.269,0.04
Kepler-1268 b,Confirmed,,,,,,,0.181,0.021
Kepler-1269 b,Confirmed,,,,,,,0.145,0.016
Kepler-126 b,Confirmed,,,,,,,0.136,0.009
Kepler-126 c,Confirmed,,,,,,,0.141,0.012
Kepler-126 d,Confirmed,,,,,,,0.223,0.004
Kepler-1270 b,Confirmed,,,,,,,0.296,0.058
Kepler-1271 b,Confirmed,,,,,,,0.132,0.014
Kepler-1272 b,Confirmed,,,,,,,0.211,0.029
Kepler-1273 b,Confirmed,,,,,,,0.222,0.017
Kepler-1274 b,Confirmed,,,,,,,0.127,0.009
Kepler-1275 b,Confirmed,,,,,,,0.132,0.024
Kepler-1276 b,Confirmed,,,,,,,0.106,0.01
Kepler-1277 b,Confirmed,,,,,,,0.143,0.01
Kepler-1278 b,Confirmed,,,,,,,0.09,0.011
Kepler-1279 b,Confirmed,,,,,,,0.156,0.024
Kepler-127 b,Confirmed,,,,,,,0.125,0.004
Kepler-127 c,Confirmed,,,,,,,0.237,0.012
Kepler-127 d,Confirmed,,,,,,,0.236,0.012
Kepler-1280 b,Confirmed,,,,,,,0.167,0.026
Kepler-1281 Ab,Confirmed,,,,,,,0.146,0.012
Kepler-1282 b,Confirmed,,,,,,,0.138,0.01
Kepler-1283 b,Confirmed,,,,,,,0.17,0.028
Kepler-1284 b,Confirmed,,,,,,,0.108,0.006
Kepler-1285 b,Confirmed,,,,,,,0.087,0.007
Kepler-1286 b,Confirmed,,,,,,,0.192,0.016
Kepler-1287 b,Confirmed,,,,,,,0.137,0.012
Kepler-1288 b,Confirmed,,,,,,,0.1,0.014
Kepler-1289 b,Confirmed,,,,,,,0.136,0.021
Kepler-128 b,Confirmed,0.00242,0.00079,0.00151,,,,0.128,0.008
Kepler-128 c,Confirmed,0.00283,0.00091,0.00182,,,,0.12,0.007
Kepler-1290 b,Confirmed,,,,,,,0.127,0.012
Kepler-1291 b,Confirmed,,,,,,,0.148,0.016
Kepler-1292 b,Confirmed,,,,,,,0.162,0.012
Kepler-1293 b,Confirmed,,,,,,,0.087,0.013
Kepler-1294 b,Confirmed,,,,,,,0.285,0.028
Kepler-1295 b,Confirmed,,,,,,,0.138,0.011
Kepler-1296 b,Confirmed,,,,,,,0.081,0.005
Kepler-1297 b,Confirmed,,,,,,,0.087,0.008
Kepler-1298 b,Confirmed,,,,,,,0.117,0.021
Kepler-1299 b,Confirmed,,,,,,,0.266,0.037
Kepler-129 b,Confirmed,,,,,,,0.211,0.019
Kepler-129 c,Confirmed,,,,,,,0.227,0.009
Kepler-129 d,Confirmed,,0.1353,0.1353,6.338,0.1353,0.1353,,
Kepler-12 b,Confirmed,0.432,0.051,0.053,,,,1.754,0.036
Kepler-1300 b,Confirmed,,,,,,,0.122,0.028
Kepler-1301 b,Confirmed,,,,,,,0.125,0.007
Kepler-1302 b,Confirmed,,,,,,,0.128,0.008
Kepler-1303 b,Confirmed,,,,,,,0.127,0.012
Kepler-1304 b,Confirmed,,,,,,,0.204,0.047
Kepler-1305 b,Confirmed,,,,,,,0.168,0.017
Kepler-1306 b,Confirmed,,,,,,,0.17,0.016
Kepler-1307 b,Confirmed,,,,,,,0.22,0.024
Kepler-1308 b,Confirmed,,,,,,,0.046,0.004
Kepler-1309 Ab,Confirmed,,,,,,,0.211,0.018
Kepler-130 Ab,Confirmed,,,,,,,0.0928,0.00321
Kepler-130 Ac,Confirmed,,,,,,,0.25667,0.00642
Kepler-130 Ad,Confirmed,,,,,,,0.12303,0.00705
Kepler-1310 b,Confirmed,,,,,,,0.128,0.011
Kepler-1311 b,Confirmed,,,,,,,0.111,0.023
Kepler-1311 c,Confirmed,,,,,,,0.109,0.021
Kepler-1311 d,Confirmed,,,,,,,0.8616,
Kepler-1312 b,Confirmed,,,,,,,0.187,0.006
Kepler-1312 c,Confirmed,,,,,,,0.09162,
Kepler-1313 b,Confirmed,,,,,,,0.157,0.007
Kepler-1314 b,Confirmed,,,,,,,0.456,0.017
Kepler-1315 b,Confirmed,,,,,,,0.123,0.005
Kepler-1315 c,Confirmed,,,,,,,0.16451,
Kepler-1316 b,Confirmed,,,,,,,0.316,0.034
Kepler-1317 b,Confirmed,,,,,,,0.139,0.007
Kepler-1318 b,Confirmed,,,,,,,0.277,0.013
Kepler-1319 Ab,Confirmed,,,,,,,0.1106,0.018
Kepler-131 b,Confirmed,0.051,0.011,0.011,0.05075,0.011,0.011,0.215,0.018
Kepler-131 c,Confirmed,0.026,0.019,0.019,0.026,0.019,0.019,0.075,0.006
Kepler-1320 b,Confirmed,,,,,,,0.152,0.01
Kepler-1321 b,Confirmed,,,,,,,0.439,0.054
Kepler-1321 c,Confirmed,,,,,,,0.214,0.016
Kepler-1321 d,Confirmed,,,,,,,0.23446,
Kepler-1322 b,Confirmed,,,,,,,0.144,0.012
Kepler-1322 c,Confirmed,,,,,,,0.192249,
Kepler-1323 b,Confirmed,,,,,,,0.136,0.021
Kepler-1324 b,Confirmed,,,,,,,0.135,0.008
Kepler-1325 b,Confirmed,,,,,,,0.255,0.042
Kepler-1326 b,Confirmed,,,,,,,0.373,0.068
Kepler-1327 b,Confirmed,,,,,,,0.161,0.018
Kepler-1328 b,Confirmed,,,,,,,0.087,0.008
Kepler-1329 b,Confirmed,,,,,,,0.194,0.014
Kepler-132 Ab,Confirmed,,,,,,,0.1088,0.017
Kepler-132 Ac,Confirmed,,,,,,,0.125,0.0196
Kepler-132 Ad,Confirmed,,,,,,,0.1722,0.0277
Kepler-132 Ae,Confirmed,,,,,,,0.1258,0.0205
Kepler-1330 b,Confirmed,,,,,,,0.147,0.012
Kepler-1331 b,Confirmed,,,,,,,0.094,0.007
Kepler-1332 b,Confirmed,,,,,,,0.122,0.004
Kepler-1333 Ab,Confirmed,,,,,,,0.251,0.022
Kepler-1334 b,Confirmed,,,,,,,0.204,0.016
Kepler-1335 b,Confirmed,,,,,,,0.129,0.008
Kepler-1336 b,Confirmed,,,,,,,0.177,0.036
Kepler-1336 c,Confirmed,,,,,,,0.153,0.031
Kepler-1337 b,Confirmed,,,,,,,0.215,0.039
Kepler-1338 b,Confirmed,,,,,,,0.082,0.009
Kepler-1339 Ab,Confirmed,,,,,,,0.063,0.004
Kepler-133 b,Confirmed,,,,,,,0.157,0.027
Kepler-133 c,Confirmed,,,,,,,0.253,0.043
Kepler-1340 b,Confirmed,,,,,,,0.138,0.024
Kepler-1341 Ab,Confirmed,,,,,,,0.2239,0.0187
Kepler-1342 b,Confirmed,,,,,,,0.148,0.012
Kepler-1343 b,Confirmed,,,,,,,0.172,0.017
Kepler-1344 b,Confirmed,,,,,,,0.164,0.018
Kepler-1345 b,Confirmed,,,,,,,0.211,0.041
Kepler-1346 b,Confirmed,,,,,,,0.141,0.019
Kepler-1347 Ab,Confirmed,,,,,,,0.092,0.004
Kepler-1348 b,Confirmed,,,,,,,0.173,0.021
Kepler-1349 b,Confirmed,,,,,,,0.062,0.01
Kepler-134 b,Confirmed,,,,,,,0.178,0.035
Kepler-134 c,Confirmed,,,,,,,0.112,0.022
Kepler-1350 b,Confirmed,,,,,,,0.225,0.022
Kepler-1350 c,Confirmed,,,,,,,0.154,0.016
Kepler-1351 b,Confirmed,,,,,,,0.058,0.004
Kepler-1352 b,Confirmed,,,,,,,0.079,0.01
Kepler-1353 b,Confirmed,,,,,,,0.161,0.012
Kepler-1354 b,Confirmed,,,,,,,0.265,0.045
Kepler-1355 b,Confirmed,,,,,,,0.13,0.009
Kepler-1356 b,Confirmed,,,,,,,0.136,0.009
Kepler-1357 b,Confirmed,,,,,,,0.114,0.01
Kepler-1358 b,Confirmed,,,,,,,0.1,0.009
Kepler-1359 b,Confirmed,,,,,,,0.252,0.029
Kepler-135 b,Confirmed,,,,,,,0.161,0.031
Kepler-135 c,Confirmed,,,,,,,0.103,0.021
Kepler-1360 b,Confirmed,,,,,,,0.303,0.068
Kepler-1361 b,Confirmed,,,,,,,0.077,0.011
Kepler-1362 b,Confirmed,,,,,,,0.232,0.017
Kepler-1363 b,Confirmed,,,,,,,0.112,0.007
Kepler-1364 Ab,Confirmed,,,,,,,0.2569,0.0723
Kepler-1365 b,Confirmed,,,,,,,0.082,0.009
Kepler-1365 c,Confirmed,,,,,,,0.071,0.007
Kepler-1366 b,Confirmed,,,,,,,0.128,0.009
Kepler-1367 b,Confirmed,,,,,,,0.082,0.007
Kepler-1368 b,Confirmed,,,,,,,0.147,0.015
Kepler-1369 b,Confirmed,,,,,,,0.24,0.022
Kepler-136 Ab,Confirmed,,,,,,,0.1838,0.0241
Kepler-136 Ac,Confirmed,,,,,,,0.1731,0.0232
Kepler-1370 b,Confirmed,,,,,,,0.164,0.023
Kepler-1370 c,Confirmed,,,,,,,0.113,0.016
Kepler-1371 Ab,Confirmed,,,,,,,0.065,0.004
Kepler-1371 Ac,Confirmed,,,,,,,0.057,0.004
Kepler-1372 b,Confirmed,,,,,,,0.113,0.012
Kepler-1373 b,Confirmed,,,,,,,0.103,0.017
Kepler-1374 b,Confirmed,,,,,,,0.204,0.016
Kepler-1375 b,Confirmed,,,,,,,0.155,0.03
Kepler-1376 b,Confirmed,,,,,,,0.094,0.008
Kepler-1377 b,Confirmed,,,,,,,0.112,0.007
Kepler-1378 b,Confirmed,,,,,,,0.196,0.012
Kepler-1379 b,Confirmed,,,,,,,0.116,0.008
Kepler-137 b,Confirmed,,,,,,,0.131,0.01
Kepler-137 c,Confirmed,,,,,,,0.168,0.012
Kepler-1380 b,Confirmed,,,,,,,0.128,0.01
Kepler-1381 b,Confirmed,,,,,,,0.201,0.017
Kepler-1382 Ab,Confirmed,,,,,,,0.168,0.03
Kepler-1383 b,Confirmed,,,,,,,0.126,0.026
Kepler-1384 b,Confirmed,,,,,,,0.173,0.018
Kepler-1385 b,Confirmed,,,,,,,0.076,0.012
Kepler-1386 b,Confirmed,,,,,,,0.111,0.012
Kepler-1387 b,Confirmed,,,,,,,0.083,0.008
Kepler-1388 Ab,Confirmed,,,,,,,0.231,0.012
Kepler-1388 Ac,Confirmed,,,,,,,0.202,0.01
Kepler-1388 Ad,Confirmed,,,,,,,0.255,0.017
Kepler-1388 Ae,Confirmed,,,,,,,0.219,0.013
Kepler-1389 b,Confirmed,,,,,,,0.158,0.012
Kepler-138 b,Confirmed,0.00021,0.00012,0.00019,,,,0.047,0.003
Kepler-138 c,Confirmed,0.0062,0.00352,0.00602,,,,0.107,0.006
Kepler-138 d,Confirmed,0.00201,0.00122,0.00212,0.00318,0.00107,0.00132,0.108,0.007
Kepler-138 e,Confirmed,0.00135,0.0003,0.00066,,,,,
Kepler-1390 b,Confirmed,,,,,,,0.105,0.012
Kepler-1391 b,Confirmed,,,,,,,0.15,0.016
Kepler-1392 b,Confirmed,,,,,,,0.175,0.014
Kepler-1393 b,Confirmed,,,,,,,0.071,0.007
Kepler-1394 b,Confirmed,,,,,,,0.124,0.02
Kepler-1395 b,Confirmed,,,,,,,0.071,0.005
Kepler-1396 b,Confirmed,,,,,,,0.185,0.033
Kepler-1397 b,Confirmed,,,,,,,0.153,0.012
Kepler-1398 b,Confirmed,,,,,,,0.08,0.011
Kepler-1398 c,Confirmed,,,,,,,0.092,0.013
Kepler-1399 b,Confirmed,,,,,,,0.112,0.01
Kepler-139 b,Confirmed,,,,,,,0.262,0.051
Kepler-139 c,Confirmed,,,,,,,0.302,0.062
Kepler-139 d,Confirmed,0.01466,0.006,0.006,,,,1.695,0.06
Kepler-139 e,Confirmed,,0.13,0.13,1.34,0.13,0.13,,
Kepler-139 f,Confirmed,0.113,0.031,0.031,,,,,
Kepler-13 Ab,Confirmed,9.28,0.16,0.16,,,,1.512,0.035
Kepler-1400 b,Confirmed,,,,,,,0.145,0.01
Kepler-1401 Ab,Confirmed,,,,,,,0.15,0.016
Kepler-1402 b,Confirmed,,,,,,,0.068,0.006
Kepler-1403 b,Confirmed,,,,,,,0.191,0.023
Kepler-1404 Ab,Confirmed,,,,,,,0.179,0.019
Kepler-1405 b,Confirmed,,,,,,,0.353,0.04
Kepler-1406 b,Confirmed,,,,,,,0.098,0.012
Kepler-1407 b,Confirmed,,,,,,,0.201,0.029
Kepler-1408 b,Confirmed,,,,,,,0.079,0.013
Kepler-1409 b,Confirmed,,,,,,,0.093,0.006
Kepler-140 Ab,Confirmed,,,,,,,0.1231,0.0107
Kepler-140 Ac,Confirmed,,,,,,,0.1401,0.0125
Kepler-1410 Ab,Confirmed,,,,,,,0.159,0.012
Kepler-1411 b,Confirmed,,,,,,,0.252,0.021
Kepler-1412 b,Confirmed,,,,,,,0.074,0.012
Kepler-1413 b,Confirmed,,,,,,,0.162,0.013
Kepler-1414 b,Confirmed,,,,,,,0.11,0.007
Kepler-1415 b,Confirmed,,,,,,,0.115,0.007
Kepler-1416 b,Confirmed,,,,,,,0.079,0.012
Kepler-1417 b,Confirmed,,,,,,,0.089,0.01
Kepler-1418 Ab,Confirmed,,,,,,,0.148,0.012
Kepler-1419 b,Confirmed,,,,,,,0.255,0.026
Kepler-141 b,Confirmed,,,,,,,0.062,0.004
Kepler-141 c,Confirmed,,,,,,,0.126,0.008
Kepler-1420 b,Confirmed,,,,,,,0.114,0.011
Kepler-1421 b,Confirmed,,,,,,,0.083,0.01
Kepler-1422 b,Confirmed,,,,,,,0.18,0.024
Kepler-1423 b,Confirmed,,,,,,,0.095,0.006
Kepler-1424 Ab,Confirmed,,,,,,,0.103,0.011
Kepler-1425 b,Confirmed,,,,,,,0.084,0.012
Kepler-1426 Ab,Confirmed,,,,,,,0.139,0.015
Kepler-1427 Ab,Confirmed,,,,,,,0.098,0.011
Kepler-1428 b,Confirmed,,,,,,,0.146,0.009
Kepler-1429 b,Confirmed,,,,,,,0.115,0.012
Kepler-142 b,Confirmed,,,,,,,0.178,0.035
Kepler-142 c,Confirmed,,,,,,,0.255,0.049
Kepler-142 d,Confirmed,,,,,,,0.193,0.042
Kepler-1430 b,Confirmed,,,,,,,0.105,0.007
Kepler-1431 b,Confirmed,,,,,,,0.131,0.014
Kepler-1432 b,Confirmed,,,,,,,0.198,0.027
Kepler-1433 Ab,Confirmed,,,,,,,0.139,0.016
Kepler-1434 b,Confirmed,,,,,,,0.099,0.018
Kepler-1435 b,Confirmed,,,,,,,0.077,0.008
Kepler-1436 b,Confirmed,,,,,,,0.117,0.016
Kepler-1437 b,Confirmed,,,,,,,0.122,0.012
Kepler-1438 Ab,Confirmed,,,,,,,0.084,0.009
Kepler-1439 b,Confirmed,,,,,,,0.13,0.019
Kepler-143 b,Confirmed,,,,,,,0.215,0.054
Kepler-143 c,Confirmed,,,,,,,0.301,0.075
Kepler-1440 b,Confirmed,,,,,,,0.112,0.012
Kepler-1441 b,Confirmed,,,,,,,0.117,0.012
Kepler-1442 b,Confirmed,,,,,,,0.351,0.026
Kepler-1443 Ab,Confirmed,,,,,,,0.087,0.008
Kepler-1444 b,Confirmed,,,,,,,0.194,0.017
Kepler-1445 Ab,Confirmed,,,,,,,0.0972,0.0187
Kepler-1446 b,Confirmed,,,,,,,0.073,0.002
Kepler-1447 b,Confirmed,,,,,,,0.259,0.021
Kepler-1448 b,Confirmed,,,,,,,0.144,0.014
Kepler-1449 b,Confirmed,,,,,,,0.15,0.016
Kepler-144 b,Confirmed,,,,,,,0.119,0.023
Kepler-144 c,Confirmed,,,,,,,0.12,0.023
Kepler-1450 b,Confirmed,,,,,,,0.153,0.01
Kepler-1451 b,Confirmed,,,,,,,0.299,0.059
Kepler-1452 b,Confirmed,,,,,,,0.241,0.031
Kepler-1453 b,Confirmed,,,,,,,0.238,0.019
Kepler-1454 b,Confirmed,,,,,,,0.168,0.015
Kepler-1455 b,Confirmed,,,,,,,0.193,0.014
Kepler-1456 b,Confirmed,,,,,,,0.102,0.013
Kepler-1457 b,Confirmed,,,,,,,0.178,0.018
Kepler-1458 b,Confirmed,,,,,,,0.246,0.019
Kepler-1459 b,Confirmed,,,,,,,0.121,0.007
Kepler-145 b,Confirmed,0.117,0.036,0.036,,,,0.236,0.007
Kepler-145 c,Confirmed,0.25,0.052,0.052,,,,0.385,0.011
Kepler-1460 b,Confirmed,,,,,,,0.175,0.012
Kepler-1461 b,Confirmed,,,,,,,0.181,0.014
Kepler-1462 b,Confirmed,,,,,,,0.341,0.035
Kepler-1463 b,Confirmed,,,,,,,0.166,0.017
Kepler-1464 b,Confirmed,,,,,,,0.148,0.014
Kepler-1464 c,Confirmed,,,,,,,0.089,0.01
Kepler-1465 b,Confirmed,,,,,,,0.158,0.017
Kepler-1466 b,Confirmed,,,,,,,0.138,0.015
Kepler-1467 b,Confirmed,,,,,,,0.294,0.022
Kepler-1468 b,Confirmed,,,,,,,0.154,0.017
Kepler-1468 c,Confirmed,,,,,,,0.103,0.012
Kepler-1468 d,Confirmed,,,,,,,0.29717,
Kepler-1469 b,Confirmed,,,,,,,0.25,0.023
Kepler-146 b,Confirmed,,,,,,,0.331,0.062
Kepler-146 c,Confirmed,,,,,,,0.2792,0.0526
Kepler-1470 b,Confirmed,,,,,,,0.095,0.007
Kepler-1471 b,Confirmed,,,,,,,0.126,0.012
Kepler-1472 b,Confirmed,,,,,,,0.17,0.032
Kepler-1473 b,Confirmed,,,,,,,0.106,0.007
Kepler-1474 b,Confirmed,,,,,,,0.193,0.021
Kepler-1475 Ab,Confirmed,,,,,,,0.261,0.041
Kepler-1476 b,Confirmed,,,,,,,0.149,0.012
Kepler-1477 b,Confirmed,,,,,,,0.105,0.008
Kepler-1478 b,Confirmed,,,,,,,0.154,0.017
Kepler-1479 b,Confirmed,,,,,,,0.163,0.014
Kepler-147 b,Confirmed,,,,,,,0.136,0.028
Kepler-147 c,Confirmed,,,,,,,0.217,0.044
Kepler-1480 Ab,Confirmed,,,,,,,0.3515,0.1303
Kepler-1481 Ab,Confirmed,,,,,,,0.11,0.005
Kepler-1482 Ab,Confirmed,,,,,,,0.09,0.0027
Kepler-1483 b,Confirmed,,,,,,,0.136,0.027
Kepler-1484 b,Confirmed,,,,,,,0.188,0.02
Kepler-1485 b,Confirmed,,,,,,,0.131,0.012
Kepler-1486 b,Confirmed,,,,,,,0.207,0.026
Kepler-1487 b,Confirmed,,,,,,,0.19,0.04
Kepler-1488 b,Confirmed,,,,,,,0.166,0.033
Kepler-1488 c,Confirmed,,,,,,,0.14729,
Kepler-1489 b,Confirmed,,,,,,,0.158,0.016
Kepler-1489 c,Confirmed,,,,,,,0.0455,0.0071
Kepler-148 b,Confirmed,,,,,,,0.161,0.078
Kepler-148 c,Confirmed,,,,,,,0.321,0.157
Kepler-148 d,Confirmed,,,,,,,0.774,0.037
Kepler-1490 b,Confirmed,,,,,,,0.271,0.056
Kepler-1491 b,Confirmed,,,,,,,0.135,0.012
Kepler-1492 b,Confirmed,,,,,,,0.133,0.014
Kepler-1493 Ab,Confirmed,,,,,,,0.126,0.021
Kepler-1494 b,Confirmed,,,,,,,0.274,0.051
Kepler-1495 b,Confirmed,,,,,,,0.262,0.029
Kepler-1496 b,Confirmed,,,,,,,0.198,0.032
Kepler-1497 b,Confirmed,,,,,,,0.148,0.014
Kepler-1498 Ab,Confirmed,,,,,,,0.119,0.008
Kepler-1499 b,Confirmed,,,,,,,0.106,0.012
Kepler-149 Ab,Confirmed,,,,,,,0.3702,0.0285
Kepler-149 Ac,Confirmed,,,,,,,0.149,0.0116
Kepler-149 Ad,Confirmed,,,,,,,0.3818,0.0294
Kepler-14 Ab,Confirmed,8.4,0.19,0.19,,,,1.136,0.054
Kepler-1500 b,Confirmed,,,,,,,0.107,0.013
Kepler-1501 b,Confirmed,,,,,,,0.139,0.022
Kepler-1502 b,Confirmed,,,,,,,0.284,0.057
Kepler-1503 b,Confirmed,,,,,,,0.203,0.021
Kepler-1504 b,Confirmed,,,,,,,0.19,0.017
Kepler-1505 Ab,Confirmed,,,,,,,0.083,0.004
Kepler-1506 b,Confirmed,,,,,,,0.118,0.012
Kepler-1507 b,Confirmed,,,,,,,0.075,0.008
Kepler-1508 b,Confirmed,,,,,,,0.119,0.023
Kepler-1509 b,Confirmed,,,,,,,0.165,0.014
Kepler-150 b,Confirmed,,,,,,,0.112,0.017
Kepler-150 c,Confirmed,,,,,,,0.329,0.053
Kepler-150 d,Confirmed,,,,,,,0.249,0.037
Kepler-150 e,Confirmed,,,,,,,0.278,0.049
Kepler-150 f,Confirmed,0.0283,0.00475,0.00431,,,,0.325,0.035
Kepler-1510 b,Confirmed,,,,,,,0.3,0.05
Kepler-1511 b,Confirmed,,,,,,,0.15,0.021
Kepler-1512 Ab,Confirmed,,,,,,,0.105,0.01
Kepler-1513 Ab,Confirmed,0.152,0.061,0.104,,,,0.76671,0.00196
Kepler-1513 Ac,Confirmed,,0.063,0.098,0.2659,0.063,0.098,,
Kepler-1514 b,Confirmed,5.28,0.22,0.22,,,,1.108,0.025
Kepler-1514 c,Confirmed,,,,,,,0.105,0.004
Kepler-1515 b,Confirmed,,,,,,,0.852,0.057
Kepler-1516 b,Confirmed,,,,,,,0.156,0.017
Kepler-1517 b,Confirmed,,,,,,,0.871,0.172
Kepler-1518 b,Confirmed,,,,,,,0.272,0.056
Kepler-1519 b,Confirmed,,,,,,,0.63,0.048
Kepler-151 b,Confirmed,,,,,,,0.273,0.136
Kepler-151 c,Confirmed,,,,,,,0.186,0.093
Kepler-1521 b,Confirmed,,,,,,,0.223,0.009
Kepler-1522 b,Confirmed,,,,,,,0.154,0.012
Kepler-1523 b,Confirmed,,,,,,,0.141,0.013
Kepler-1524 b,Confirmed,,,,,,,0.316,0.048
Kepler-1525 b,Confirmed,,,,,,,0.081,0.004
Kepler-1526 b,Confirmed,,,,,,,0.217,0.035
Kepler-1527 b,Confirmed,,,,,,,0.426,0.067
Kepler-1528 b,Confirmed,,,,,,,0.13,0.012
Kepler-1529 b,Confirmed,,,,,,,0.187,0.01
Kepler-152 b,Confirmed,,,,,,,0.249,0.015
Kepler-152 c,Confirmed,,,,,,,0.213,0.014
Kepler-1530 b,Confirmed,,,,,,,0.146,0.01
Kepler-1530 c,Confirmed,,,,,,,0.147,0.01
Kepler-1530 d,Confirmed,,,,,,,0.29245,
Kepler-1531 b,Confirmed,,,,,,,0.099,0.016
Kepler-1532 b,Confirmed,,,,,,,0.12,0.011
Kepler-1533 b,Confirmed,,,,,,,0.309,0.061
Kepler-1534 b,Confirmed,,,,,,,0.169,0.013
Kepler-1535 b,Confirmed,,,,,,,0.227,0.017
Kepler-1536 b,Confirmed,,,,,,,0.28,0.047
Kepler-1537 b,Confirmed,,,,,,,0.105,0.008
Kepler-1538 b,Confirmed,,,,,,,0.252,0.028
Kepler-1539 b,Confirmed,,,,,,,0.241,0.013
Kepler-153 b,Confirmed,,,,,,,0.261,0.157
Kepler-153 c,Confirmed,,,,,,,0.226,0.136
Kepler-1540 Ab,Confirmed,,,,,,,0.2801,0.0152
Kepler-1541 b,Confirmed,,,,,,,0.103,0.007
Kepler-1542 Ab,Confirmed,,,,,,,0.068,0.007
Kepler-1542 Ac,Confirmed,,,,,,,0.058,0.005
Kepler-1542 Ad,Confirmed,,,,,,,0.078,0.008
Kepler-1542 Ae,Confirmed,,,,,,,0.068,0.007
Kepler-1543 b,Confirmed,,,,,,,0.242,0.045
Kepler-1544 b,Confirmed,,,,,,,0.159,0.006
Kepler-1545 b,Confirmed,,,,,,,0.241,0.016
Kepler-1546 b,Confirmed,,,,,,,0.279,0.03
Kepler-1547 b,Confirmed,,,,,,,0.08,0.011
Kepler-1548 b,Confirmed,,,,,,,0.236,0.019
Kepler-1549 b,Confirmed,,,,,,,0.229,0.018
Kepler-154 b,Confirmed,,,,,,,0.202,0.039
Kepler-154 c,Confirmed,,,,,,,0.263,0.055
Kepler-154 d,Confirmed,,,,,,,0.343,0.021
Kepler-154 e,Confirmed,,,,,,,0.134,0.011
Kepler-154 f,Confirmed,,,,,,,0.134,0.019
Kepler-154 g,Confirmed,,,,,,,0.9145,0.0321
Kepler-1550 b,Confirmed,,,,,,,0.269,0.034
Kepler-1551 b,Confirmed,,,,,,,0.237,0.037
Kepler-1552 b,Confirmed,,,,,,,0.22,0.009
Kepler-1553 b,Confirmed,,,,,,,0.103,0.008
Kepler-1554 b,Confirmed,,,,,,,0.259,0.024
Kepler-1555 b,Confirmed,,,,,,,0.144,0.015
Kepler-1556 b,Confirmed,,,,,,,0.175,0.013
Kepler-1557 b,Confirmed,,,,,,,0.136,0.019
Kepler-1558 b,Confirmed,,,,,,,0.061,0.004
Kepler-1559 b,Confirmed,,,,,,,0.064,0.004
Kepler-155 b,Confirmed,,,,,,,0.186,0.019
Kepler-155 c,Confirmed,,,,,,,0.2,0.013
Kepler-1560 b,Confirmed,,,,,,,0.079,0.008
Kepler-1561 b,Confirmed,,,,,,,0.097,0.016
Kepler-1562 b,Confirmed,,,,,,,0.317,0.037
Kepler-1563 b,Confirmed,,,,,,,0.067,0.007
Kepler-1564 b,Confirmed,,,,,,,0.131,0.012
Kepler-1565 b,Confirmed,,,,,,,0.106,0.011
Kepler-1566 b,Confirmed,,,,,,,0.07,0.004
Kepler-1567 b,Confirmed,,,,,,,0.244,0.021
Kepler-1568 b,Confirmed,,,,,,,0.116,0.013
Kepler-1569 b,Confirmed,,,,,,,0.15,0.028
Kepler-156 b,Confirmed,,,,,,,0.205,0.015
Kepler-156 c,Confirmed,,,,,,,0.227,0.017
Kepler-1570 b,Confirmed,,,,,,,0.095,0.009
Kepler-1571 b,Confirmed,,,,,,,0.136,0.03
Kepler-1572 b,Confirmed,,,,,,,0.084,0.007
Kepler-1573 b,Confirmed,,,,,,,0.107,0.01
Kepler-1574 b,Confirmed,,,,,,,0.115,0.013
Kepler-1575 b,Confirmed,,,,,,,0.117,0.012
Kepler-1576 b,Confirmed,,,,,,,0.093,0.012
Kepler-1577 b,Confirmed,,,,,,,0.101,0.01
Kepler-1578 b,Confirmed,,,,,,,0.093,0.01
Kepler-1579 Ab,Confirmed,,,,,,,0.075,0.004
Kepler-157 Ab,Confirmed,,,,,,,0.118,0.023
Kepler-157 Ac,Confirmed,,,,,,,0.2,0.038
Kepler-157 Ad,Confirmed,,,,,,,0.13,0.009
Kepler-1580 b,Confirmed,,,,,,,0.188,0.028
Kepler-1581 b,Confirmed,,,,,,,0.071,0.008
Kepler-1582 b,Confirmed,,,,,,,0.133,0.012
Kepler-1583 Ab,Confirmed,,,,,,,0.054,0.004
Kepler-1584 b,Confirmed,,,,,,,0.144,0.019
Kepler-1585 b,Confirmed,,,,,,,0.16,0.014
Kepler-1586 b,Confirmed,,,,,,,0.136,0.03
Kepler-1587 b,Confirmed,,,,,,,0.119,0.021
Kepler-1588 b,Confirmed,,,,,,,0.068,0.006
Kepler-1589 b,Confirmed,,,,,,,0.097,0.015
Kepler-158 b,Confirmed,,,,,,,0.189,0.032
Kepler-158 c,Confirmed,,,,,,,0.17,0.027
Kepler-158 d,Confirmed,,,,,,,0.0384,0.0045
Kepler-1590 b,Confirmed,,,,,,,0.102,0.013
Kepler-1591 b,Confirmed,,,,,,,0.113,0.017
Kepler-1592 b,Confirmed,,,,,,,0.137,0.025
Kepler-1593 b,Confirmed,,,,,,,0.283,0.025
Kepler-1594 b,Confirmed,,,,,,,0.095,0.011
Kepler-1595 b,Confirmed,,,,,,,0.11,0.009
Kepler-1596 b,Confirmed,,,,,,,0.17,0.015
Kepler-1597 b,Confirmed,,,,,,,0.095,0.015
Kepler-1598 b,Confirmed,,,,,,,0.085,0.009
Kepler-1599 b,Confirmed,,,,,,,0.145,0.021
Kepler-159 b,Confirmed,,,,,,,0.212,0.016
Kepler-159 c,Confirmed,,,,,,,0.304,0.025
Kepler-15 b,Confirmed,0.66,0.09,0.09,,,,0.96,0.07
Kepler-1600 b,Confirmed,,,,,,,0.279,0.015
Kepler-1600 c,Confirmed,,,,,,,0.17326,
Kepler-1601 b,Confirmed,,,,,,,0.073,0.01
Kepler-1602 b,Confirmed,,,,,,,0.12,0.021
Kepler-1603 b,Confirmed,,,,,,,0.115,0.017
Kepler-1604 b,Confirmed,,,,,,,0.126,0.01
Kepler-1605 b,Confirmed,,,,,,,0.096,0.007
Kepler-1606 b,Confirmed,,,,,,,0.185,0.013
Kepler-1607 b,Confirmed,,,,,,,0.082,0.012
Kepler-1608 b,Confirmed,,,,,,,0.154,0.017
Kepler-1609 b,Confirmed,,,,,,,0.198,0.029
Kepler-160 b,Confirmed,,,,,,,0.153,0.004
Kepler-160 c,Confirmed,,,,,,,0.335,0.008
Kepler-160 d,Confirmed,0.31463,,,,,,,
Kepler-1610 b,Confirmed,,,,,,,0.144,0.012
Kepler-1610 c,Confirmed,,,,,,,0.1865,0.0187
Kepler-1611 Ab,Confirmed,,,,,,,0.072,0.006
Kepler-1612 b,Confirmed,,,,,,,0.092,0.01
Kepler-1613 b,Confirmed,,,,,,,0.186,0.045
Kepler-1614 b,Confirmed,,,,,,,0.133,0.013
Kepler-1615 b,Confirmed,,,,,,,0.184,0.052
Kepler-1616 b,Confirmed,,,,,,,0.091,0.013
Kepler-1617 b,Confirmed,,,,,,,0.107,0.014
Kepler-1618 b,Confirmed,,,,,,,0.112,0.021
Kepler-1619 b,Confirmed,,,,,,,0.068,0.007
Kepler-161 b,Confirmed,,,,,,,0.189,0.012
Kepler-161 c,Confirmed,,,,,,,0.183,0.013
Kepler-1620 Ab,Confirmed,,,,,,,0.144,0.024
Kepler-1621 b,Confirmed,,,,,,,0.193,0.033
Kepler-1622 b,Confirmed,,,,,,,0.131,0.024
Kepler-1623 b,Confirmed,,,,,,,0.117,0.016
Kepler-1624 b,Confirmed,,,,,,,0.509,0.041
Kepler-1625 b,Confirmed,11.6,11.6,0.0,,,,0.541,0.047
Kepler-1626 b,Confirmed,,,,,,,0.18,0.038
Kepler-1627 Ab,Confirmed,,,,,,,0.329,0.037
Kepler-1628 Ab,Confirmed,,,,,,,0.574,0.045
Kepler-1629 b,Confirmed,,,,,,,0.069,0.007
Kepler-162 b,Confirmed,,,,,,,0.112,0.06
Kepler-162 c,Confirmed,,,,,,,0.27,0.145
Kepler-1630 b,Confirmed,,,,,,,0.195,0.009
Kepler-1631 b,Confirmed,,,,,,,0.12,0.013
Kepler-1632 b,Confirmed,,,,,,,0.22,0.031
Kepler-1633 b,Confirmed,,,,,,,0.141,0.022
Kepler-1634 b,Confirmed,,,,,,,0.285,0.054
Kepler-1635 b,Confirmed,,,,,,,0.325,0.06
Kepler-1636 b,Confirmed,,,,,,,0.288,0.031
Kepler-1637 b,Confirmed,,,,,,,0.079,0.008
Kepler-1638 b,Confirmed,,,,,,,0.167,0.02
Kepler-1639 b,Confirmed,,,,,,,0.23,0.03
Kepler-163 b,Confirmed,,,,,,,0.094,0.039
Kepler-163 c,Confirmed,,,,,,,0.202,0.084
Kepler-1640 b,Confirmed,,,,,,,0.43,0.071
Kepler-1641 b,Confirmed,,,,,,,0.277,0.052
Kepler-1641 c,Confirmed,,,,,,,0.263,0.044
Kepler-1642 b,Confirmed,,,,,,,0.285,0.022
Kepler-1642 c,Confirmed,,,,,,,0.237,0.019
Kepler-1643 b,Confirmed,,,,,,,0.205,0.013
Kepler-1644 Ab,Confirmed,,,,,,,0.168,0.014
Kepler-1645 b,Confirmed,,,,,,,0.159,0.018
Kepler-1646 b,Confirmed,,,,,,,0.11,0.021
Kepler-1647 (AB)b,Confirmed,1.52,0.65,0.65,,,,1.06,0.01
Kepler-1649 Ab,Confirmed,,,,,,,0.091,0.005
Kepler-1649 Ac,Confirmed,,,,,,,0.095,0.009
Kepler-164 b,Confirmed,,,,,,,0.126,0.025
Kepler-164 c,Confirmed,,,,,,,0.244,0.046
Kepler-164 d,Confirmed,,,,,,,0.219,0.042
Kepler-1650 b,Confirmed,,,,,,,0.086,0.009
Kepler-1651 Ab,Confirmed,,,,,,,0.164,0.0098
Kepler-1652 b,Confirmed,,,,,,,0.143,0.016
Kepler-1653 Ab,Confirmed,,,,,,,0.194,0.021
Kepler-1654 b,Confirmed,0.5,,,,,,0.819,0.17
Kepler-1655 b,Confirmed,0.01573,0.00881,0.00975,,,,0.197,0.007
Kepler-1656 b,Confirmed,0.1504,0.0104,0.0195,,,,0.448,0.047
Kepler-1656 c,Confirmed,0.3977,0.091,0.091,,,,,
Kepler-1657 b,Confirmed,1.93,0.21,0.19,,,,0.99,0.07
Kepler-1658 b,Confirmed,5.88,,,,,,1.07,0.05
Kepler-1659 b,Confirmed,0.02832,0.00094,0.00094,,,,0.17,0.018
Kepler-1659 c,Confirmed,0.01447,0.00094,0.00094,,,,0.17,0.027
Kepler-165 b,Confirmed,,,,,,,0.207,0.126
Kepler-165 c,Confirmed,,,,,,,0.199,0.12
Kepler-1660 (AB)b,Confirmed,4.89,0.23,0.23,,,,,
Kepler-1661 (AB)b,Confirmed,0.053,0.038,0.038,,,,,
Kepler-1662 b,Confirmed,0.2234,0.0289,0.0352,,,,0.7904,0.0214
Kepler-1662 c,Confirmed,0.0472,0.0113,0.0135,,,,0.4853,0.027
Kepler-1663 b,Confirmed,,,,,,,0.295,
Kepler-1664 Ab,Confirmed,,,,,,,0.271,
Kepler-1665 Ab,Confirmed,,,,,,,0.253,
Kepler-1666 b,Confirmed,,,,,,,0.257,
Kepler-1666 c,Confirmed,,,,,,,0.289,
Kepler-1667 b,Confirmed,,,,,,,0.266,
Kepler-1668 b,Confirmed,,,,,,,0.388,
Kepler-1669 b,Confirmed,,,,,,,0.248,
Kepler-1669 c,Confirmed,,,,,,,0.1696,
Kepler-1669 d,Confirmed,,,,,,,0.143,
Kepler-166 b,Confirmed,,,,,,,0.203,0.104
Kepler-166 c,Confirmed,,,,,,,0.212,0.11
Kepler-166 d,Confirmed,,,,,,,0.154,0.009
Kepler-1670 b,Confirmed,,,,,,,0.299,
Kepler-1671 b,Confirmed,,,,,,,0.118,
Kepler-1672 b,Confirmed,,,,,,,0.265,
Kepler-1673 b,Confirmed,,,,,,,0.262,
Kepler-1674 b,Confirmed,,,,,,,0.286,
Kepler-1675 b,Confirmed,,,,,,,0.279,
Kepler-1676 b,Confirmed,,,,,,,0.301,
Kepler-1677 b,Confirmed,,,,,,,0.241,
Kepler-1678 b,Confirmed,,,,,,,0.295,
Kepler-1679 b,Confirmed,,,,,,,0.185,
Kepler-167 Ab,Confirmed,,,,,,,0.15327,0.0062
Kepler-167 Ac,Confirmed,,,,,,,0.14935,0.00616
Kepler-167 Ad,Confirmed,,,,,,,0.11045,0.00571
Kepler-167 Ae,Confirmed,4.0,3.7,46.0,,,,0.9064,0.0375
Kepler-1680 b,Confirmed,,,,,,,0.121,
Kepler-1681 Ab,Confirmed,,,,,,,0.228,
Kepler-1682 b,Confirmed,,,,,,,0.258,
Kepler-1683 b,Confirmed,,,,,,,0.167,
Kepler-1684 b,Confirmed,,,,,,,0.256,
Kepler-1685 b,Confirmed,,,,,,,0.23,
Kepler-1686 b,Confirmed,,,,,,,0.127,
Kepler-1687 b,Confirmed,,,,,,,0.148,
Kepler-1688 b,Confirmed,,,,,,,0.113,
Kepler-1689 b,Confirmed,,,,,,,0.084,
Kepler-168 b,Confirmed,,,,,,,0.13,0.059
Kepler-168 c,Confirmed,,,,,,,0.24,0.108
Kepler-1690 b,Confirmed,,,,,,,0.251,
Kepler-1691 b,Confirmed,,,,,,,0.164,
Kepler-1692 b,Confirmed,,,,,,,0.099,
Kepler-1693 b,Confirmed,,,,,,,0.115,
Kepler-1693 c,Confirmed,,,,,,,0.087154,
Kepler-1694 b,Confirmed,,,,,,,0.105,
Kepler-1695 b,Confirmed,,,,,,,0.1,
Kepler-1696 b,Confirmed,,,,,,,0.251,
Kepler-1697 b,Confirmed,,,,,,,0.112,
Kepler-1698 b,Confirmed,,,,,,,0.096,
Kepler-1699 b,Confirmed,,,,,,,0.14,
Kepler-169 b,Confirmed,,,,,,,0.101,0.007
Kepler-169 c,Confirmed,,,,,,,0.108,0.007
Kepler-169 d,Confirmed,,,,,,,0.112,0.008
Kepler-169 e,Confirmed,,,,,,,0.196,0.026
Kepler-169 f,Confirmed,,,,,,,0.23,0.021
Kepler-16 (AB)b,Confirmed,0.333,0.016,0.016,,,,0.7538,0.0023
Kepler-1700 b,Confirmed,,,,,,,0.259,
Kepler-1701 b,Confirmed,,,,,,,0.198,
Kepler-1702 b,Confirmed,,,,,,,0.143,
Kepler-1703 b,Confirmed,,,,,,,0.1062,0.017
Kepler-1703 c,Confirmed,,,,,,,0.1079,0.008
Kepler-1704 b,Confirmed,4.16,0.29,0.28,4.16,0.29,0.28,1.066,0.042
Kepler-1705 b,Confirmed,0.01406,0.00135,0.00151,,,,0.1811,0.0125
Kepler-1705 c,Confirmed,0.01705,0.00179,0.00192,,,,0.1829,0.0134
Kepler-1706 b,Confirmed,,0.4,0.4,2.0,0.4,0.4,,
Kepler-1707 b,Confirmed,,0.1,0.4,0.5,0.1,0.4,,
Kepler-1708 b,Confirmed,4.6,4.6,0.0,,,,0.8886,0.054
Kepler-1709 b,Confirmed,,,,,,,0.27871,
Kepler-170 b,Confirmed,,,,,,,0.285,0.02
Kepler-170 c,Confirmed,,,,,,,0.255,0.015
Kepler-1710 b,Confirmed,0.010997,0.018145,0.018145,0.010997,0.018145,0.018145,0.2308,0.0062
Kepler-1711 Ab,Confirmed,,,,,,,0.17156,
Kepler-1712 b,Confirmed,,,,,,,0.20368,
Kepler-1713 b,Confirmed,,,,,,,0.153155,
Kepler-1714 b,Confirmed,,,,,,,0.2912,
Kepler-1715 b,Confirmed,,,,,,,0.3693,
Kepler-1716 b,Confirmed,,,,,,,0.216319,
Kepler-1717 b,Confirmed,,,,,,,0.26666,
Kepler-1718 b,Confirmed,,,,,,,0.2291,
Kepler-1719 b,Confirmed,,,,,,,0.3524,
Kepler-171 b,Confirmed,,,,,,,0.209,0.094
Kepler-171 c,Confirmed,,,,,,,0.228,0.103
Kepler-171 d,Confirmed,,,,,,,0.169,0.08
Kepler-1720 b,Confirmed,,,,,,,0.286897,
Kepler-1721 b,Confirmed,,,,,,,0.27817,
Kepler-1722 b,Confirmed,,,,,,,0.25578,
Kepler-1723 b,Confirmed,,,,,,,0.2569,
Kepler-1724 b,Confirmed,,,,,,,0.253075,
Kepler-1725 Ab,Confirmed,,,,,,,0.25087,
Kepler-1726 b,Confirmed,,,,,,,0.223804,
Kepler-1727 b,Confirmed,,,,,,,0.28308,
Kepler-1728 b,Confirmed,,,,,,,0.26363,
Kepler-1729 b,Confirmed,,,,,,,0.3474,
Kepler-172 b,Confirmed,,,,,,,0.21,0.037
Kepler-172 c,Confirmed,,,,,,,0.255,0.047
Kepler-172 d,Confirmed,,,,,,,0.201,0.036
Kepler-172 e,Confirmed,,,,,,,0.246,0.05
Kepler-1730 b,Confirmed,,,,,,,0.40013,
Kepler-1731 b,Confirmed,,,,,,,0.261658,
Kepler-1732 b,Confirmed,,,,,,,0.36569,
Kepler-1733 b,Confirmed,,,,,,,0.324367,
Kepler-1734 b,Confirmed,,,,,,,0.2755,
Kepler-1735 b,Confirmed,,,,,,,0.10652,
Kepler-1736 b,Confirmed,,,,,,,0.34585,
Kepler-1737 b,Confirmed,,,,,,,0.48131,
Kepler-1738 b,Confirmed,,,,,,,0.25194,
Kepler-1739 b,Confirmed,,,,,,,0.2168,
Kepler-173 b,Confirmed,,,,,,,0.115,0.057
Kepler-173 c,Confirmed,,,,,,,0.217,0.108
Kepler-1740 b,Confirmed,,,,,,,0.29646,
Kepler-1741 b,Confirmed,,,,,,,0.11357,
Kepler-1742 b,Confirmed,,,,,,,0.19431,
Kepler-1743 b,Confirmed,,,,,,,0.142637,
Kepler-1744 Ab,Confirmed,,,,,,,0.33607,
Kepler-1745 b,Confirmed,,,,,,,0.17201,
Kepler-1746 b,Confirmed,,,,,,,0.797,
Kepler-1747 b,Confirmed,,,,,,,0.3805,
Kepler-1748 b,Confirmed,,,,,,,0.242013,
Kepler-1749 Ab,Confirmed,,,,,,,0.1439,
Kepler-174 b,Confirmed,,,,,,,0.175,0.01
Kepler-174 c,Confirmed,,,,,,,0.133,0.008
Kepler-174 d,Confirmed,,,,,,,0.195,0.012
Kepler-1750 b,Confirmed,,,,,,,0.53565,
Kepler-1751,Confirmed,,,,,,,0.16273,
Kepler-1752 b,Confirmed,,,,,,,0.405,0.00393
Kepler-1753 b,Confirmed,,,,,,,0.20225,
Kepler-1754 b,Confirmed,,,,,,,0.2177,
Kepler-1755 b,Confirmed,,,,,,,0.5278729,
Kepler-1756 b,Confirmed,,,,,,,0.13132,
Kepler-1757 b,Confirmed,,,,,,,0.26288,
Kepler-1758 b,Confirmed,,,,,,,0.2293,
Kepler-1759 b,Confirmed,,,,,,,0.080623,
Kepler-175 b,Confirmed,,,,,,,0.228,0.114
Kepler-175 c,Confirmed,,,,,,,0.277,0.139
Kepler-1760 Ab,Confirmed,,,,,,,0.204293,
Kepler-1761 b,Confirmed,,,,,,,0.1241,
Kepler-1762 b,Confirmed,,,,,,,0.2462,
Kepler-1763 b,Confirmed,,,,,,,0.102285,
Kepler-1764 b,Confirmed,,,,,,,0.40637,
Kepler-1765 b,Confirmed,,,,,,,0.22259,
Kepler-1766 b,Confirmed,,,,,,,0.20332,
Kepler-1767 b,Confirmed,,,,,,,0.268795,
Kepler-1768 b,Confirmed,,,,,,,0.19922,
Kepler-1769 b,Confirmed,,,,,,,0.39834,
Kepler-176 b,Confirmed,,,,,,,0.128,0.065
Kepler-176 c,Confirmed,,,,,,,0.232,0.119
Kepler-176 d,Confirmed,,,,,,,0.224,0.118
Kepler-176 e,Confirmed,,,,,,,0.129,0.013
Kepler-1770 b,Confirmed,,,,,,,0.25346,
Kepler-1771 Ab,Confirmed,,,,,,,0.36177,
Kepler-1772 b,Confirmed,,,,,,,0.23963,
Kepler-1773 b,Confirmed,,,,,,,0.31267,
Kepler-1774 b,Confirmed,,,,,,,0.28379,
Kepler-1775 b,Confirmed,,,,,,,0.32537,
Kepler-1776 b,Confirmed,,,,,,,0.232984,
Kepler-1777 b,Confirmed,,,,,,,0.19012,
Kepler-1778 b,Confirmed,,,,,,,0.269125,
Kepler-1779 b,Confirmed,,,,,,,0.270579,
Kepler-177 b,Confirmed,0.01837,0.00258,0.00271,,,,0.312,0.013
Kepler-177 c,Confirmed,0.04625,0.00787,0.0085,,,,0.779,0.03
Kepler-1780 b,Confirmed,,,,,,,0.32171,0.00187
Kepler-1781 b,Confirmed,,,,,,,0.2123,
Kepler-1782 b,Confirmed,,,,,,,0.19886,
Kepler-1783 b,Confirmed,,,,,,,0.11771,
Kepler-1784 b,Confirmed,,,,,,,0.249739,
Kepler-1785 b,Confirmed,,,,,,,0.24124,
Kepler-1786 b,Confirmed,,,,,,,0.28219,
Kepler-1787 b,Confirmed,,,,,,,0.20688,
Kepler-1788 b,Confirmed,,,,,,,0.212197,
Kepler-1789 b,Confirmed,,,,,,,0.252594,
Kepler-178 b,Confirmed,,,,,,,0.259,0.112
Kepler-178 c,Confirmed,,,,,,,0.257,0.11
Kepler-178 d,Confirmed,,,,,,,0.352,0.152
Kepler-1790 b,Confirmed,,,,,,,0.2801,
Kepler-1791 Ab,Confirmed,,,,,,,0.27844,
Kepler-1792 b,Confirmed,,,,,,,0.2248,
Kepler-1793 Ab,Confirmed,,,,,,,0.3381,
Kepler-1794 c,Confirmed,,,,,,,0.160069,
Kepler-1795 Ab,Confirmed,,,,,,,0.14836,
Kepler-1796 b,Confirmed,,,,,,,0.2453,
Kepler-1797 b,Confirmed,,,,,,,0.272792,
Kepler-1798 b,Confirmed,,,,,,,0.206006,0.00143
Kepler-1799 b,Confirmed,,,,,,,0.36828,
Kepler-179 b,Confirmed,,,,,,,0.146,0.061
Kepler-179 c,Confirmed,,,,,,,0.178,0.072
Kepler-17 b,Confirmed,2.45,0.014,0.014,,,,1.31,0.02
Kepler-1800 b,Confirmed,,,,,,,0.0889284,
Kepler-1801 b,Confirmed,,,,,,,0.241701,
Kepler-1801 c,Confirmed,,,,,,,0.36212,
Kepler-1802 Bb,Confirmed,,,,,,,0.111,0.0098
Kepler-1802 Bc,Confirmed,,,,,,,0.168,0.015
Kepler-1804 b,Confirmed,,,,,,,0.14239,
Kepler-1805 b,Confirmed,,,,,,,0.13784,
Kepler-1806 b,Confirmed,,,,,,,0.2101,
Kepler-1807 b,Confirmed,,,,,,,0.241228,
Kepler-1808 b,Confirmed,,,,,,,0.26987,
Kepler-1809 b,Confirmed,,,,,,,0.13498,
Kepler-180 b,Confirmed,,,,,,,0.134,0.06
Kepler-180 c,Confirmed,,,,,,,0.269,0.12
Kepler-1810 b,Confirmed,,,,,,,0.34954,
Kepler-1811 b,Confirmed,,,,,,,0.3433,
Kepler-1812 b,Confirmed,,,,,,,0.207415,
Kepler-1813 b,Confirmed,,,,,,,0.12606,
Kepler-1814 b,Confirmed,,,,,,,0.21135,
Kepler-1814 c,Confirmed,,,,,,,0.14765,
Kepler-1815 b,Confirmed,,,,,,,0.245242,
Kepler-1816 b,Confirmed,,,,,,,0.17557,
Kepler-1817 b,Confirmed,,,,,,,0.20279,
Kepler-1818 b,Confirmed,,,,,,,0.152878,0.0017
Kepler-1819 b,Confirmed,,,,,,,0.34825,
Kepler-181 Ab,Confirmed,,,,,,,0.134,0.0098
Kepler-181 Ac,Confirmed,,,,,,,0.2195,0.017
Kepler-1820 b,Confirmed,,,,,,,0.278243,
Kepler-1821 b,Confirmed,,,,,,,0.23124,
Kepler-1822 b,Confirmed,,,,,,,0.23615,
Kepler-1823 b,Confirmed,,,,,,,0.1861,
Kepler-1824 b,Confirmed,,,,,,,0.212438,
Kepler-1825 b,Confirmed,,,,,,,0.12686,
Kepler-1826 b,Confirmed,,,,,,,0.13159,
Kepler-1827 b,Confirmed,,,,,,,0.16558,
Kepler-1828 b,Confirmed,,,,,,,0.188769,
Kepler-1829 b,Confirmed,,,,,,,0.221145,
Kepler-182 b,Confirmed,,,,,,,0.23,0.105
Kepler-182 c,Confirmed,,,,,,,0.306,0.136
Kepler-1830 b,Confirmed,,,,,,,0.297076,
Kepler-1831 b,Confirmed,,,,,,,0.1758,
Kepler-1832 b,Confirmed,,,,,,,0.10947,
Kepler-1833 b,Confirmed,,,,,,,0.116,
Kepler-1834 b,Confirmed,,,,,,,0.13016,
Kepler-1834 c,Confirmed,,,,,,,0.1299,
Kepler-1835 b,Confirmed,,,,,,,0.315267,
Kepler-1836 b,Confirmed,,,,,,,0.22777,
Kepler-1837 b,Confirmed,,,,,,,0.18438,
Kepler-1838 b,Confirmed,,,,,,,0.1481,
Kepler-1839 b,Confirmed,,,,,,,0.17388,
Kepler-183 b,Confirmed,,,,,,,0.184,0.079
Kepler-183 c,Confirmed,,,,,,,0.203,0.087
Kepler-1840 b,Confirmed,,,,,,,0.24775,
Kepler-1841 b,Confirmed,,,,,,,0.13284,
Kepler-1842 b,Confirmed,,,,,,,0.209974,
Kepler-1843 b,Confirmed,,,,,,,0.24168,
Kepler-1844 b,Confirmed,,,,,,,0.273425,
Kepler-1845 b,Confirmed,,,,,,,0.21751,
Kepler-1846 b,Confirmed,,,,,,,0.157348,
Kepler-1847 b,Confirmed,,,,,,,0.244903,
Kepler-1848 b,Confirmed,,,,,,,0.125686,
Kepler-1849 b,Confirmed,,,,,,,0.212938,
Kepler-184 b,Confirmed,,,,,,,0.211,0.119
Kepler-184 c,Confirmed,,,,,,,0.176,0.099
Kepler-184 d,Confirmed,,,,,,,0.222,0.126
Kepler-1850 b,Confirmed,,,,,,,0.06504,
Kepler-1851 b,Confirmed,,,,,,,0.348,
Kepler-1852 b,Confirmed,,,,,,,0.16826,
Kepler-1853 b,Confirmed,,,,,,,0.135482,
Kepler-1854 Ab,Confirmed,,,,,,,0.25489,
Kepler-1855 Ab,Confirmed,,,,,,,0.10849,
Kepler-1856 Ab,Confirmed,,,,,,,0.154734,
Kepler-1857 b,Confirmed,,,,,,,0.1749,
Kepler-1858 b,Confirmed,,,,,,,0.21599,
Kepler-1859 b,Confirmed,,,,,,,0.141236,
Kepler-1859 c,Confirmed,,,,,,,0.15318,
Kepler-185 Ab,Confirmed,,,,,,,0.1008,0.0054
Kepler-185 Ac,Confirmed,,,,,,,0.1731,0.008
Kepler-1860 b,Confirmed,,,,,,,0.10158,
Kepler-1861 b,Confirmed,,,,,,,0.19687,
Kepler-1862 b,Confirmed,,,,,,,0.19654,
Kepler-1863 b,Confirmed,,,,,,,0.20189,
Kepler-1864 b,Confirmed,,,,,,,0.06727,
Kepler-1865 b,Confirmed,,,,,,,0.140674,
Kepler-1866 b,Confirmed,,,,,,,0.18575,
Kepler-1867 b,Confirmed,,,,,,,0.103471,
Kepler-1868 b,Confirmed,,,,,,,0.280982,
Kepler-1869 b,Confirmed,,,,,,,0.099876,
Kepler-1869 c,Confirmed,,,,,,,0.074039,
Kepler-186 b,Confirmed,,,,,,,0.095,0.011
Kepler-186 c,Confirmed,,,,,,,0.112,0.012
Kepler-186 d,Confirmed,,,,,,,0.125,0.014
Kepler-186 e,Confirmed,,,,,,,0.113,0.012
Kepler-186 f,Confirmed,,,,,,,0.104,0.007
Kepler-1870 b,Confirmed,,,,,,,0.187476,
Kepler-1871 b,Confirmed,,,,,,,0.21599,
Kepler-1872 b,Confirmed,,,,,,,0.21269,
Kepler-1873 b,Confirmed,,,,,,,0.145036,
Kepler-1874 Ab,Confirmed,,,,,,,0.19725,
Kepler-1875 Ab,Confirmed,,,,,,,0.287878,
Kepler-1876 b,Confirmed,0.0076,0.0076,0.0,,,,0.0761,0.00232
Kepler-1877 Ab,Confirmed,,,,,,,0.05567,
Kepler-1878 Ab,Confirmed,,,,,,,0.2605,
Kepler-1879 b,Confirmed,,,,,,,0.184237,
Kepler-187 b,Confirmed,,,,,,,0.126,0.025
Kepler-187 c,Confirmed,,,,,,,0.238,0.046
Kepler-1880 b,Confirmed,,,,,,,0.18885,
Kepler-1881 Ab,Confirmed,,,,,,,0.26595,
Kepler-1882 Ab,Confirmed,,,,,,,0.132636,
Kepler-1883 b,Confirmed,,,,,,,0.29004,
Kepler-1884 b,Confirmed,,,,,,,0.16184,
Kepler-1885 b,Confirmed,,,,,,,0.134812,
Kepler-1886 Ab,Confirmed,,,,,,,0.230308,
Kepler-1887 b,Confirmed,,,,,,,0.260908,
Kepler-1888 Ab,Confirmed,,,,,,,0.1182791,
Kepler-1889 b,Confirmed,,,,,,,0.262613,
Kepler-188 b,Confirmed,,,,,,,0.15,0.068
Kepler-188 c,Confirmed,,,,,,,0.285,0.129
Kepler-1890 b,Confirmed,,,,,,,0.077492,
Kepler-1891 b,Confirmed,,,,,,,0.1357,
Kepler-1892 b,Confirmed,,,,,,,0.16389,
Kepler-1893 b,Confirmed,,,,,,,0.15211,
Kepler-1894 Ab,Confirmed,,,,,,,0.107,
Kepler-1894 Ac,Confirmed,,,,,,,0.141753,
Kepler-1895 b,Confirmed,,,,,,,0.18905,
Kepler-1896 b,Confirmed,,,,,,,0.277,
Kepler-1897 Ab,Confirmed,,,,,,,0.25105,
Kepler-1898 b,Confirmed,,,,,,,0.083264,
Kepler-1899 b,Confirmed,,,,,,,0.1383,
Kepler-189 b,Confirmed,,,,,,,0.108,0.054
Kepler-189 c,Confirmed,,,,,,,0.212,0.106
Kepler-18 b,Confirmed,0.022,0.011,0.011,,,,0.178,0.009
Kepler-18 c,Confirmed,0.054,0.006,0.006,,,,0.49,0.023
Kepler-18 d,Confirmed,0.052,0.004,0.004,,,,0.623,0.029
Kepler-1900 b,Confirmed,,,,,,,0.1448,
Kepler-1901 b,Confirmed,,,,,,,0.1315,
Kepler-1902 Ab,Confirmed,,,,,,,0.10483,
Kepler-1903 b,Confirmed,,,,,,,0.20394,
Kepler-1904 b,Confirmed,,,,,,,0.124,
Kepler-1905 b,Confirmed,,,,,,,0.129,
Kepler-1906 b,Confirmed,,,,,,,0.24766,0.00107
Kepler-1907 b,Confirmed,,,,,,,0.07759,
Kepler-1907 c,Confirmed,,,,,,,0.10304,
Kepler-1909 Ab,Confirmed,,,,,,,0.09742,
Kepler-190 b,Confirmed,,,,,,,0.139,0.01
Kepler-190 c,Confirmed,,,,,,,0.13,0.009
Kepler-1910 Ab,Confirmed,,,,,,,0.10563,
Kepler-1911 b,Confirmed,,,,,,,0.0902,
Kepler-1912 b,Confirmed,,,,,,,0.121038,
Kepler-1913 b,Confirmed,,,,,,,0.13543,
Kepler-1914 Ab,Confirmed,,,,,,,0.26247,
Kepler-1915 Ab,Confirmed,,,,,,,0.28709,
Kepler-1916 Ab,Confirmed,,,,,,,0.23347,0.00232
Kepler-1917 Ab,Confirmed,,,,,,,0.16853,
Kepler-1918 b,Confirmed,,,,,,,0.20493,
Kepler-1919 b,Confirmed,,,,,,,0.2341,
Kepler-191 b,Confirmed,,,,,,,0.12,0.059
Kepler-191 c,Confirmed,,,,,,,0.166,0.082
Kepler-191 d,Confirmed,,,,,,,0.203,0.012
Kepler-1920 b,Confirmed,,,,,,,0.26354,
Kepler-1921 b,Confirmed,,,,,,,0.25819,
Kepler-1921 c,Confirmed,,,,,,,0.15051,
Kepler-1922 Ab,Confirmed,,,,,,,0.2043,
Kepler-1923 b,Confirmed,,,,,,,0.17477,
Kepler-1924 Ab,Confirmed,,,,,,,0.23678,
Kepler-1925 b,Confirmed,,,,,,,0.27,
Kepler-1926 Ab,Confirmed,,,,,,,0.20653,
Kepler-1927 Ab,Confirmed,,,,,,,0.30387,0.00116
Kepler-1928 b,Confirmed,,,,,,,0.17772,0.00696
Kepler-1929 Ab,Confirmed,,,,,,,0.27407,
Kepler-192 Ab,Confirmed,,,,,,,0.244,0.04
Kepler-192 Ac,Confirmed,,,,,,,0.249,0.046
Kepler-192 Ad,Confirmed,,,,,,,0.091,0.006
Kepler-1930 b,Confirmed,,,,,,,0.13641,
Kepler-1931 b,Confirmed,,,,,,,0.23669,
Kepler-1932 Ab,Confirmed,,,,,,,0.135142,
Kepler-1933 Ab,Confirmed,,,,,,,0.105256,
Kepler-1934 b,Confirmed,,,,,,,0.08145,
Kepler-1935 Ab,Confirmed,,,,,,,0.223,
Kepler-1936 b,Confirmed,,,,,,,0.28245,
Kepler-1937 Ab,Confirmed,,,,,,,0.2694,
Kepler-1938 b,Confirmed,,,,,,,0.16308,
Kepler-1939 Ab,Confirmed,,,,,,,0.103917,
Kepler-193 b,Confirmed,,,,,,,0.213,0.096
Kepler-193 c,Confirmed,,,,,,,0.245,0.111
Kepler-1940 b,Confirmed,,,,,,,0.13802,
Kepler-1941 b,Confirmed,,,,,,,0.23633,
Kepler-1942 Ab,Confirmed,,,,,,,0.18887,0.00098
Kepler-1943 Ab,Confirmed,,,,,,,0.1381,
Kepler-1944 Ab,Confirmed,,,,,,,0.24614,
Kepler-1945 Ab,Confirmed,,,,,,,0.115,
Kepler-1946 b,Confirmed,,,,,,,0.22197,
Kepler-1947 b,Confirmed,,,,,,,0.0901,
Kepler-1948 Ab,Confirmed,,,,,,,0.09207,
Kepler-1949 Ab,Confirmed,,,,,,,0.19797,
Kepler-194 b,Confirmed,,,,,,,0.135,0.07
Kepler-194 c,Confirmed,,,,,,,0.231,0.121
Kepler-194 d,Confirmed,,,,,,,0.214,0.112
Kepler-1950 Ab,Confirmed,,,,,,,0.13623,
Kepler-1951 b,Confirmed,,,,,,,0.20707,
Kepler-1952 Ab,Confirmed,,,,,,,0.11054,
Kepler-1953 b,Confirmed,,,,,,,0.114703,
Kepler-1954 b,Confirmed,,,,,,,0.16076,
Kepler-1955 b,Confirmed,,,,,,,0.10402,
Kepler-1956 b,Confirmed,,,,,,,0.09715,
Kepler-1957 Ab,Confirmed,,,,,,,0.084192,
Kepler-1958 Ab,Confirmed,,,,,,,0.18298,
Kepler-1959 b,Confirmed,,,,,,,0.10197,
Kepler-195 b,Confirmed,,,,,,,0.181,0.066
Kepler-195 c,Confirmed,,,,,,,0.138,0.051
Kepler-1960 b,Confirmed,,,,,,,0.1166,
Kepler-1961 b,Confirmed,,,,,,,0.14435,
Kepler-1962 b,Confirmed,,,,,,,0.10831,
Kepler-1963 b,Confirmed,,,,,,,0.0664088,
Kepler-1964 b,Confirmed,,,,,,,0.15889,
Kepler-1965 Ab,Confirmed,,,,,,,0.1208,
Kepler-1966 Ab,Confirmed,,,,,,,0.0985627,
Kepler-1967 b,Confirmed,,,,,,,0.0651464,
Kepler-1968 b,Confirmed,,,,,,,0.134,
Kepler-1969 Ab,Confirmed,,,,,,,0.14997,
Kepler-196 b,Confirmed,,,,,,,0.17,0.013
Kepler-196 c,Confirmed,,,,,,,0.2,0.015
Kepler-196 d,Confirmed,,,,,,,0.2373,
Kepler-1970 b,Confirmed,,0.4,0.4,2.1,0.4,0.4,,
Kepler-1971 b,Confirmed,0.00107,0.00104,0.0,,,,0.0455,0.0027
Kepler-1972 b,Confirmed,0.00636,0.00195,0.00176,,,,0.07155,0.00366
Kepler-1972 c,Confirmed,0.00664,0.00205,0.00186,,,,0.07744,0.0045
Kepler-1973 Ab,Confirmed,0.0544,0.009,0.009,,,,0.384,0.0045
Kepler-1973 Ac,Confirmed,0.6601,0.126,0.126,,,,,
Kepler-1974 b,Confirmed,,,,,,,0.1981,0.0107
Kepler-1975 Ab,Confirmed,,,,,,,0.2088,0.0161
Kepler-1976 b,Confirmed,,,,,,,1.09,0.13
Kepler-1977 b,Confirmed,,,,,,,0.1624,
Kepler-1978 b,Confirmed,,,,,,,0.27,
Kepler-1979 Ab,Confirmed,,,,,,,0.38559,
Kepler-197 Ab,Confirmed,,,,,,,0.09921,0.00312
Kepler-197 Ac,Confirmed,0.017,0.0091,0.01,,,,0.11669,0.00366
Kepler-197 Ad,Confirmed,,,,,,,0.10625,0.0036
Kepler-197 Ae,Confirmed,,,,,,,0.0827,0.01017
Kepler-1980 b,Confirmed,,,,,,,0.1972,0.0107
Kepler-1981 Ab,Confirmed,,,,,,,0.83968,
Kepler-1982 b,Confirmed,,,,,,,0.077313,0.00187
Kepler-1983 b,Confirmed,,,,,,,0.14658,
Kepler-1984 Ab,Confirmed,,,,,,,0.071871,
Kepler-1985 b,Confirmed,,,,,,,0.1981,
Kepler-1986 Ab,Confirmed,,,,,,,0.2632,
Kepler-1987 b,Confirmed,,,,,,,0.1347,
Kepler-1987 c,Confirmed,,,,,,,0.1481,
Kepler-1987 d,Confirmed,,,,,,,0.29129,
Kepler-1987 e,Confirmed,,,,,,,0.21884,
Kepler-1988 Ab,Confirmed,,,,,,,0.1383,
Kepler-1989 Ab,Confirmed,,,,,,,0.42475,
Kepler-198 b,Confirmed,,,,,,,0.252,0.037
Kepler-198 c,Confirmed,,,,,,,0.22,0.033
Kepler-198 d,Confirmed,,,,,,,0.136,0.006
Kepler-1990 b,Confirmed,,,,,,,0.34919,
Kepler-1990 c,Confirmed,,,,,,,0.1059,
Kepler-1991 b,Confirmed,,,,,,,0.16469,
Kepler-1991 c,Confirmed,,,,,,,0.25944,
Kepler-1992 b,Confirmed,,,,,,,0.09162,
Kepler-1993 b,Confirmed,,,,,,,0.39495,
Kepler-1994 b,Confirmed,,,,,,,0.05549,
Kepler-1995 b,Confirmed,,,,,,,0.4119,
Kepler-1996 b,Confirmed,,,,,,,0.20466,
Kepler-1996 c,Confirmed,,,,,,,0.25096,
Kepler-1997 Ab,Confirmed,,,,,,,0.21795,
Kepler-1998 b,Confirmed,,,,,,,0.061933,
Kepler-1999 b,Confirmed,,,,,,,0.31698,
Kepler-199 Ab,Confirmed,,,,,,,0.277,0.05
Kepler-199 Ac,Confirmed,,,,,,,0.29,0.052
Kepler-19 b,Confirmed,0.02643,0.00472,0.00503,,,,0.198,0.004
Kepler-19 c,Confirmed,0.04122,0.0085,0.0085,,,,,
Kepler-19 d,Confirmed,0.07079,0.01762,0.00378,0.0708,0.018,0.0038,,
Kepler-2000 b,Confirmed,,,,,,,0.2962,
Kepler-2000 c,Confirmed,,,,,,,0.196,
Kepler-2001 b,Confirmed,,,,,,,0.1062,
Kepler-2001 c,Confirmed,,,,,,,0.364,
Kepler-2003 b,Confirmed,,,,,,,0.062,0.00303
Kepler-200 b,Confirmed,,,,,,,0.19,0.037
Kepler-200 c,Confirmed,,,,,,,0.142,0.026
Kepler-201 b,Confirmed,,,,,,,0.219,0.043
Kepler-201 c,Confirmed,,,,,,,0.254,0.054
Kepler-202 b,Confirmed,,,,,,,0.145,0.009
Kepler-202 c,Confirmed,,,,,,,0.165,0.009
Kepler-203 b,Confirmed,,,,,,,0.229,0.046
Kepler-203 c,Confirmed,,,,,,,0.22,0.042
Kepler-203 d,Confirmed,,,,,,,0.128,0.025
Kepler-204 b,Confirmed,,,,,,,0.226,0.048
Kepler-204 c,Confirmed,,,,,,,0.16,0.035
Kepler-205 b,Confirmed,,,,,,,0.135,0.012
Kepler-205 c,Confirmed,,,,,,,0.146,0.011
Kepler-206 b,Confirmed,,,,,,,0.107,0.021
Kepler-206 c,Confirmed,,,,,,,0.158,0.03
Kepler-206 d,Confirmed,,,,,,,0.106,0.021
Kepler-207 b,Confirmed,,,,,,,0.14,0.027
Kepler-207 c,Confirmed,,,,,,,0.134,0.026
Kepler-207 d,Confirmed,,,,,,,0.295,0.056
Kepler-208 b,Confirmed,,,,,,,0.145,0.027
Kepler-208 c,Confirmed,,,,,,,0.124,0.023
Kepler-208 d,Confirmed,,,,,,,0.107,0.021
Kepler-208 e,Confirmed,,,,,,,0.132,0.025
Kepler-209 b,Confirmed,,,,,,,0.202,0.03
Kepler-209 c,Confirmed,,,,,,,0.277,0.045
Kepler-20 Ab,Confirmed,0.029963,0.004597,0.00465,0.029931,0.004587,0.004587,0.17905,0.01633
Kepler-20 Ac,Confirmed,0.0349,0.0066,0.0066,,,,0.2569,0.01195
Kepler-20 Ad,Confirmed,0.040733,0.013252,0.013252,,,,0.22232,0.00616
Kepler-20 Ae,Confirmed,0.0097,0.009699,0.0,,,,0.06994,0.00937
Kepler-20 Af,Confirmed,0.045,,,,,,0.08404,0.00366
Kepler-20 Ag,Confirmed,,0.0106,0.0106,0.06598,0.0106,0.0106,,
Kepler-210 b,Confirmed,,,,,,,0.262,0.019
Kepler-210 c,Confirmed,,,,,,,0.323,0.017
Kepler-211 b,Confirmed,,,,,,,0.112,0.008
Kepler-211 c,Confirmed,,,,,,,0.115,0.008
Kepler-212 b,Confirmed,,,,,,,0.097,0.019
Kepler-212 c,Confirmed,,,,,,,0.244,0.045
Kepler-213 b,Confirmed,,,,,,,0.145,0.028
Kepler-213 c,Confirmed,,,,,,,0.209,0.04
Kepler-214 b,Confirmed,,,,,,,0.233,0.044
Kepler-214 c,Confirmed,,,,,,,0.19,0.036
Kepler-215 b,Confirmed,,,,,,,0.145,0.036
Kepler-215 c,Confirmed,,,,,,,0.158,0.037
Kepler-215 d,Confirmed,,,,,,,0.213,0.049
Kepler-215 e,Confirmed,,,,,,,0.156,0.037
Kepler-216 b,Confirmed,,,,,,,0.21,0.041
Kepler-216 c,Confirmed,,,,,,,0.271,0.053
Kepler-217 b,Confirmed,,,,,,,0.199,0.029
Kepler-217 c,Confirmed,,,,,,,0.165,0.024
Kepler-217 d,Confirmed,,,,,,,0.118,0.024
Kepler-218 b,Confirmed,,,,,,,0.132,0.011
Kepler-218 c,Confirmed,,,,,,,0.28,0.023
Kepler-218 d,Confirmed,,,,,,,0.237,0.016
Kepler-219 b,Confirmed,,,,,,,0.263,0.044
Kepler-219 c,Confirmed,,,,,,,0.319,0.054
Kepler-219 d,Confirmed,,,,,,,0.251,0.043
Kepler-21 Ab,Confirmed,0.02102,0.0044,0.0044,,,,0.1472,0.0018
Kepler-220 b,Confirmed,,,,,,,0.072,0.004
Kepler-220 c,Confirmed,,,,,,,0.14,0.008
Kepler-220 d,Confirmed,,,,,,,0.087,0.005
Kepler-220 e,Confirmed,,,,,,,0.119,0.011
Kepler-221 b,Confirmed,,,,,,,0.153,0.015
Kepler-221 c,Confirmed,,,,,,,0.261,0.024
Kepler-221 d,Confirmed,,,,,,,0.244,0.022
Kepler-221 e,Confirmed,,,,,,,0.235,0.022
Kepler-222 b,Confirmed,,,,,,,0.282,0.125
Kepler-222 c,Confirmed,,,,,,,0.414,0.185
Kepler-222 d,Confirmed,,,,,,,0.329,0.145
Kepler-223 b,Confirmed,0.02328,0.00346,0.00409,,,,0.267,0.024
Kepler-223 c,Confirmed,0.01605,0.00346,0.00535,,,,0.307,0.027
Kepler-223 d,Confirmed,0.02517,0.00409,0.00472,,,,0.467,0.04
Kepler-223 e,Confirmed,0.0151,0.00378,0.0044,,,,0.41,0.037
Kepler-224 b,Confirmed,,,,,,,0.124,0.008
Kepler-224 c,Confirmed,,,,,,,0.278,0.023
Kepler-224 d,Confirmed,,,,,,,0.205,0.012
Kepler-224 e,Confirmed,,,,,,,0.176,0.013
Kepler-225 b,Confirmed,,,,,,,0.107,0.006
Kepler-225 c,Confirmed,,,,,,,0.164,0.009
Kepler-226 b,Confirmed,,,,,,,0.138,0.055
Kepler-226 c,Confirmed,,,,,,,0.203,0.08
Kepler-226 d,Confirmed,,,,,,,0.109,0.044
Kepler-227 b,Confirmed,,,,,,,0.277,0.14
Kepler-227 c,Confirmed,,,,,,,0.271,0.136
Kepler-228 b,Confirmed,,,,,,,0.136,0.063
Kepler-228 c,Confirmed,,,,,,,0.241,0.111
Kepler-228 d,Confirmed,,,,,,,0.36,0.165
Kepler-229 b,Confirmed,,,,,,,0.196,0.07
Kepler-229 c,Confirmed,,,,,,,0.439,0.155
Kepler-229 d,Confirmed,,,,,,,0.343,0.123
Kepler-22 b,Confirmed,0.0286,,,,,,0.187,0.0107
Kepler-230 b,Confirmed,,,,,,,0.38,0.194
Kepler-230 c,Confirmed,,,,,,,0.182,0.093
Kepler-231 b,Confirmed,,,,,,,0.154,0.011
Kepler-231 c,Confirmed,,,,,,,0.172,0.017
Kepler-232 b,Confirmed,,,,,,,0.275,0.131
Kepler-232 c,Confirmed,,,,,,,0.342,0.166
Kepler-233 b,Confirmed,,,,,,,0.217,0.059
Kepler-233 c,Confirmed,,,,,,,0.242,0.07
Kepler-234 b,Confirmed,,,,,,,0.33,0.148
Kepler-234 c,Confirmed,,,,,,,0.313,0.139
Kepler-235 b,Confirmed,,,,,,,0.199,0.009
Kepler-235 c,Confirmed,,,,,,,0.114,0.007
Kepler-235 d,Confirmed,,,,,,,0.183,0.009
Kepler-235 e,Confirmed,,,,,,,0.198,0.026
Kepler-236 b,Confirmed,,,,,,,0.14,0.011
Kepler-236 c,Confirmed,,,,,,,0.178,0.015
Kepler-237 b,Confirmed,,,,,,,0.126,0.067
Kepler-237 c,Confirmed,,,,,,,0.186,0.098
Kepler-238 b,Confirmed,,,,,,,0.154,0.036
Kepler-238 c,Confirmed,,,,,,,0.213,0.04
Kepler-238 d,Confirmed,,,,,,,0.274,0.051
Kepler-238 e,Confirmed,0.534,0.217,0.226,,,,0.5,0.041
Kepler-238 f,Confirmed,0.042,0.008,0.009,,,,0.178,0.015
Kepler-239 b,Confirmed,,,,,,,0.208,0.013
Kepler-239 c,Confirmed,,,,,,,0.224,0.037
Kepler-23 b,Confirmed,0.8,0.75,0.0,,,,0.17,
Kepler-23 c,Confirmed,2.7,2.6,0.0,,,,0.285,
Kepler-23 d,Confirmed,0.055,0.037,0.043,,,,0.196,0.008
Kepler-240 b,Confirmed,,,,,,,0.122,0.05
Kepler-240 c,Confirmed,,,,,,,0.196,0.079
Kepler-241 Ab,Confirmed,,,,,,,0.208,0.092
Kepler-241 Ac,Confirmed,,,,,,,0.229,0.099
Kepler-242 b,Confirmed,,,,,,,0.233,0.143
Kepler-242 c,Confirmed,,,,,,,0.178,0.11
Kepler-243 b,Confirmed,,,,,,,0.219,0.103
Kepler-243 c,Confirmed,,,,,,,0.178,0.087
Kepler-244 b,Confirmed,,,,,,,0.246,0.103
Kepler-244 c,Confirmed,,,,,,,0.183,0.078
Kepler-244 d,Confirmed,,,,,,,0.206,0.087
Kepler-245 b,Confirmed,,,,,,,0.229,0.016
Kepler-245 c,Confirmed,,,,,,,0.194,0.015
Kepler-245 d,Confirmed,,,,,,,0.27,0.019
Kepler-245 e,Confirmed,,,,,,,0.156,0.005
Kepler-246 b,Confirmed,,,,,,,0.209,0.107
Kepler-246 c,Confirmed,,,,,,,0.134,0.068
Kepler-247 b,Confirmed,,,,,,,0.146,0.041
Kepler-247 c,Confirmed,,,,,,,0.365,0.102
Kepler-247 d,Confirmed,,,,,,,0.352,0.098
Kepler-248 b,Confirmed,,,,,,,0.269,0.032
Kepler-248 c,Confirmed,,,,,,,0.363,0.044
Kepler-249 b,Confirmed,,,,,,,0.097,0.004
Kepler-249 c,Confirmed,,,,,,,0.135,0.008
Kepler-249 d,Confirmed,,,,,,,0.14,0.012
Kepler-24 b,Confirmed,1.6,1.599,0.0,,,,0.214,
Kepler-24 c,Confirmed,1.6,1.599,0.0,,,,0.25,
Kepler-24 d,Confirmed,,,,,,,0.149,0.035
Kepler-24 e,Confirmed,,,,,,,0.248,0.057
Kepler-250 b,Confirmed,,,,,,,0.101,0.061
Kepler-250 c,Confirmed,,,,,,,0.203,0.117
Kepler-250 d,Confirmed,,,,,,,0.194,0.112
Kepler-251 b,Confirmed,,,,,,,0.119,0.021
Kepler-251 c,Confirmed,,,,,,,0.247,0.044
Kepler-251 d,Confirmed,,,,,,,0.247,0.044
Kepler-251 e,Confirmed,,,,,,,0.247,0.044
Kepler-252 b,Confirmed,,,,,,,0.11,0.011
Kepler-252 c,Confirmed,,,,,,,0.192,0.012
Kepler-253 b,Confirmed,,,,,,,0.145,0.06
Kepler-253 c,Confirmed,,,,,,,0.236,0.099
Kepler-253 d,Confirmed,,,,,,,0.283,0.116
Kepler-254 b,Confirmed,,,,,,,0.345,0.165
Kepler-254 c,Confirmed,,,,,,,0.192,0.092
Kepler-254 d,Confirmed,,,,,,,0.223,0.106
Kepler-255 b,Confirmed,,,,,,,0.138,0.055
Kepler-255 c,Confirmed,,,,,,,0.267,0.105
Kepler-255 d,Confirmed,,,,,,,0.118,0.009
Kepler-256 b,Confirmed,,,,,,,0.142,0.035
Kepler-256 c,Confirmed,,,,,,,0.192,0.047
Kepler-256 d,Confirmed,,,,,,,0.221,0.056
Kepler-256 e,Confirmed,,,,,,,0.21,0.052
Kepler-257 b,Confirmed,,,,,,,0.233,0.117
Kepler-257 c,Confirmed,,,,,,,0.483,0.243
Kepler-257 d,Confirmed,,,,,,,0.442,0.221
Kepler-258 b,Confirmed,,,,,,,0.362,0.242
Kepler-258 c,Confirmed,,,,,,,0.322,0.217
Kepler-259 b,Confirmed,,,,,,,0.25,0.122
Kepler-259 c,Confirmed,,,,,,,0.241,0.117
Kepler-25 Ab,Confirmed,0.034013,0.009736,0.009737,0.033971,0.00972,0.00972,0.24124,0.00526
Kepler-25 Ac,Confirmed,0.075805,0.012697,0.012698,0.075717,0.01268,0.01268,0.4128,0.0091
Kepler-25 Ad,Confirmed,,0.02681,0.02681,0.2161854,0.02681,0.02681,,
Kepler-260 b,Confirmed,,,,,,,0.179,0.049
Kepler-260 c,Confirmed,,,,,,,0.155,0.048
Kepler-261 b,Confirmed,,,,,,,0.194,0.012
Kepler-261 c,Confirmed,,,,,,,0.178,0.012
Kepler-262 b,Confirmed,,,,,,,0.121,0.053
Kepler-262 c,Confirmed,,,,,,,0.146,0.061
Kepler-263 b,Confirmed,,,,,,,0.238,0.129
Kepler-263 c,Confirmed,,,,,,,0.22,0.12
Kepler-264 b,Confirmed,,,,,,,0.297,0.066
Kepler-264 c,Confirmed,,,,,,,0.252,0.052
Kepler-265 b,Confirmed,,,,,,,0.166,0.04
Kepler-265 c,Confirmed,,,,,,,0.235,0.049
Kepler-265 d,Confirmed,,,,,,,0.222,0.048
Kepler-265 e,Confirmed,,,,,,,0.231,0.049
Kepler-266 b,Confirmed,,,,,,,0.221,0.107
Kepler-266 c,Confirmed,,,,,,,0.347,0.169
Kepler-267 b,Confirmed,,,,,,,0.177,0.008
Kepler-267 c,Confirmed,,,,,,,0.19,0.01
Kepler-267 d,Confirmed,,,,,,,0.203,0.011
Kepler-268 b,Confirmed,,,,,,,0.227,0.042
Kepler-268 c,Confirmed,,,,,,,0.302,0.062
Kepler-269 b,Confirmed,,,,,,,0.22,0.103
Kepler-269 c,Confirmed,,,,,,,0.151,0.071
Kepler-26 b,Confirmed,0.01611,0.00192,0.00205,,,,0.248,0.01
Kepler-26 c,Confirmed,0.01951,0.00205,0.00205,,,,0.243,0.011
Kepler-26 d,Confirmed,,,,,,,0.095,0.005
Kepler-26 e,Confirmed,,,,,,,0.215,0.013
Kepler-270 b,Confirmed,,,,,,,0.179,0.036
Kepler-270 c,Confirmed,,,,,,,0.158,0.033
Kepler-271 Ab,Confirmed,,,,,,,0.1088,0.008
Kepler-271 Ac,Confirmed,,,,,,,0.0839,0.0071
Kepler-271 Ad,Confirmed,,,,,,,0.0598,0.0054
Kepler-272 b,Confirmed,,,,,,,0.128,0.069
Kepler-272 c,Confirmed,,,,,,,0.16,0.086
Kepler-272 d,Confirmed,,,,,,,0.201,0.109
Kepler-273 b,Confirmed,,,,,,,0.134,0.077
Kepler-273 c,Confirmed,,,,,,,0.177,0.103
Kepler-274 b,Confirmed,,,,,,,0.137,0.075
Kepler-274 c,Confirmed,,,,,,,0.164,0.089
Kepler-275 b,Confirmed,,,,,,,0.209,0.04
Kepler-275 c,Confirmed,,,,,,,0.302,0.057
Kepler-275 d,Confirmed,,,,,,,0.297,0.066
Kepler-276 b,Confirmed,,,,,,,0.256,0.12
Kepler-276 c,Confirmed,0.052,0.011,0.014,,,,0.259,0.0143
Kepler-276 d,Confirmed,0.051,0.014,0.016,,,,0.25,0.0134
Kepler-277 b,Confirmed,0.275,0.126,0.131,,,,0.261,0.0349
Kepler-277 c,Confirmed,0.202,0.049,0.057,,,,0.3,0.04
Kepler-278 b,Confirmed,0.176,0.041,0.116,,,,0.363,0.014
Kepler-278 c,Confirmed,0.1098,0.066,0.0311,,,,0.32,0.038
Kepler-279 b,Confirmed,,,,,,,0.323,0.063
Kepler-279 c,Confirmed,0.155,0.019,0.023,,,,0.384,0.037
Kepler-279 d,Confirmed,0.118,0.014,0.017,,,,0.277,0.114
Kepler-279 e,Confirmed,0.176,0.019,0.019,,,,,
Kepler-27 Ab,Confirmed,0.132,0.019,0.019,,,,0.357,
Kepler-27 Ac,Confirmed,0.067,0.012,0.012,,,,0.437,
Kepler-27 d,Confirmed,0.025,0.025,0.0,,,,0.45,0.09
Kepler-280 b,Confirmed,,,,,,,0.129,0.062
Kepler-280 c,Confirmed,,,,,,,0.179,0.087
Kepler-281 b,Confirmed,,,,,,,0.252,0.1
Kepler-281 c,Confirmed,,,,,,,0.474,0.184
Kepler-281 d,Confirmed,,,,,,,0.52967,0.0027
Kepler-282 b,Confirmed,,,,,,,0.09,0.022
Kepler-282 c,Confirmed,,,,,,,0.107,0.026
Kepler-282 d,Confirmed,0.192,0.114,0.113,,,,0.219,0.018
Kepler-282 e,Confirmed,0.177,0.053,0.051,,,,0.277,0.0143
Kepler-283 Ab,Confirmed,,,,,,,0.19,0.023
Kepler-283 Ac,Confirmed,,,,,,,0.162,0.011
Kepler-284 b,Confirmed,,,,,,,0.2,0.087
Kepler-284 c,Confirmed,,,,,,,0.233,0.105
Kepler-285 b,Confirmed,,,,,,,0.12,0.052
Kepler-285 c,Confirmed,,,,,,,0.1,0.044
Kepler-286 b,Confirmed,,,,,,,0.111,0.022
Kepler-286 c,Confirmed,,,,,,,0.122,0.024
Kepler-286 d,Confirmed,,,,,,,0.119,0.024
Kepler-286 e,Confirmed,,,,,,,0.158,0.038
Kepler-287 b,Confirmed,,,,,,,0.208,0.095
Kepler-287 c,Confirmed,,,,,,,0.291,0.133
Kepler-288 b,Confirmed,,,,,,,0.149,0.071
Kepler-288 c,Confirmed,,,,,,,0.254,0.121
Kepler-288 d,Confirmed,,,,,,,0.238,0.113
Kepler-289 b,Confirmed,0.023,0.021,0.021,0.023,0.021,0.021,0.192,0.009
Kepler-289 c,Confirmed,0.42,0.05,0.05,0.013,0.003,0.003,1.034,0.017
Kepler-289 d,Confirmed,0.013,0.003,0.003,0.415,0.053,0.053,0.239,0.015
Kepler-289 e,Confirmed,0.0547,0.0041,0.0041,,,,,
Kepler-28 b,Confirmed,1.51,1.5099,0.0,,,,0.321,
Kepler-28 c,Confirmed,1.36,1.3599,0.0,,,,0.303,
Kepler-290 b,Confirmed,,,,,,,0.201,0.109
Kepler-290 c,Confirmed,,,,,,,0.241,0.124
Kepler-291 b,Confirmed,,,,,,,0.193,0.084
Kepler-291 c,Confirmed,,,,,,,0.168,0.073
Kepler-292 b,Confirmed,,,,,,,0.118,0.012
Kepler-292 c,Confirmed,,,,,,,0.131,0.013
Kepler-292 d,Confirmed,,,,,,,0.199,0.019
Kepler-292 e,Confirmed,,,,,,,0.238,0.031
Kepler-292 f,Confirmed,,,,,,,0.21,0.02
Kepler-293 b,Confirmed,,,,,,,0.274,0.116
Kepler-293 c,Confirmed,,,,,,,0.342,0.145
Kepler-294 b,Confirmed,,,,,,,0.158,0.074
Kepler-294 c,Confirmed,,,,,,,0.242,0.113
Kepler-295 b,Confirmed,,,,,,,0.109,0.057
Kepler-295 c,Confirmed,,,,,,,0.104,0.055
Kepler-295 d,Confirmed,,,,,,,0.121,0.064
Kepler-296 Ab,Confirmed,,,,,,,0.144,0.024
Kepler-296 Ac,Confirmed,,,,,,,0.178,0.029
Kepler-296 Ad,Confirmed,,,,,,,0.186,0.029
Kepler-296 Ae,Confirmed,,,,,,,0.136,0.022
Kepler-296 Af,Confirmed,,,,,,,0.161,0.027
Kepler-297 b,Confirmed,,,,,,,0.256,0.046
Kepler-297 c,Confirmed,,,,,,,0.583,0.105
Kepler-298 b,Confirmed,,,,,,,0.175,0.009
Kepler-298 c,Confirmed,,,,,,,0.172,0.02
Kepler-298 d,Confirmed,,,,,,,0.223,0.018
Kepler-299 b,Confirmed,,,,,,,0.118,0.024
Kepler-299 c,Confirmed,,,,,,,0.236,0.056
Kepler-299 d,Confirmed,,,,,,,0.166,0.034
Kepler-299 e,Confirmed,,,,,,,0.167,0.035
Kepler-29 b,Confirmed,0.01573,0.00409,0.00472,,,,0.227,0.011
Kepler-29 c,Confirmed,0.01416,0.00346,0.00346,,,,0.209,0.01
Kepler-300 b,Confirmed,,,,,,,0.149,0.068
Kepler-300 c,Confirmed,,,,,,,0.201,0.093
Kepler-301 Ab,Confirmed,,,,,,,0.12,0.064
Kepler-301 Ac,Confirmed,,,,,,,0.12,0.064
Kepler-301 Ad,Confirmed,,,,,,,0.156,0.084
Kepler-302 b,Confirmed,,,,,,,0.362,0.076
Kepler-302 c,Confirmed,,,,,,,1.111,0.227
Kepler-303 b,Confirmed,,,,,,,0.079,0.004
Kepler-303 c,Confirmed,,,,,,,0.102,0.008
Kepler-304 b,Confirmed,,,,,,,0.255,0.019
Kepler-304 c,Confirmed,,,,,,,0.194,0.013
Kepler-304 d,Confirmed,,,,,,,0.245,0.019
Kepler-304 e,Confirmed,,,,,,,0.107,0.003
Kepler-305 b,Confirmed,0.033,0.006,0.008,,,,0.321,0.032
Kepler-305 c,Confirmed,0.019,0.007,0.008,,,,0.294,0.029
Kepler-305 d,Confirmed,,,,,,,0.242,0.037
Kepler-305 e,Confirmed,,,,,,,0.16,
Kepler-306 b,Confirmed,,,,,,,0.136,0.009
Kepler-306 c,Confirmed,,,,,,,0.21,0.017
Kepler-306 d,Confirmed,,,,,,,0.22,0.021
Kepler-306 e,Confirmed,,,,,,,0.203,0.013
Kepler-307 b,Confirmed,0.02341,0.00274,0.00286,,,,0.217,0.008
Kepler-307 c,Confirmed,0.01145,0.00182,0.00205,,,,0.196,0.006
Kepler-308 b,Confirmed,,,,,,,0.189,0.091
Kepler-308 c,Confirmed,,,,,,,0.193,0.093
Kepler-309 b,Confirmed,,,,,,,0.139,0.012
Kepler-309 c,Confirmed,,,,,,,0.224,0.016
Kepler-30 b,Confirmed,0.036,0.004,0.004,,,,0.348,0.018
Kepler-30 c,Confirmed,2.01,0.16,0.16,,,,1.097,0.036
Kepler-30 d,Confirmed,0.073,0.008,0.008,,,,0.785,0.045
Kepler-310 b,Confirmed,,,,,,,0.106,0.05
Kepler-310 c,Confirmed,,,,,,,0.302,0.141
Kepler-310 d,Confirmed,,,,,,,0.22,0.103
Kepler-311 b,Confirmed,,,,,,,0.152,0.029
Kepler-311 c,Confirmed,,,,,,,0.128,0.025
Kepler-312 b,Confirmed,,,,,,,0.115,0.022
Kepler-312 c,Confirmed,,,,,,,0.281,0.054
Kepler-313 b,Confirmed,,,,,,,0.226,0.028
Kepler-313 c,Confirmed,,,,,,,0.229,0.037
Kepler-314 b,Confirmed,,,,,,,0.074,0.011
Kepler-314 c,Confirmed,,,,,,,0.259,0.038
Kepler-315 b,Confirmed,,,,,,,0.336,0.07
Kepler-315 c,Confirmed,,,,,,,0.37,0.086
Kepler-316 b,Confirmed,,,,,,,0.095,0.01
Kepler-316 c,Confirmed,,,,,,,0.103,0.011
Kepler-317 b,Confirmed,,,,,,,0.186,0.086
Kepler-317 c,Confirmed,,,,,,,0.153,0.07
Kepler-318 b,Confirmed,,,,,,,0.42,0.074
Kepler-318 c,Confirmed,,,,,,,0.328,0.058
Kepler-319 b,Confirmed,,,,,,,0.145,0.021
Kepler-319 c,Confirmed,,,,,,,0.235,0.033
Kepler-319 d,Confirmed,,,,,,,0.204,0.031
Kepler-31 b,Confirmed,,,,,,,0.491,0.098
Kepler-31 c,Confirmed,4.7,4.699,0.0,,,,0.473,0.098
Kepler-31 d,Confirmed,6.8,6.7999,0.0,,,,0.348,0.071
Kepler-320 b,Confirmed,,,,,,,0.102,0.048
Kepler-320 c,Confirmed,,,,,,,0.122,0.057
Kepler-321 b,Confirmed,,,,,,,0.158,0.03
Kepler-321 c,Confirmed,,,,,,,0.207,0.04
Kepler-322 b,Confirmed,,,,,,,0.09,0.01
Kepler-322 c,Confirmed,,,,,,,0.149,0.016
Kepler-323 b,Confirmed,,,,,,,0.128,0.025
Kepler-323 c,Confirmed,,,,,,,0.145,0.029
Kepler-324 b,Confirmed,,,,,,,0.102,0.01
Kepler-324 c,Confirmed,,,,,,,0.281,0.029
Kepler-324 d,Confirmed,0.00702,0.00264,0.0016,2.23,0.84,0.5,0.1008,0.0045
Kepler-324 e,Confirmed,,,,,,,0.18182,
Kepler-325 b,Confirmed,,,,,,,0.26,0.128
Kepler-325 c,Confirmed,,,,,,,0.227,0.112
Kepler-325 d,Confirmed,,,,,,,0.249,0.124
Kepler-326 Ab,Confirmed,,,,,,,0.136,0.014
Kepler-326 Ac,Confirmed,,,,,,,0.125,0.009
Kepler-326 Ad,Confirmed,,,,,,,0.108,0.008
Kepler-327 b,Confirmed,,,,,,,0.099,0.004
Kepler-327 c,Confirmed,,,,,,,0.092,0.004
Kepler-327 d,Confirmed,,,,,,,0.154,0.009
Kepler-328 b,Confirmed,0.09,0.039,0.041,,,,0.205,0.021
Kepler-328 c,Confirmed,0.124,0.04,0.043,,,,0.482,0.048
Kepler-329 b,Confirmed,,,,,,,0.125,0.022
Kepler-329 c,Confirmed,,,,,,,0.172,0.026
Kepler-32 b,Confirmed,4.1,4.05,0.0,,,,0.196,0.018
Kepler-32 c,Confirmed,0.5,0.499,0.0,,,,0.178,0.018
Kepler-32 d,Confirmed,,,,,,,0.241,0.018
Kepler-32 e,Confirmed,,,,,,,0.134,0.009
Kepler-32 f,Confirmed,,,,,,,0.073,0.006
Kepler-330 b,Confirmed,,,,,,,0.12,0.047
Kepler-330 c,Confirmed,,,,,,,0.174,0.064
Kepler-331 b,Confirmed,,,,,,,0.162,0.017
Kepler-331 c,Confirmed,,,,,,,0.164,0.017
Kepler-331 d,Confirmed,,,,,,,0.146,0.015
Kepler-332 b,Confirmed,,,,,,,0.104,0.007
Kepler-332 c,Confirmed,,,,,,,0.097,0.007
Kepler-332 d,Confirmed,,,,,,,0.105,0.007
Kepler-333 Ab,Confirmed,,,,,,,0.1195,0.0054
Kepler-333 Ac,Confirmed,,,,,,,0.1035,0.0054
Kepler-334 b,Confirmed,,,,,,,0.1,0.019
Kepler-334 c,Confirmed,,,,,,,0.128,0.023
Kepler-334 d,Confirmed,,,,,,,0.126,0.023
Kepler-335 b,Confirmed,,,,,,,0.302,0.06
Kepler-335 c,Confirmed,,,,,,,0.274,0.059
Kepler-336 Ab,Confirmed,,,,,,,0.091,0.017
Kepler-336 Ac,Confirmed,,,,,,,0.187,0.033
Kepler-336 Ad,Confirmed,,,,,,,0.211,0.043
Kepler-337 b,Confirmed,,,,,,,0.137,0.038
Kepler-337 c,Confirmed,,,,,,,0.183,0.051
Kepler-338 b,Confirmed,0.0963,0.0664,0.0761,,,,0.218,0.012
Kepler-338 c,Confirmed,,,,,,,0.209,0.011
Kepler-338 d,Confirmed,,,,,,,0.268,0.025
Kepler-338 e,Confirmed,0.027,0.02,0.023,,,,0.139,0.006
Kepler-339 b,Confirmed,,,,,,,0.127,0.059
Kepler-339 c,Confirmed,,,,,,,0.103,0.046
Kepler-339 d,Confirmed,,,,,,,0.104,0.047
Kepler-33 b,Confirmed,,,,,,,0.155,0.016
Kepler-33 c,Confirmed,,,,,,,0.285,0.027
Kepler-33 d,Confirmed,,,,,,,0.477,0.044
Kepler-33 e,Confirmed,,,,,,,0.359,0.034
Kepler-33 f,Confirmed,,,,,,,0.398,0.037
Kepler-340 b,Confirmed,,,,,,,0.226,0.054
Kepler-340 c,Confirmed,,,,,,,0.301,0.069
Kepler-341 b,Confirmed,,,,,,,0.105,0.055
Kepler-341 c,Confirmed,,,,,,,0.152,0.077
Kepler-341 d,Confirmed,,,,,,,0.165,0.084
Kepler-341 e,Confirmed,,,,,,,0.178,0.092
Kepler-342 b,Confirmed,,,,,,,0.201,0.036
Kepler-342 c,Confirmed,,,,,,,0.175,0.031
Kepler-342 d,Confirmed,,,,,,,0.222,0.043
Kepler-342 e,Confirmed,,,,,,,0.079,0.005
Kepler-343 b,Confirmed,,,,,,,0.215,0.045
Kepler-343 c,Confirmed,,,,,,,0.18,0.034
Kepler-344 b,Confirmed,,,,,,,0.233,0.109
Kepler-344 c,Confirmed,,,,,,,0.263,0.123
Kepler-345 Ab,Confirmed,,,,,,,0.066,0.005
Kepler-345 Ac,Confirmed,,,,,,,0.107,0.006
Kepler-346 b,Confirmed,,,,,,,0.237,0.111
Kepler-346 c,Confirmed,,,,,,,0.274,0.13
Kepler-347 b,Confirmed,,,,,,,0.176,0.084
Kepler-347 c,Confirmed,,,,,,,0.156,0.075
Kepler-348 b,Confirmed,,,,,,,0.136,0.026
Kepler-348 c,Confirmed,,,,,,,0.119,0.022
Kepler-349 b,Confirmed,,,,,,,0.17,0.064
Kepler-349 c,Confirmed,,,,,,,0.175,0.066
Kepler-34 (AB)b,Confirmed,0.22,0.011,0.011,,,,0.7637,0.0134
Kepler-350 b,Confirmed,,,,,,,0.165,0.034
Kepler-350 c,Confirmed,0.019,0.01,0.01,,,,0.277,0.125
Kepler-350 d,Confirmed,0.047,0.015,0.017,,,,0.25,0.092
Kepler-351 b,Confirmed,,,,,,,0.273,0.138
Kepler-351 c,Confirmed,,,,,,,0.285,0.138
Kepler-351 d,Confirmed,,,,,,,0.243,0.027
Kepler-352 b,Confirmed,,,,,,,0.077,0.007
Kepler-352 c,Confirmed,,,,,,,0.111,0.009
Kepler-352 d,Confirmed,,,,,,,0.071925,
Kepler-353 Ab,Confirmed,,,,,,,0.0937,0.0062
Kepler-353 Ac,Confirmed,,,,,,,0.161,0.0116
Kepler-354 b,Confirmed,,,,,,,0.164,0.052
Kepler-354 c,Confirmed,,,,,,,0.117,0.037
Kepler-354 d,Confirmed,,,,,,,0.111,0.036
Kepler-355 b,Confirmed,,,,,,,0.13,0.059
Kepler-355 c,Confirmed,,,,,,,0.242,0.109
Kepler-356 b,Confirmed,,,,,,,0.14,0.026
Kepler-356 c,Confirmed,,,,,,,0.161,0.029
Kepler-357 b,Confirmed,,,,,,,0.164,0.096
Kepler-357 c,Confirmed,,,,,,,0.238,0.14
Kepler-357 d,Confirmed,,,,,,,0.306,0.182
Kepler-358 b,Confirmed,,,,,,,0.243,0.121
Kepler-358 c,Confirmed,,,,,,,0.254,0.128
Kepler-359 b,Confirmed,,,,,,,0.315,0.146
Kepler-359 c,Confirmed,,,,,,,0.384,0.178
Kepler-359 d,Confirmed,,,,,,,0.358,0.17
Kepler-35 (AB)b,Confirmed,0.1268,0.0201,0.0201,,,,0.728,0.0134
Kepler-360 b,Confirmed,,,,,,,0.147,0.07
Kepler-360 c,Confirmed,,,,,,,0.187,0.089
Kepler-361 b,Confirmed,,,,,,,0.129,0.025
Kepler-361 c,Confirmed,,,,,,,0.225,0.043
Kepler-362 Ab,Confirmed,,,,,,,0.079,0.034
Kepler-362 Ac,Confirmed,,,,,,,0.129,0.054
Kepler-363 b,Confirmed,,,,,,,0.103,0.017
Kepler-363 c,Confirmed,,,,,,,0.151,0.024
Kepler-363 d,Confirmed,,,,,,,0.183,0.036
Kepler-364 b,Confirmed,,,,,,,0.138,0.033
Kepler-364 c,Confirmed,,,,,,,0.192,0.037
Kepler-365 Ab,Confirmed,,,,,,,0.182,0.087
Kepler-365 Ac,Confirmed,,,,,,,0.146,0.069
Kepler-366 b,Confirmed,,,,,,,0.13,0.059
Kepler-366 c,Confirmed,,,,,,,0.16,0.072
Kepler-367 b,Confirmed,,,,,,,0.116,0.014
Kepler-367 c,Confirmed,,,,,,,0.107,0.014
Kepler-368 b,Confirmed,,,,,,,0.291,0.081
Kepler-368 c,Confirmed,,,,,,,0.346,0.096
Kepler-369 Ab,Confirmed,,,,,,,0.101,0.005
Kepler-369 Ac,Confirmed,,,,,,,0.126,0.005
Kepler-36 b,Confirmed,0.01205,0.00031,0.00035,,,,0.134,0.004
Kepler-36 c,Confirmed,0.02243,0.00057,0.00057,,,,0.328,0.008
Kepler-370 b,Confirmed,,,,,,,0.142,0.07
Kepler-370 c,Confirmed,,,,,,,0.17,0.079
Kepler-371 b,Confirmed,,,,,,,0.169,0.046
Kepler-371 c,Confirmed,,,,,,,0.159,0.04
Kepler-372 b,Confirmed,,,,,,,0.121,0.053
Kepler-372 c,Confirmed,,,,,,,0.186,0.08
Kepler-372 d,Confirmed,,,,,,,0.151,0.065
Kepler-373 b,Confirmed,,,,,,,0.121,0.06
Kepler-373 c,Confirmed,,,,,,,0.111,0.055
Kepler-374 b,Confirmed,,,,,,,0.092,0.048
Kepler-374 c,Confirmed,,,,,,,0.098,0.051
Kepler-374 d,Confirmed,,,,,,,0.117,0.062
Kepler-375 b,Confirmed,,,,,,,0.129,0.045
Kepler-375 c,Confirmed,,,,,,,0.236,0.086
Kepler-376 b,Confirmed,,,,,,,0.095,0.02
Kepler-376 c,Confirmed,,,,,,,0.16,0.032
Kepler-377 b,Confirmed,,,,,,,0.124,0.024
Kepler-377 c,Confirmed,,,,,,,0.184,0.035
Kepler-378 b,Confirmed,,,,,,,0.067,0.013
Kepler-378 c,Confirmed,,,,,,,0.062,0.004
Kepler-379 Ab,Confirmed,,,,,,,0.148,0.028
Kepler-379 Ac,Confirmed,,,,,,,0.204,0.038
Kepler-37 b,Confirmed,0.01,0.01,0.01,,,,0.026,0.003
Kepler-37 c,Confirmed,0.03776,,,,,,0.067,0.003
Kepler-37 d,Confirmed,0.017,0.0044,0.0044,,,,0.173,0.005
Kepler-37 e,Confirmed,,1.7,1.7,8.1,1.7,1.7,,
Kepler-380 Ab,Confirmed,,,,,,,0.106,0.021
Kepler-380 Ac,Confirmed,,,,,,,0.113,0.025
Kepler-381 b,Confirmed,,,,,,,0.088,0.02
Kepler-381 c,Confirmed,,,,,,,0.1,0.022
Kepler-381 d,Confirmed,,,,,,,0.095165,
Kepler-382 b,Confirmed,,,,,,,0.118,0.056
Kepler-382 c,Confirmed,,,,,,,0.142,0.069
Kepler-383 Ab,Confirmed,,,,,,,0.118,0.046
Kepler-383 Ac,Confirmed,,,,,,,0.111,0.044
Kepler-384 b,Confirmed,,,,,,,0.1,0.029
Kepler-384 c,Confirmed,,,,,,,0.101,0.029
Kepler-385 b,Confirmed,,,,,,,0.20635,0.01445
Kepler-385 c,Confirmed,,,,,,,0.21064,0.01303
Kepler-385 d,Confirmed,,,,,,,0.21617,0.01436
Kepler-386 b,Confirmed,,,,,,,0.13338,0.018
Kepler-386 c,Confirmed,,,,,,,0.17183,0.017
Kepler-387 b,Confirmed,,,,,,,0.092,0.021
Kepler-387 c,Confirmed,,,,,,,0.079,0.02
Kepler-388 Ab,Confirmed,,,,,,,0.072,0.009
Kepler-388 Ac,Confirmed,,,,,,,0.077,0.01
Kepler-389 b,Confirmed,,,,,,,0.135,0.069
Kepler-389 c,Confirmed,,,,,,,0.13,0.067
Kepler-38 (AB)b,Confirmed,0.38,0.38,0.0,,,,0.39,0.01
Kepler-390 Ab,Confirmed,,,,,,,0.0651,0.0036
Kepler-390 Ac,Confirmed,,,,,,,0.071,0.0036
Kepler-391 b,Confirmed,,,,,,,0.02543,0.0062
Kepler-391 c,Confirmed,1.416,1.413,0.0,,,,0.316,0.077
Kepler-392 b,Confirmed,,,,,,,0.089,0.019
Kepler-392 c,Confirmed,,,,,,,0.098,0.021
Kepler-393 Ab,Confirmed,,,,,,,0.115,0.022
Kepler-393 Ac,Confirmed,,,,,,,0.119,0.028
Kepler-394 b,Confirmed,,,,,,,0.143,0.073
Kepler-394 c,Confirmed,,,,,,,0.148,0.077
Kepler-394 d,Confirmed,,,,,,,0.134,
Kepler-395 b,Confirmed,,,,,,,0.092,0.007
Kepler-395 c,Confirmed,,,,,,,0.118,0.008
Kepler-396 b,Confirmed,0.238,0.018,0.037,,,,0.312,0.058
Kepler-396 c,Confirmed,0.056,0.004,0.009,,,,0.473,0.088
Kepler-397 Ab,Confirmed,,,,,,,0.219,1.902
Kepler-397 Ac,Confirmed,,,,,,,0.551,0.05
Kepler-398 b,Confirmed,,,,,,,0.083,0.009
Kepler-398 c,Confirmed,,,,,,,0.09,0.01
Kepler-398 d,Confirmed,,,,,,,0.079,0.004
Kepler-399 b,Confirmed,,,,,,,0.086,0.045
Kepler-399 c,Confirmed,,,,,,,0.128,0.069
Kepler-399 d,Confirmed,,,,,,,0.169,0.09
Kepler-400 Ab,Confirmed,,,,,,,0.147,0.027
Kepler-400 Ac,Confirmed,,,,,,,0.133,0.025
Kepler-401 b,Confirmed,,,,,,,0.153,0.036
Kepler-401 c,Confirmed,,,,,,,0.192,0.036
Kepler-401 d,Confirmed,,,,,,,0.203,0.023
Kepler-402 b,Confirmed,,,,,,,0.109,0.021
Kepler-402 c,Confirmed,,,,,,,0.139,0.031
Kepler-402 d,Confirmed,,,,,,,0.123,0.024
Kepler-402 e,Confirmed,,,,,,,0.13,0.026
Kepler-403 b,Confirmed,,,,,,,0.112,0.02
Kepler-403 c,Confirmed,,,,,,,0.156,0.029
Kepler-403 d,Confirmed,,,,,,,0.127,0.017
Kepler-404 b,Confirmed,,,,,,,0.113,0.049
Kepler-404 c,Confirmed,,,,,,,0.153,0.076
Kepler-405 b,Confirmed,,,,,,,0.186,0.088
Kepler-405 c,Confirmed,,,,,,,0.416,2.378
Kepler-406 b,Confirmed,0.02,0.004,0.004,0.02,0.0044,0.0044,0.128,0.003
Kepler-406 c,Confirmed,0.009,0.006,0.006,0.00853,0.0057,0.0057,0.076,0.003
Kepler-407 Ab,Confirmed,0.005251,0.002586,0.002586,,,,0.10358,0.00348
Kepler-407 Ac,Confirmed,,0.0493,0.0493,11.089,0.0493,0.0493,,
Kepler-408 b,Confirmed,0.01573,,,0.02,,,0.073,0.0003
Kepler-409 b,Confirmed,0.06922,0.0692,0.0,0.0692,,,0.106,0.003
Kepler-40 b,Confirmed,2.2,0.4,0.4,,,,1.17,0.04
Kepler-410 Ab,Confirmed,,,,,,,0.253,0.005
Kepler-411 Ab,Confirmed,0.0805,0.0082,0.0082,,,,0.16647,0.00544
Kepler-411 Ac,Confirmed,0.0831,0.0186,0.0186,,,,0.28888,0.00964
Kepler-411 Ad,Confirmed,0.04782,0.01605,0.01605,,,,0.30119,0.01079
Kepler-411 Ae,Confirmed,0.03398,0.00346,0.00346,,,,,
Kepler-412 b,Confirmed,0.941,0.019,0.125,,,,1.341,0.046
Kepler-413 (AB)b,Confirmed,0.211,0.066,0.066,,,,0.3881,0.009
Kepler-414 b,Confirmed,0.011,0.009,0.011,,,,0.153,0.012
Kepler-414 c,Confirmed,0.094,0.033,0.039,,,,0.269,0.022
Kepler-415 b,Confirmed,0.377,0.275,0.321,,,,0.108,0.009
Kepler-415 c,Confirmed,,,,,,,0.2507,0.0116
Kepler-416 b,Confirmed,0.183,0.124,0.168,,,,0.221,0.029
Kepler-416 c,Confirmed,,,,,,,0.2186,0.0143
Kepler-417 b,Confirmed,0.035,0.025,0.029,,,,0.206,0.015
Kepler-417 c,Confirmed,,,,,,,0.24,0.0125
Kepler-418 b,Confirmed,1.1,0.0,1.1,,,,1.2,0.16
Kepler-418 c,Confirmed,,,,,,,0.46579,
Kepler-419 b,Confirmed,2.5,0.3,0.3,,,,0.96,0.12
Kepler-419 c,Confirmed,7.3,0.4,0.4,,,,,
Kepler-41 b,Confirmed,0.56,0.08,0.08,,,,1.29,0.02
Kepler-420 Ab,Confirmed,1.45,0.35,0.35,,,,0.94,0.12
Kepler-421 Ab,Confirmed,,,,,,,0.371,0.014
Kepler-422 b,Confirmed,0.43,0.13,0.13,0.43,0.13,0.13,1.15,0.11
Kepler-423 b,Confirmed,0.595,0.081,0.081,0.595,0.081,0.081,1.192,0.052
Kepler-424 b,Confirmed,1.03,0.13,0.13,1.03,0.13,0.13,0.89,0.06
Kepler-424 c,Confirmed,,0.62,0.62,6.97,0.62,0.62,,
Kepler-425 b,Confirmed,0.25,0.08,0.08,0.25,0.08,0.08,0.978,0.022
Kepler-426 b,Confirmed,0.34,0.08,0.08,0.34,0.08,0.08,1.09,0.03
Kepler-427 b,Confirmed,0.29,0.09,0.09,0.29,0.09,0.09,1.23,0.21
Kepler-428 b,Confirmed,1.27,0.19,0.19,,,,1.08,0.03
Kepler-42 b,Confirmed,0.009,0.00899,0.0,,,,0.07,0.02
Kepler-42 c,Confirmed,0.006,0.00599,0.0,,,,0.065,0.018
Kepler-42 d,Confirmed,0.003,0.00299,0.0,,,,0.051,0.016
Kepler-430 b,Confirmed,,,,,,,0.29,
Kepler-430 c,Confirmed,,,,,,,0.16,
Kepler-431 b,Confirmed,,,,,,,0.068,
Kepler-431 c,Confirmed,,,,,,,0.06,
Kepler-431 d,Confirmed,,,,,,,0.1,
Kepler-432 b,Confirmed,5.41,0.18,0.32,5.41,0.3,0.19,1.145,0.039
Kepler-432 c,Confirmed,,0.24,0.22,2.43,0.24,0.22,,
Kepler-433 b,Confirmed,2.82,0.52,0.52,,,,1.45,0.16
Kepler-434 b,Confirmed,2.86,0.35,0.35,,,,1.13,0.18
Kepler-435 b,Confirmed,0.84,0.15,0.15,,,,1.99,0.18
Kepler-436 b,Confirmed,,,,,,,0.24,0.02
Kepler-436 c,Confirmed,,,,,,,0.208,0.012
Kepler-437 Ab,Confirmed,,,,,,,0.19,0.02
Kepler-438 b,Confirmed,,,,,,,0.1,0.02
Kepler-439 b,Confirmed,,,,,,,0.2,0.014
Kepler-43 b,Confirmed,3.23,0.19,0.19,,,,1.219,0.064
Kepler-440 b,Confirmed,,,,,,,0.17,0.02
Kepler-441 b,Confirmed,,,,,,,0.15,0.02
Kepler-442 b,Confirmed,,,,,,,0.12,0.0098
Kepler-443 b,Confirmed,,,,,,,0.21,0.02
Kepler-444 Ab,Confirmed,,,,,,,0.03595,0.0036
Kepler-444 Ac,Confirmed,,,,,,,0.044,0.002
Kepler-444 Ad,Confirmed,,,,,,,0.047,0.002
Kepler-444 Ae,Confirmed,,,,,,,0.049,0.001
Kepler-444 Af,Confirmed,,,,,,,0.066,0.004
Kepler-445 b,Confirmed,0.02,0.003,0.003,,,,0.14,0.02
Kepler-445 c,Confirmed,0.027,0.002,0.002,,,,0.22,0.03
Kepler-445 d,Confirmed,0.011,0.002,0.002,,,,0.11,0.02
Kepler-446 b,Confirmed,0.014,0.002,0.002,,,,0.13,0.02
Kepler-446 c,Confirmed,0.009,0.003,0.003,,,,0.1,0.02
Kepler-446 d,Confirmed,0.01,0.003,0.003,,,,0.12,0.02
Kepler-447 b,Confirmed,1.37,0.46,0.48,1.37,0.48,0.48,1.65,0.59
Kepler-448 b,Confirmed,1.1,0.8,3.5,,,,1.23,0.05
Kepler-449 Ab,Confirmed,,,,,,,0.183,0.006
Kepler-449 Ac,Confirmed,,,,,,,0.247,0.008
Kepler-44 b,Confirmed,1.0,0.1,0.1,,,,1.09,0.07
Kepler-450 Ab,Confirmed,,,,,,,0.5424,0.0384
Kepler-450 Ac,Confirmed,,,,,,,2.59,0.18
Kepler-450 Ad,Confirmed,,,,,,,0.0856,0.0062
Kepler-451 (AB)b,Confirmed,,0.5,0.5,1.86,0.5,0.5,,
Kepler-451 (AB)c,Confirmed,,0.14,0.14,1.61,0.14,0.14,,
Kepler-451 (AB)d,Confirmed,,0.18,0.18,1.76,0.18,0.18,,
Kepler-452 b,Confirmed,,,,,,,0.145,0.02
Kepler-453 (AB)b,Confirmed,0.03,0.03,0.03,,,,0.55,0.0031
Kepler-454 Ab,Confirmed,0.017,0.0044,0.0044,0.0215,0.0044,0.0044,0.2114,0.0116
Kepler-454 Ac,Confirmed,,0.05,0.05,4.583,0.05,0.05,,
Kepler-454 Ad,Confirmed,,0.44,0.44,2.307,0.44,0.44,,
Kepler-455 b,Confirmed,,,,,,,0.62,0.08
Kepler-457 b,Confirmed,,,,,,,0.37,0.17
Kepler-457 c,Confirmed,,,,,,,0.21,0.12
Kepler-457 d,Confirmed,,,,,,,0.26627,
Kepler-458 b,Confirmed,,,,,,,0.41,0.062
Kepler-458 c,Confirmed,,,,,,,0.375,0.036
Kepler-459 b,Confirmed,,,,,,,0.49,0.071
Kepler-45 b,Confirmed,0.505,0.09,0.09,,,,0.96,0.11
Kepler-460 b,Confirmed,,,,,,,0.57,0.14
Kepler-460 c,Confirmed,,,,,,,0.492,0.065
Kepler-461 b,Confirmed,,,,,,,0.23,0.005
Kepler-462 b,Confirmed,0.16959,0.07488,0.32911,,,,0.268,0.009
Kepler-462 c,Confirmed,0.01888,0.01542,0.03398,,,,0.357,0.018
Kepler-463 b,Confirmed,,,,,,,0.272,0.027
Kepler-464 b,Confirmed,,,,,,,0.294,0.012
Kepler-465 b,Confirmed,,,,,,,0.263,0.014
Kepler-466 b,Confirmed,,,,,,,0.254,0.015
Kepler-466 c,Confirmed,,,,,,,0.112,0.006
Kepler-467 b,Confirmed,,,,,,,0.201,0.007
Kepler-468 b,Confirmed,,,,,,,1.19,0.026
Kepler-469 b,Confirmed,,,,,,,0.0651,0.0152
Kepler-46 b,Confirmed,6.0,6.0,0.0,,,,0.808,0.043
Kepler-46 c,Confirmed,0.376,0.019,0.021,,,,,
Kepler-46 d,Confirmed,,,,,,,0.146,0.082
Kepler-471 b,Confirmed,,,,,,,1.335,0.264
Kepler-472 b,Confirmed,,,,,,,0.287,0.025
Kepler-473 b,Confirmed,,,,,,,0.364,0.06
Kepler-474 b,Confirmed,,,,,,,0.273,0.033
Kepler-475 b,Confirmed,,,,,,,0.222,0.016
Kepler-476 Ab,Confirmed,,,,,,,0.275,0.027
Kepler-477 Ab,Confirmed,,,,,,,0.1856,0.008
Kepler-478 Ab,Confirmed,,,,,,,0.242,0.029
Kepler-479 b,Confirmed,,,,,,,0.189,0.006
Kepler-47 (AB)b,Confirmed,,,,,,,0.27,0.011
Kepler-47 (AB)c,Confirmed,,,,,,,0.41,0.018
Kepler-47 (AB)d,Confirmed,0.05984,0.0368,0.0749,,,,0.6281,0.0437
Kepler-480 b,Confirmed,,,,,,,0.248,0.019
Kepler-481 b,Confirmed,,,,,,,0.223,0.026
Kepler-482 Ab,Confirmed,,,,,,,0.2105,0.0125
Kepler-483 b,Confirmed,,,,,,,0.286,0.038
Kepler-484 b,Confirmed,,,,,,,0.203,0.004
Kepler-485 b,Confirmed,,,,,,,1.286,0.145
Kepler-487 Ab,Confirmed,,,,,,,1.019,0.047
Kepler-487 Ac,Confirmed,,,,,,,0.239,0.044
Kepler-487 Ad,Confirmed,,,,,,,0.24757,
Kepler-489 b,Confirmed,,,,,,,0.689,0.018
Kepler-48 b,Confirmed,0.0124,0.0066,0.0066,,,,0.168,0.009
Kepler-48 c,Confirmed,0.04597,0.0072,0.0072,,,,0.242,0.012
Kepler-48 d,Confirmed,0.025,0.014,0.014,,,,0.182,0.0098
Kepler-48 e,Confirmed,2.067,0.079,0.079,2.067,0.079,0.079,,
Kepler-48 f,Confirmed,,0.29,0.29,0.94,0.29,0.29,,
Kepler-490 b,Confirmed,,,,,,,1.039,0.123
Kepler-491 b,Confirmed,,,,,,,0.796,0.045
Kepler-493 b,Confirmed,,,,,,,1.35,0.227
Kepler-494 b,Confirmed,,,,,,,0.637,0.089
Kepler-495 b,Confirmed,,,,,,,0.467,0.03
Kepler-495 c,Confirmed,,,,,,,0.10875,
Kepler-496 b,Confirmed,,,,,,,0.207,0.012
Kepler-497 b,Confirmed,,,,,,,0.539,0.059
Kepler-498 b,Confirmed,,,,,,,0.27,0.03
Kepler-499 b,Confirmed,,,,,,,0.194,0.014
Kepler-49 b,Confirmed,0.98,,,,,,0.243,
Kepler-49 c,Confirmed,0.72,,,,,,0.227,
Kepler-49 d,Confirmed,,,,,,,0.143,0.006
Kepler-49 e,Confirmed,,,,,,,0.139,0.007
Kepler-4 b,Confirmed,0.077,0.012,0.012,,,,0.357,0.019
Kepler-500 b,Confirmed,,,,,,,0.23,0.015
Kepler-501 b,Confirmed,,,,,,,0.384,0.041
Kepler-501 c,Confirmed,,,,,,,0.149979,
Kepler-502 b,Confirmed,,,,,,,0.426,0.059
Kepler-504 Ab,Confirmed,,,,,,,0.1401,0.0214
Kepler-505 b,Confirmed,,,,,,,0.232,0.008
Kepler-506 b,Confirmed,,,,,,,0.244,0.005
Kepler-507 b,Confirmed,,,,,,,0.116,0.015
Kepler-508 b,Confirmed,,,,,,,0.146,0.017
Kepler-509 b,Confirmed,,,,,,,0.222,0.005
Kepler-50 b,Confirmed,0.1,0.1,0.0,,,,0.153,0.009
Kepler-50 c,Confirmed,0.11,0.11,0.0,,,,0.194,0.007
Kepler-510 b,Confirmed,,,,,,,0.22,0.011
Kepler-511 b,Confirmed,,,,,,,0.567,0.091
Kepler-511 c,Confirmed,,,,,,,0.3755,
Kepler-512 b,Confirmed,,,,,,,0.24,0.028
Kepler-513 b,Confirmed,,,,,,,0.196,0.018
Kepler-514 Ab,Confirmed,,,,,,,0.1811,0.027
Kepler-515 Ab,Confirmed,,,,,,,0.134,0.009
Kepler-516 b,Confirmed,,,,,,,0.512,0.103
Kepler-517 Ab,Confirmed,,,,,,,0.248,0.0339
Kepler-518 b,Confirmed,,,,,,,0.188,0.004
Kepler-519 Ab,Confirmed,,,,,,,0.1909,0.008
Kepler-51 b,Confirmed,0.007,0.003,0.005,,,,0.633,0.027
Kepler-51 c,Confirmed,0.013,0.001,0.001,,,,0.803,0.152
Kepler-51 d,Confirmed,0.024,0.003,0.003,,,,0.865,0.045
Kepler-51 e,Confirmed,0.017,0.009,0.0082,,,,,
Kepler-520 Ab,Confirmed,,,,,,,0.148,0.009
Kepler-520 Ac,Confirmed,,,,,,,0.095,0.004
Kepler-521 b,Confirmed,,,,,,,0.284,0.021
Kepler-522 b,Confirmed,,,,,,,0.616,0.108
Kepler-523 b,Confirmed,,,,,,,0.175,0.005
Kepler-524 b,Confirmed,,,,,,,0.17,0.011
Kepler-524 c,Confirmed,,,,,,,0.086,0.006
Kepler-525 b,Confirmed,,,,,,,0.235,0.046
Kepler-526 Ab,Confirmed,,,,,,,0.178,0.015
Kepler-527 b,Confirmed,,,,,,,0.253,0.041
Kepler-528 b,Confirmed,,,,,,,0.186,0.017
Kepler-529 b,Confirmed,,,,,,,0.166,0.015
Kepler-529 c,Confirmed,,,,,,,0.178,0.019
Kepler-529 d,Confirmed,,,,,,,0.24936,
Kepler-52 b,Confirmed,0.25,0.12,0.14,,,,0.187,
Kepler-52 c,Confirmed,0.198,0.047,0.061,,,,0.164,
Kepler-52 d,Confirmed,,,,,,,0.174,0.019
Kepler-530 Ab,Confirmed,,,,,,,0.256,0.0125
Kepler-531 b,Confirmed,,,,,,,0.248,0.017
Kepler-532 b,Confirmed,,,,,,,0.229,0.012
Kepler-533 b,Confirmed,,,,,,,0.302,0.029
Kepler-534 Ab,Confirmed,,,,,,,0.2,0.006
Kepler-534 Ac,Confirmed,,,,,,,0.10947,
Kepler-535 b,Confirmed,,,,,,,0.211,0.019
Kepler-536 Ab,Confirmed,,,,,,,0.27469,0.01401
Kepler-537 b,Confirmed,,,,,,,0.126,0.004
Kepler-538 Ab,Confirmed,0.03335,0.00755,0.00787,,,,0.198,0.003
Kepler-538 Ac,Confirmed,,,,0.00076,,,0.0562,0.0054
Kepler-539 b,Confirmed,0.97,0.29,0.29,,,,0.747,0.016
Kepler-539 c,Confirmed,2.4,1.2,1.2,,,,,
Kepler-53 c,Confirmed,0.11,,,,,,0.283,
Kepler-53 d,Confirmed,,,,,,,0.189,0.094
Kepler-540 b,Confirmed,,,,,,,0.242,0.023
Kepler-541 b,Confirmed,,,,,,,0.3,0.05
Kepler-542 b,Confirmed,,,,,,,0.14,0.01
Kepler-543 b,Confirmed,,,,,,,0.223,0.023
Kepler-544 b,Confirmed,,,,,,,0.189,0.012
Kepler-545 b,Confirmed,,,,,,,0.24,0.019
Kepler-546 b,Confirmed,,,,,,,0.624,0.069
Kepler-547 Ab,Confirmed,,,,,,,0.357,0.028
Kepler-548 b,Confirmed,,,,,,,1.07,0.098
Kepler-549 Bb,Confirmed,,,,,,,0.2659,0.0312
Kepler-549 Bc,Confirmed,,,,,,,0.2391,0.0285
Kepler-549 Bd,Confirmed,,,,,,,0.40557,
Kepler-54 b,Confirmed,0.92,,,,,,0.187,
Kepler-54 c,Confirmed,0.37,,,,,,0.11,
Kepler-54 d,Confirmed,,,,,,,0.136,0.007
Kepler-550 b,Confirmed,,,,,,,0.394,0.024
Kepler-551 b,Confirmed,,,,,,,0.244,0.013
Kepler-552 b,Confirmed,,,,,,,0.352,0.051
Kepler-553 b,Confirmed,,,,,,,0.413,0.016
Kepler-553 c,Confirmed,,,,,,,0.999,0.028
Kepler-554 b,Confirmed,,,,,,,0.383,0.019
Kepler-555 Ab,Confirmed,,,,,,,0.252,0.026
Kepler-556 b,Confirmed,,,,,,,0.2,0.011
Kepler-557 b,Confirmed,,,,,,,0.238,0.034
Kepler-558 b,Confirmed,,,,,,,0.211,0.012
Kepler-559 b,Confirmed,,,,,,,0.322,0.032
Kepler-55 Ab,Confirmed,0.1353,0.057,0.117,,,,0.17,0.0054
Kepler-55 Ac,Confirmed,0.2196,0.0576,0.1026,,,,0.165,0.0045
Kepler-55 Ad,Confirmed,,,,,,,0.165,0.0045
Kepler-55 Ae,Confirmed,,,,,,,0.1445,0.0045
Kepler-55 Af,Confirmed,,,,,,,0.1561,0.0054
Kepler-560 Bb,Confirmed,,,,,,,0.1383,0.0259
Kepler-561 b,Confirmed,,,,,,,0.621,0.054
Kepler-561 c,Confirmed,,,,,,,0.239,0.022
Kepler-562 b,Confirmed,,,,,,,0.465,0.036
Kepler-563 b,Confirmed,,,,,,,0.276,0.018
Kepler-564 b,Confirmed,,,,,,,0.413,0.032
Kepler-565 Ab,Confirmed,,,,,,,0.325,0.024
Kepler-566 b,Confirmed,,,,,,,0.192,0.012
Kepler-567 b,Confirmed,,,,,,,0.201,0.011
Kepler-568 b,Confirmed,,,,,,,0.202,0.007
Kepler-569 b,Confirmed,,,,,,,0.282,0.015
Kepler-56 b,Confirmed,0.07,0.012,0.012,0.0944,0.02,0.02,0.581,0.025
Kepler-56 c,Confirmed,0.57,0.06,0.066,0.614,0.044,0.044,0.874,0.041
Kepler-56 d,Confirmed,,0.38,0.38,5.61,0.38,0.38,,
Kepler-570 b,Confirmed,,,,,,,0.219,0.013
Kepler-571 b,Confirmed,,,,,,,0.236,0.015
Kepler-572 b,Confirmed,,,,,,,0.23,0.015
Kepler-573 b,Confirmed,,,,,,,0.249,0.021
Kepler-574 b,Confirmed,,,,,,,0.213,0.014
Kepler-575 b,Confirmed,,,,,,,0.213,0.019
Kepler-576 b,Confirmed,,,,,,,0.292,0.035
Kepler-577 b,Confirmed,,,,,,,0.227,0.013
Kepler-578 b,Confirmed,,,,,,,0.178,0.02
Kepler-579 b,Confirmed,,,,,,,0.178,0.016
Kepler-57 b,Confirmed,0.372,0.08,0.08,,,,0.21,0.016
Kepler-57 c,Confirmed,0.0233,0.0198,0.0296,,,,0.15,0.012
Kepler-580 b,Confirmed,,,,,,,0.229,0.012
Kepler-581 b,Confirmed,,,,,,,0.235,0.026
Kepler-582 b,Confirmed,,,,,,,0.328,0.03
Kepler-583 b,Confirmed,,,,,,,0.203,0.013
Kepler-584 b,Confirmed,,,,,,,0.376,0.05
Kepler-585 b,Confirmed,,,,,,,0.252,0.024
Kepler-586 b,Confirmed,,,,,,,0.249,0.018
Kepler-587 b,Confirmed,,,,,,,0.199,0.015
Kepler-588 b,Confirmed,,,,,,,0.235,0.02
Kepler-589 Ab,Confirmed,,,,,,,0.2632,0.0366
Kepler-589 Ac,Confirmed,,,,,,,0.09965,
Kepler-58 b,Confirmed,1.39,1.39,0.0,,,,0.248,
Kepler-58 c,Confirmed,2.19,2.19,0.0,,,,0.255,
Kepler-58 d,Confirmed,,,,,,,0.262,0.125
Kepler-590 b,Confirmed,,,,,,,0.359,0.045
Kepler-591 b,Confirmed,,,,,,,0.302,0.022
Kepler-592 b,Confirmed,,,,,,,0.213,0.022
Kepler-593 b,Confirmed,,,,,,,0.256,0.026
Kepler-594 b,Confirmed,,,,,,,0.194,0.013
Kepler-595 b,Confirmed,0.05475,0.01196,0.02234,,,,0.331,0.001
Kepler-595 c,Confirmed,0.01038,0.00315,0.00535,,,,0.09,0.002
Kepler-596 b,Confirmed,,,,,,,0.309,0.042
Kepler-597 b,Confirmed,,,,,,,0.211,0.012
Kepler-598 b,Confirmed,,,,,,,0.134,0.008
Kepler-598 c,Confirmed,,,,,,,0.27,
Kepler-599 b,Confirmed,,,,,,,0.253,0.029
Kepler-59 b,Confirmed,2.05,2.05,0.0,,,,0.098,
Kepler-59 c,Confirmed,1.37,1.37,0.0,,,,0.177,
Kepler-5 b,Confirmed,2.111,0.086,0.067,,,,1.426,0.051
Kepler-600 b,Confirmed,,,,,,,0.259,0.035
Kepler-601 b,Confirmed,,,,,,,0.17,0.016
Kepler-602 b,Confirmed,,,,,,,0.186,0.029
Kepler-603 Ab,Confirmed,,,,,,,0.236,0.023
Kepler-603 Ac,Confirmed,,,,,,,0.58,0.055
Kepler-603 Ad,Confirmed,,,,,,,0.118,0.012
Kepler-604 b,Confirmed,,,,,,,0.231,0.024
Kepler-605 Ab,Confirmed,,,,,,,0.128,0.008
Kepler-605 Ac,Confirmed,,,,,,,0.0856,0.0107
Kepler-606 b,Confirmed,,,,,,,0.295,0.045
Kepler-607 b,Confirmed,,,,,,,0.078,0.006
Kepler-607 c,Confirmed,,,,,,,0.2462,
Kepler-608 b,Confirmed,,,,,,,0.325,0.039
Kepler-609 b,Confirmed,,,,,,,0.299,0.039
Kepler-60 b,Confirmed,0.01318,0.00164,0.00176,,,,0.153,0.012
Kepler-60 c,Confirmed,0.01211,0.00255,0.00255,,,,0.17,0.013
Kepler-60 d,Confirmed,0.01309,0.00236,0.00264,,,,0.178,0.014
Kepler-610 b,Confirmed,,,,,,,0.374,0.04
Kepler-610 c,Confirmed,,,,,,,0.294,0.033
Kepler-611 b,Confirmed,,,,,,,0.147,0.013
Kepler-612 b,Confirmed,,,,,,,0.253,0.024
Kepler-613 b,Confirmed,,,,,,,0.204,0.015
Kepler-614 b,Confirmed,,,,,,,0.213,0.015
Kepler-615 Ab,Confirmed,,,,,,,0.155,0.009
Kepler-616 b,Confirmed,,,,,,,0.217,0.018
Kepler-616 c,Confirmed,,,,,,,0.304,0.027
Kepler-616 d,Confirmed,,,,,,,0.23669,
Kepler-617 b,Confirmed,,,,,,,0.118,0.006
Kepler-618 b,Confirmed,,,,,,,0.232,0.037
Kepler-619 b,Confirmed,,,,,,,0.282,0.028
Kepler-619 c,Confirmed,,,,,,,0.151,0.015
Kepler-61 Ab,Confirmed,,,,,,,0.192,0.0116
Kepler-620 b,Confirmed,,,,,,,0.296,0.062
Kepler-621 Ab,Confirmed,,,,,,,0.205,0.017
Kepler-622 b,Confirmed,,,,,,,0.19,0.014
Kepler-623 b,Confirmed,,,,,,,0.269,0.019
Kepler-624 b,Confirmed,,,,,,,0.206,0.021
Kepler-625 b,Confirmed,,,,,,,0.178,0.004
Kepler-625 c,Confirmed,,,,,,,0.094,0.003
Kepler-626 Ab,Confirmed,,,,,,,0.2569,0.033
Kepler-627 b,Confirmed,,,,,,,0.333,0.073
Kepler-629 b,Confirmed,,,,,,,0.123,0.004
Kepler-62 b,Confirmed,0.03,,,0.028,0.028,0.0,0.117,0.0036
Kepler-62 c,Confirmed,0.013,,,0.0126,0.0126,0.0,0.048,0.0027
Kepler-62 d,Confirmed,0.044,0.044,0.0,,,,0.174,0.0063
Kepler-62 e,Confirmed,0.113,0.113,0.0,,,,0.144,0.0045
Kepler-62 f,Confirmed,0.11,0.11,0.0,,,,0.126,0.0063
Kepler-630 b,Confirmed,,,,,,,0.284,0.03
Kepler-631 b,Confirmed,,,,,,,0.259,0.021
Kepler-632 Ab,Confirmed,,,,,,,0.197,0.007
Kepler-633 b,Confirmed,,,,,,,0.145,0.019
Kepler-633 c,Confirmed,,,,,,,0.20484,
Kepler-634 b,Confirmed,,,,,,,0.169,0.022
Kepler-635 b,Confirmed,,,,,,,0.236,0.024
Kepler-636 Ab,Confirmed,,,,,,,0.3952,0.0205
Kepler-637 b,Confirmed,,,,,,,0.424,0.05
Kepler-638 b,Confirmed,,,,,,,0.163,0.028
Kepler-639 b,Confirmed,,,,,,,0.212,0.03
Kepler-63 b,Confirmed,0.378,,,,,,0.545,0.02
Kepler-640 b,Confirmed,,,,,,,0.228,0.02
Kepler-641 b,Confirmed,,,,,,,0.165,0.022
Kepler-642 b,Confirmed,,,,,,,0.259,0.05
Kepler-643 b,Confirmed,,,,,,,0.906,0.024
Kepler-644 b,Confirmed,,,,,,,0.281,0.054
Kepler-645 Ab,Confirmed,,,,,,,0.187,0.025
Kepler-646 b,Confirmed,,,,,,,0.178,0.017
Kepler-647 b,Confirmed,,,,,,,0.104,0.01
Kepler-647 c,Confirmed,,,,,,,0.357,
Kepler-648 b,Confirmed,,,,,,,0.287,0.021
Kepler-649 Ab,Confirmed,,,,,,,0.202,0.011
Kepler-64 (AB)b,Confirmed,0.53,0.53,0.0,,,,0.553,0.015
Kepler-650 Ab,Confirmed,,,,,,,0.264,0.04
Kepler-651 b,Confirmed,,,,,,,0.211,0.012
Kepler-652 b,Confirmed,,,,,,,0.222,0.004
Kepler-653 b,Confirmed,,,,,,,0.174,0.023
Kepler-653 c,Confirmed,,,,,,,0.07,0.011
Kepler-654 Ab,Confirmed,,,,,,,0.185,0.023
Kepler-655 b,Confirmed,,,,,,,0.242,0.024
Kepler-656 b,Confirmed,,,,,,,0.278,0.03
Kepler-657 b,Confirmed,,,,,,,0.314,0.029
Kepler-658 b,Confirmed,,,,,,,0.145,0.005
Kepler-659 b,Confirmed,,,,,,,0.223,0.021
Kepler-65 b,Confirmed,,,,,,,0.127,0.003
Kepler-65 c,Confirmed,,0.058,0.064,0.084,0.058,0.064,0.23,0.005
Kepler-65 d,Confirmed,0.034,0.034,0.0,,,,0.136,0.004
Kepler-65 e,Confirmed,0.82,0.16,0.63,0.653,0.055,0.056,,
Kepler-660 b,Confirmed,,,,,,,0.229,0.015
Kepler-661 b,Confirmed,,,,,,,0.274,0.019
Kepler-662 Ab,Confirmed,,,,,,,0.194,0.011
Kepler-663 b,Confirmed,,,,,,,0.232,0.014
Kepler-664 b,Confirmed,,,,,,,0.237,0.022
Kepler-665 b,Confirmed,,,,,,,0.232,0.013
Kepler-666 b,Confirmed,,,,,,,0.214,0.025
Kepler-667 b,Confirmed,,,,,,,0.422,0.025
Kepler-668 b,Confirmed,,,,,,,0.241,0.016
Kepler-669 b,Confirmed,,,,,,,0.431,0.049
Kepler-66 b,Confirmed,0.047,,,,,,0.25,0.006
Kepler-670 b,Confirmed,,,,,,,1.176,0.108
Kepler-671 b,Confirmed,,,,,,,0.24,0.018
Kepler-672 b,Confirmed,,,,,,,0.223,0.016
Kepler-673 b,Confirmed,,,,,,,0.583,0.043
Kepler-674 b,Confirmed,,,,,,,0.151,0.006
Kepler-675 b,Confirmed,,,,,,,0.218,0.014
Kepler-676 b,Confirmed,,,,,,,0.271,0.03
Kepler-677 b,Confirmed,,,,,,,0.48,0.037
Kepler-678 b,Confirmed,,,,,,,0.459,0.031
Kepler-679 b,Confirmed,,,,,,,0.269,0.035
Kepler-67 b,Confirmed,0.047,,,,,,0.262,0.014
Kepler-680 b,Confirmed,,,,,,,0.216,0.022
Kepler-681 b,Confirmed,,,,,,,0.275,0.014
Kepler-682 b,Confirmed,,,,,,,0.658,0.045
Kepler-683 b,Confirmed,,,,,,,0.176,0.015
Kepler-684 b,Confirmed,,,,,,,0.3,0.027
Kepler-685 b,Confirmed,,,,,,,0.944,0.106
Kepler-686 b,Confirmed,,,,,,,1.084,0.09
Kepler-687 b,Confirmed,,,,,,,0.314,0.018
Kepler-688 b,Confirmed,,,,,,,0.871,0.087
Kepler-689 b,Confirmed,,,,,,,0.258,0.021
Kepler-68 b,Confirmed,0.02407,0.00415,0.00431,,,,0.206,0.05
Kepler-68 c,Confirmed,0.00642,0.0056,0.00541,,,,0.0827,0.0022
Kepler-68 d,Confirmed,,0.03,0.03,0.77,0.03,0.03,,
Kepler-68 e,Confirmed,,0.1418,0.1418,0.51597,0.1418,0.1418,,
Kepler-690 b,Confirmed,,,,,,,0.531,0.067
Kepler-691 b,Confirmed,,,,,,,0.186,0.008
Kepler-692 b,Confirmed,,,,,,,0.277,0.021
Kepler-693 Ab,Confirmed,,,,,,,0.908,0.069
Kepler-694 b,Confirmed,,,,,,,0.25,0.02
Kepler-695 b,Confirmed,,,,,,,0.822,0.05
Kepler-696 b,Confirmed,,,,,,,0.548,0.062
Kepler-697 b,Confirmed,,,,,,,0.368,0.028
Kepler-698 b,Confirmed,,,,,,,0.328,0.04
Kepler-69 b,Confirmed,,,,,,,0.2,0.026
Kepler-69 c,Confirmed,,,,,,,0.153,0.021
Kepler-6 b,Confirmed,0.668,0.035,0.038,,,,1.304,0.033
Kepler-700 b,Confirmed,,,,,,,0.534,0.045
Kepler-701 b,Confirmed,,,,,,,0.253,0.04
Kepler-702 b,Confirmed,,,,,,,0.818,0.052
Kepler-703 b,Confirmed,,,,,,,0.732,0.124
Kepler-704 b,Confirmed,,,,,,,0.233,0.038
Kepler-705 b,Confirmed,,,,,,,0.188,0.007
Kepler-707 b,Confirmed,,,,,,,0.119,0.009
Kepler-708 b,Confirmed,,,,,,,0.261,0.025
Kepler-709 b,Confirmed,,,,,,,0.261,0.017
Kepler-70 b,Confirmed,0.0014,,,,,,0.068,
Kepler-70 c,Confirmed,0.0021,,,,,,0.077,
Kepler-710 b,Confirmed,,,,,,,0.168,0.013
Kepler-711 b,Confirmed,,,,,,,0.304,0.056
Kepler-712 b,Confirmed,,,,,,,0.304,0.01
Kepler-712 c,Confirmed,,,,,,,0.433,0.037
Kepler-713 b,Confirmed,,,,,,,0.221,0.026
Kepler-714 b,Confirmed,,,,,,,0.863,0.09
Kepler-715 b,Confirmed,,,,,,,0.335,0.045
Kepler-716 b,Confirmed,,,,,,,0.259,0.015
Kepler-716 c,Confirmed,,,,,,,0.124,
Kepler-717 b,Confirmed,,,,,,,0.216,0.031
Kepler-718 b,Confirmed,,,,,,,1.477,0.278
Kepler-719 b,Confirmed,,,,,,,0.76,0.08
Kepler-71 b,Confirmed,,,,,,,1.11001,0.01998
Kepler-720 b,Confirmed,,,,,,,0.75,0.071
Kepler-721 b,Confirmed,,,,,,,0.236,0.012
Kepler-722 b,Confirmed,,,,,,,0.235,0.026
Kepler-722 c,Confirmed,,,,,,,0.252,0.029
Kepler-723 b,Confirmed,,,,,,,1.088,0.07
Kepler-724 b,Confirmed,,,,,,,0.294,0.021
Kepler-725 b,Confirmed,,,,,,,0.948,0.053
Kepler-725 c,Confirmed,,0.009,0.009,0.031,0.009,0.009,,
Kepler-726 b,Confirmed,,,,,,,0.291,0.031
Kepler-727 b,Confirmed,,,,,,,0.226,0.028
Kepler-728 b,Confirmed,,,,,,,0.298,0.023
Kepler-729 b,Confirmed,,,,,,,0.319,0.022
Kepler-730 b,Confirmed,,,,,,,1.1,0.05
Kepler-730 c,Confirmed,,,,,,,0.14,0.012
Kepler-731 b,Confirmed,,,,,,,1.238,0.136
Kepler-732 b,Confirmed,,,,,,,0.194,0.014
Kepler-732 c,Confirmed,,,,,,,0.113,0.009
Kepler-733 b,Confirmed,,,,,,,0.252,0.017
Kepler-734 b,Confirmed,,,,,,,0.318,0.012
Kepler-735 b,Confirmed,,,,,,,0.263,0.011
Kepler-736 b,Confirmed,,,,,,,0.261,0.047
Kepler-737 b,Confirmed,,,,,,,0.175,0.01
Kepler-738 b,Confirmed,,,,,,,0.223,0.015
Kepler-739 b,Confirmed,,,,,,,0.296,0.026
Kepler-740 b,Confirmed,,,,,,,0.408,0.024
Kepler-741 b,Confirmed,,,,,,,0.265,0.031
Kepler-742 b,Confirmed,,,,,,,0.289,0.015
Kepler-743 Ab,Confirmed,,,,,,,0.1079,0.0054
Kepler-744 Ab,Confirmed,,,,,,,0.145,0.008
Kepler-745 b,Confirmed,,,,,,,0.193,0.02
Kepler-746 Ab,Confirmed,,,,,,,0.099,0.008
Kepler-748 b,Confirmed,,,,,,,0.225,0.026
Kepler-749 b,Confirmed,,,,,,,0.277,0.023
Kepler-74 b,Confirmed,0.63,0.12,0.12,,,,0.96,0.02
Kepler-750 b,Confirmed,,,,,,,0.274,0.036
Kepler-750 c,Confirmed,,,,,,,0.145,0.02
Kepler-751 b,Confirmed,,,,,,,0.219,0.016
Kepler-752 b,Confirmed,,,,,,,0.251,0.019
Kepler-753 b,Confirmed,,,,,,,0.17,0.008
Kepler-754 b,Confirmed,,,,,,,0.179,0.023
Kepler-755 Ab,Confirmed,,,,,,,0.1258,0.0054
Kepler-755 Ac,Confirmed,,,,,,,0.1213,0.0054
Kepler-756 b,Confirmed,,,,,,,0.1,0.009
Kepler-757 b,Confirmed,,,,,,,0.121,0.02
Kepler-758 b,Confirmed,,,,,,,0.221,0.036
Kepler-758 c,Confirmed,,,,,,,0.151,0.026
Kepler-758 d,Confirmed,,,,,,,0.189,0.029
Kepler-758 e,Confirmed,,,,,,,0.136,0.022
Kepler-759 Ab,Confirmed,,,,,,,0.203,0.021
Kepler-75 b,Confirmed,10.1,0.4,0.4,,,,1.05,0.03
Kepler-760 b,Confirmed,,,,,,,0.273,0.021
Kepler-760 c,Confirmed,,,,,,,0.132,0.008
Kepler-761 b,Confirmed,,,,,,,0.181,0.015
Kepler-762 b,Confirmed,,,,,,,1.131,0.112
Kepler-763 b,Confirmed,,,,,,,0.109,0.007
Kepler-764 b,Confirmed,,,,,,,0.146,0.012
Kepler-765 b,Confirmed,,,,,,,0.217,0.02
Kepler-766 b,Confirmed,,,,,,,0.302,0.036
Kepler-767 b,Confirmed,,,,,,,0.592,0.049
Kepler-768 Ab,Confirmed,,,,,,,0.16,0.012
Kepler-769 b,Confirmed,,,,,,,0.261,0.041
Kepler-769 c,Confirmed,,,,,,,0.16,0.024
Kepler-76 b,Confirmed,2.01,0.35,0.37,,,,1.36,0.12
Kepler-770 b,Confirmed,,,,,,,0.205,0.015
Kepler-770 c,Confirmed,,,,,,,0.107,0.009
Kepler-770 d,Confirmed,,,,,,,0.125,0.01
Kepler-771 b,Confirmed,,,,,,,0.162,0.019
Kepler-772 b,Confirmed,,,,,,,0.162,0.021
Kepler-773 b,Confirmed,,,,,,,0.128,0.006
Kepler-774 b,Confirmed,,,,,,,0.283,0.048
Kepler-775 b,Confirmed,,,,,,,0.106,0.004
Kepler-776 b,Confirmed,,,,,,,0.114,0.006
Kepler-777 b,Confirmed,,,,,,,0.131,0.007
Kepler-778 b,Confirmed,,,,,,,0.15,0.012
Kepler-779 Ab,Confirmed,,,,,,,0.066,0.0098
Kepler-77 b,Confirmed,0.43,0.032,0.032,,,,0.96,0.016
Kepler-780 Ab,Confirmed,,,,,,,0.079,0.005
Kepler-781 b,Confirmed,,,,,,,0.258,0.021
Kepler-782 b,Confirmed,,,,,,,0.286,0.027
Kepler-783 b,Confirmed,,,,,,,0.07,0.007
Kepler-783 c,Confirmed,,,,,,,0.208,
Kepler-784 b,Confirmed,,,,,,,0.141,0.029
Kepler-785 b,Confirmed,,,,,,,1.162,0.047
Kepler-786 b,Confirmed,,,,,,,0.217,0.006
Kepler-787 b,Confirmed,,,,,,,0.114,0.006
Kepler-788 b,Confirmed,,,,,,,0.227,0.036
Kepler-789 b,Confirmed,,,,,,,0.189,0.021
Kepler-78 Ab,Confirmed,0.00619,0.00168,0.00168,,,,0.1,0.01
Kepler-790 b,Confirmed,,,,,,,0.194,0.012
Kepler-791 b,Confirmed,,,,,,,0.272,0.062
Kepler-792 b,Confirmed,,,,,,,0.175,0.021
Kepler-793 b,Confirmed,,,,,,,0.122,0.014
Kepler-794 b,Confirmed,,,,,,,0.188,0.03
Kepler-795 Ab,Confirmed,,,,,,,0.1552,0.017
Kepler-796 b,Confirmed,,,,,,,0.116,0.02
Kepler-797 b,Confirmed,,,,,,,0.194,0.02
Kepler-798 b,Confirmed,,,,,,,0.213,0.03
Kepler-799 Ab,Confirmed,,,,,,,0.614,0.051
Kepler-799 Ac,Confirmed,,,,,,,0.248,
Kepler-79 b,Confirmed,0.0343,0.019,0.023,,,,0.31,0.006
Kepler-79 c,Confirmed,0.019,0.0072,0.006,,,,0.332,0.007
Kepler-79 d,Confirmed,0.019,0.005,0.0066,,,,0.639,0.014
Kepler-79 e,Confirmed,0.013,0.0035,0.0038,,,,0.311,0.012
Kepler-7 b,Confirmed,0.441,0.042,0.043,,,,1.622,0.013
Kepler-800 b,Confirmed,,,,,,,0.254,0.023
Kepler-801 b,Confirmed,,,,,,,0.178,0.009
Kepler-802 b,Confirmed,,,,,,,0.316,0.036
Kepler-803 b,Confirmed,,,,,,,0.338,0.034
Kepler-804 b,Confirmed,,,,,,,0.173,0.014
Kepler-804 c,Confirmed,,,,,,,0.102,0.012
Kepler-805 b,Confirmed,,,,,,,0.258,0.022
Kepler-806 b,Confirmed,,,,,,,0.102,0.021
Kepler-808 Ab,Confirmed,,,,,,,0.107,0.009
Kepler-809 b,Confirmed,,,,,,,0.269,0.022
Kepler-80 b,Confirmed,0.0218,0.0022,0.0033,,,,0.238,0.009
Kepler-80 c,Confirmed,0.02121,0.00271,0.00387,,,,0.244,0.009
Kepler-80 d,Confirmed,0.02124,0.0016,0.00217,,,,0.136,0.006
Kepler-80 e,Confirmed,0.01299,0.00299,0.00255,,,,0.143,0.006
Kepler-80 f,Confirmed,,,,,,,0.108,0.004
Kepler-80 g,Confirmed,,,,,,,0.101,0.012
Kepler-810 b,Confirmed,,,,,,,0.172,0.017
Kepler-811 b,Confirmed,,,,,,,0.241,0.043
Kepler-812 b,Confirmed,,,,,,,0.317,0.061
Kepler-813 b,Confirmed,,,,,,,0.191,0.017
Kepler-814 b,Confirmed,,,,,,,0.189,0.027
Kepler-815 b,Confirmed,,,,,,,0.367,0.029
Kepler-816 b,Confirmed,,,,,,,0.914,0.048
Kepler-817 b,Confirmed,,,,,,,0.806,0.101
Kepler-818 b,Confirmed,,,,,,,0.456,0.038
Kepler-819 b,Confirmed,,,,,,,0.246,0.015
Kepler-81 b,Confirmed,,,,,,,0.216,0.034
Kepler-81 c,Confirmed,,,,,,,0.211,0.033
Kepler-81 d,Confirmed,,,,,,,0.108,0.024
Kepler-820 b,Confirmed,,,,,,,0.543,0.079
Kepler-821 b,Confirmed,,,,,,,0.117,0.007
Kepler-822 b,Confirmed,,,,,,,0.158,0.019
Kepler-823 b,Confirmed,,,,,,,0.14,0.012
Kepler-824 b,Confirmed,,,,,,,0.167,0.021
Kepler-825 b,Confirmed,,,,,,,0.136,0.02
Kepler-825 c,Confirmed,,,,,,,0.164,0.021
Kepler-826 b,Confirmed,,,,,,,0.112,0.012
Kepler-827 b,Confirmed,,,,,,,0.502,0.041
Kepler-828 b,Confirmed,,,,,,,0.135,0.01
Kepler-829 b,Confirmed,,,,,,,0.188,0.016
Kepler-82 b,Confirmed,0.03823,0.00274,0.00302,,,,0.363,0.009
Kepler-82 c,Confirmed,0.04373,0.00378,0.00409,,,,0.476,0.012
Kepler-82 d,Confirmed,,,,,,,0.158,0.024
Kepler-82 e,Confirmed,,,,,,,0.22,0.033
Kepler-82 f,Confirmed,0.06576,0.00315,0.00315,,,,,
Kepler-830 b,Confirmed,,,,,,,0.152,0.022
Kepler-831 b,Confirmed,,,,,,,0.113,0.006
Kepler-832 b,Confirmed,,,,,,,0.184,0.015
Kepler-833 b,Confirmed,,,,,,,0.18,0.008
Kepler-834 b,Confirmed,,,,,,,0.18,0.009
Kepler-835 b,Confirmed,,,,,,,0.249,0.026
Kepler-836 b,Confirmed,,,,,,,0.244,0.029
Kepler-837 b,Confirmed,,,,,,,0.228,0.038
Kepler-838 b,Confirmed,,,,,,,0.244,0.022
Kepler-839 b,Confirmed,,,,,,,0.229,0.022
Kepler-83 Ab,Confirmed,,,,,,,0.1989,0.018
Kepler-83 Ac,Confirmed,,,,,,,0.2007,0.0187
Kepler-83 Ad,Confirmed,,,,,,,0.1481,0.0134
Kepler-841 b,Confirmed,,,,,,,0.467,0.032
Kepler-842 b,Confirmed,,,,,,,0.143,0.008
Kepler-843 b,Confirmed,,,,,,,0.231,0.022
Kepler-844 b,Confirmed,,,,,,,0.15,0.021
Kepler-845 b,Confirmed,,,,,,,0.182,0.026
Kepler-846 b,Confirmed,,,,,,,0.221,0.016
Kepler-847 Ab,Confirmed,,,,,,,0.1053,0.0062
Kepler-848 b,Confirmed,,,,,,,0.152,0.022
Kepler-849 b,Confirmed,,,,,,,0.637,0.122
Kepler-84 Ab,Confirmed,,,,,,,0.2552,0.036
Kepler-84 Ac,Confirmed,0.0636,0.0321,0.0425,,,,0.281,0.0393
Kepler-84 Ad,Confirmed,,,,,,,0.143,0.0205
Kepler-84 Ae,Confirmed,,,,,,,0.2284,0.0312
Kepler-84 Af,Confirmed,,,,,,,0.2043,0.0285
Kepler-850 b,Confirmed,,,,,,,0.159,0.019
Kepler-851 b,Confirmed,,,,,,,0.15,0.019
Kepler-852 b,Confirmed,,,,,,,0.227,0.015
Kepler-853 b,Confirmed,,,,,,,0.151,0.025
Kepler-855 b,Confirmed,,,,,,,0.745,0.072
Kepler-856 b,Confirmed,,,,,,,0.83,0.054
Kepler-857 b,Confirmed,,,,,,,0.607,0.061
Kepler-858 b,Confirmed,,,,,,,0.434,0.018
Kepler-859 b,Confirmed,,,,,,,0.276,0.013
Kepler-85 b,Confirmed,0.0465,,,,,,0.176,0.009
Kepler-85 c,Confirmed,0.059,,,,,,0.194,0.009
Kepler-85 d,Confirmed,,,,,,,0.107,0.017
Kepler-85 e,Confirmed,,,,,,,0.113,0.018
Kepler-860 b,Confirmed,,,,,,,0.289,0.029
Kepler-861 b,Confirmed,,,,,,,0.203,0.012
Kepler-862 Ab,Confirmed,,,,,,,0.197,0.015
Kepler-863 b,Confirmed,,,,,,,0.259,0.029
Kepler-864 b,Confirmed,,,,,,,0.214,0.02
Kepler-865 b,Confirmed,,,,,,,0.222,0.021
Kepler-866 b,Confirmed,,,,,,,0.145,0.011
Kepler-867 Ab,Confirmed,,,,,,,0.414,0.027
Kepler-868 b,Confirmed,,,,,,,0.183,0.015
Kepler-869 Ab,Confirmed,,,,,,,0.322,0.055
Kepler-86 b,Confirmed,0.34235,0.101,0.094,,,,0.8466,0.0143
Kepler-870 b,Confirmed,,,,,,,0.248,0.026
Kepler-871 b,Confirmed,,,,,,,0.334,0.049
Kepler-872 b,Confirmed,,,,,,,0.178,0.021
Kepler-873 b,Confirmed,,,,,,,0.335,0.049
Kepler-874 b,Confirmed,,,,,,,0.352,0.053
Kepler-875 b,Confirmed,,,,,,,0.259,0.04
Kepler-876 b,Confirmed,,,,,,,0.128,0.008
Kepler-877 b,Confirmed,,,,,,,0.189,0.024
Kepler-878 Ab,Confirmed,,,,,,,0.172,0.009
Kepler-879 b,Confirmed,,,,,,,0.229,0.025
Kepler-87 b,Confirmed,1.02,0.16,0.16,,,,1.204,0.049
Kepler-87 c,Confirmed,0.02,0.003,0.003,,,,0.548,0.026
Kepler-880 b,Confirmed,,,,,,,0.237,0.039
Kepler-881 b,Confirmed,,,,,,,0.159,0.029
Kepler-882 b,Confirmed,,,,,,,0.11,0.008
Kepler-883 b,Confirmed,,,,,,,0.159,0.012
Kepler-884 Ab,Confirmed,,,,,,,0.11,0.004
Kepler-885 b,Confirmed,,,,,,,0.223,0.035
Kepler-886 b,Confirmed,,,,,,,0.136,0.017
Kepler-887 b,Confirmed,,,,,,,0.164,0.015
Kepler-887 c,Confirmed,,,,,,,0.101,0.01
Kepler-888 b,Confirmed,,,,,,,0.157,0.005
Kepler-889 b,Confirmed,,,,,,,0.097,0.012
Kepler-88 b,Confirmed,0.03,0.0036,0.0036,,,,0.307,0.007
Kepler-88 c,Confirmed,0.674,0.016,0.016,,,,,
Kepler-88 d,Confirmed,3.05,0.16,0.16,3.05,0.16,0.16,,
Kepler-890 b,Confirmed,,,,,,,0.793,0.095
Kepler-891 b,Confirmed,,,,,,,0.572,0.054
Kepler-892 b,Confirmed,,,,,,,0.251,0.024
Kepler-893 b,Confirmed,,,,,,,0.27,0.033
Kepler-894 b,Confirmed,,,,,,,0.248,0.03
Kepler-895 b,Confirmed,,,,,,,0.137,0.006
Kepler-896 b,Confirmed,,,,,,,0.226,0.017
Kepler-897 b,Confirmed,,,,,,,0.213,0.022
Kepler-898 b,Confirmed,,,,,,,0.133,0.008
Kepler-899 b,Confirmed,,,,,,,0.239,0.023
Kepler-89 Ab,Confirmed,0.018115,0.011957,0.011962,0.018114,0.012,0.012,0.14613,0.01088
Kepler-89 Ac,Confirmed,0.019528,0.017593,0.017609,0.01952,0.017585,0.017585,0.34473,0.00883
Kepler-89 Ad,Confirmed,0.2504561,0.0272732,0.0272747,0.2504555,0.027273,0.027273,0.91989,0.02177
Kepler-89 Ae,Confirmed,0.0254662,0.025665,0.0256658,0.025466,0.025665,0.025665,0.54564,0.01294
Kepler-8 b,Confirmed,0.59,0.12,0.13,,,,1.416,0.062
Kepler-900 b,Confirmed,,,,,,,0.186,0.03
Kepler-901 b,Confirmed,,,,,,,0.122,0.005
Kepler-902 b,Confirmed,,,,,,,0.227,0.016
Kepler-903 b,Confirmed,,,,,,,0.179,0.032
Kepler-903 c,Confirmed,,,,,,,0.226,0.04
Kepler-904 b,Confirmed,,,,,,,0.158,0.021
Kepler-905 b,Confirmed,,,,,,,0.126,0.004
Kepler-906 b,Confirmed,,,,,,,0.188,0.009
Kepler-907 Ab,Confirmed,,,,,,,0.107,0.004
Kepler-908 Ab,Confirmed,,,,,,,0.1035,0.008
Kepler-909 b,Confirmed,,,,,,,0.131,0.01
Kepler-90 b,Confirmed,,,,,,,0.117,0.015
Kepler-90 c,Confirmed,,,,,,,0.106,0.013
Kepler-90 d,Confirmed,,,,,,,0.256,0.027
Kepler-90 e,Confirmed,,,,,,,0.237,0.026
Kepler-90 f,Confirmed,,,,,,,0.257,0.046
Kepler-90 g,Confirmed,,,,,,,0.723,0.071
Kepler-90 h,Confirmed,,,,,,,1.008,0.089
Kepler-90 i,Confirmed,,,,,,,0.118,0.019
Kepler-910 b,Confirmed,,,,,,,0.073,0.003
Kepler-911 b,Confirmed,,,,,,,0.232,0.009
Kepler-912 b,Confirmed,,,,,,,0.25,0.045
Kepler-913 b,Confirmed,,,,,,,0.184,0.005
Kepler-913 c,Confirmed,,,,,,,0.34419,
Kepler-914 b,Confirmed,,,,,,,0.123,0.011
Kepler-915 b,Confirmed,,,,,,,0.134,0.017
Kepler-916 b,Confirmed,,,,,,,0.157,0.012
Kepler-917 b,Confirmed,,,,,,,0.17,0.015
Kepler-918 b,Confirmed,,,,,,,0.155,0.019
Kepler-919 b,Confirmed,,,,,,,0.201,0.026
Kepler-91 b,Confirmed,0.81,0.17,0.18,,,,1.367,0.06
Kepler-920 b,Confirmed,,,,,,,0.216,0.014
Kepler-920 c,Confirmed,,,,,,,0.339,0.025
Kepler-921 b,Confirmed,,,,,,,0.256,0.065
Kepler-922 b,Confirmed,,,,,,,0.127,0.01
Kepler-923 b,Confirmed,,,,,,,0.123,0.017
Kepler-924 b,Confirmed,,,,,,,0.274,0.054
Kepler-925 b,Confirmed,,,,,,,0.209,0.019
Kepler-926 Ab,Confirmed,,,,,,,0.206,0.021
Kepler-927 b,Confirmed,,,,,,,0.153,0.013
Kepler-928 Ab,Confirmed,,,,,,,0.1472,0.0143
Kepler-929 b,Confirmed,,,,,,,0.099,0.013
Kepler-92 Ab,Confirmed,0.202,0.044,0.044,,,,0.313,0.009
Kepler-92 Ac,Confirmed,0.019,0.006,0.006,,,,0.232,0.007
Kepler-92 Ad,Confirmed,,,,,,,0.184,0.005
Kepler-930 Ab,Confirmed,,,,,,,0.19,0.037
Kepler-931 Ab,Confirmed,,,,,,,0.119,0.008
Kepler-932 b,Confirmed,,,,,,,0.122,0.009
Kepler-933 b,Confirmed,,,,,,,0.219,0.014
Kepler-934 b,Confirmed,,,,,,,0.186,0.01
Kepler-935 b,Confirmed,,,,,,,0.12,0.006
Kepler-936 Ab,Confirmed,,,,,,,0.129,0.009
Kepler-937 b,Confirmed,,,,,,,0.332,0.043
Kepler-937 c,Confirmed,,,,,,,0.238,0.035
Kepler-938 b,Confirmed,,,,,,,0.198,0.014
Kepler-939 b,Confirmed,,,,,,,0.156,0.018
Kepler-93 b,Confirmed,0.0143,0.00267,0.00267,,,,0.14,0.01
Kepler-93 c,Confirmed,8.5,0.0,850.0,,,,,
Kepler-940 b,Confirmed,,,,,,,0.298,0.028
Kepler-941 b,Confirmed,,,,,,,0.275,0.054
Kepler-942 b,Confirmed,,,,,,,0.19,0.007
Kepler-943 b,Confirmed,,,,,,,0.529,0.047
Kepler-944 b,Confirmed,,,,,,,0.235,0.019
Kepler-945 b,Confirmed,,,,,,,0.235,0.022
Kepler-946 b,Confirmed,,,,,,,0.172,0.018
Kepler-947 b,Confirmed,,,,,,,0.203,0.021
Kepler-948 b,Confirmed,,,,,,,0.165,0.037
Kepler-949 b,Confirmed,,,,,,,0.26,0.021
Kepler-94 b,Confirmed,0.034,0.004,0.004,,,,0.313,0.013
Kepler-94 c,Confirmed,9.836,0.629,0.629,9.836,0.629,0.629,,
Kepler-950 b,Confirmed,,,,,,,0.801,0.074
Kepler-951 Ab,Confirmed,,,,,,,0.5139,0.0312
Kepler-952 b,Confirmed,,,,,,,0.682,0.067
Kepler-953 Ab,Confirmed,,,,,,,0.376,0.029
Kepler-953 Ac,Confirmed,,,,,,,0.106,0.008
Kepler-954 b,Confirmed,,,,,,,0.207,0.01
Kepler-955 b,Confirmed,,,,,,,0.279,0.015
Kepler-956 b,Confirmed,,,,,,,0.268,0.034
Kepler-957 b,Confirmed,,,,,,,0.491,0.029
Kepler-958 b,Confirmed,,,,,,,0.184,0.007
Kepler-959 b,Confirmed,,,,,,,0.391,0.078
Kepler-95 b,Confirmed,0.041,0.009,0.009,,,,0.305,0.008
Kepler-960 b,Confirmed,,,,,,,0.204,0.022
Kepler-961 b,Confirmed,,,,,,,0.227,0.007
Kepler-962 b,Confirmed,,,,,,,0.176,0.007
Kepler-963 b,Confirmed,,,,,,,0.237,0.017
Kepler-963 c,Confirmed,,,,,,,0.05781,0.00071
Kepler-964 b,Confirmed,,,,,,,0.189,0.006
Kepler-965 b,Confirmed,,,,,,,0.302,0.035
Kepler-966 b,Confirmed,,,,,,,0.368,0.052
Kepler-967 Ab,Confirmed,,,,,,,0.21,0.009
Kepler-967 Ac,Confirmed,,,,,,,0.326,0.012
Kepler-968 Ab,Confirmed,,,,,,,0.178,0.007
Kepler-968 Ac,Confirmed,,,,,,,0.151,0.006
Kepler-968 Ad,Confirmed,,,,,,,0.2302,0.0196
Kepler-969 b,Confirmed,,,,,,,0.185,0.004
Kepler-969 c,Confirmed,,,,,,,0.088,0.004
Kepler-96 b,Confirmed,0.027,0.011,0.011,,,,0.238,0.02
Kepler-970 Bb,Confirmed,,,,,,,0.23276,0.01811
Kepler-971 Ab,Confirmed,,,,,,,0.19,0.021
Kepler-972 b,Confirmed,,,,,,,0.415,0.098
Kepler-973 Ab,Confirmed,,,,,,,0.175,0.006
Kepler-974 b,Confirmed,,,,,,,0.14,0.026
Kepler-975 Ab,Confirmed,,,,,,,0.3542,0.2088
Kepler-975 Ac,Confirmed,,,,,,,0.50353,
Kepler-976 b,Confirmed,,,,,,,0.353,0.018
Kepler-977 b,Confirmed,,,,,,,0.234,0.015
Kepler-978 b,Confirmed,,,,,,,0.267,0.051
Kepler-979 b,Confirmed,,,,,,,0.243,0.021
Kepler-97 Ab,Confirmed,0.011,0.006,0.006,,,,0.132,0.012
Kepler-97 Ac,Confirmed,1.08,,,,,,,
Kepler-980 b,Confirmed,,,,,,,0.238,0.04
Kepler-981 b,Confirmed,,,,,,,0.206,0.016
Kepler-982 b,Confirmed,,,,,,,0.201,0.024
Kepler-983 Ab,Confirmed,,,,,,,0.211,0.016
Kepler-984 b,Confirmed,,,,,,,0.189,0.01
Kepler-985 b,Confirmed,,,,,,,0.266,0.013
Kepler-986 b,Confirmed,,,,,,,0.211,0.017
Kepler-987 b,Confirmed,,,,,,,0.291,0.011
Kepler-988 b,Confirmed,,,,,,,0.185,0.014
Kepler-989 b,Confirmed,,,,,,,0.197,0.012
Kepler-98 b,Confirmed,0.011,0.005,0.005,,,,0.178,0.02
Kepler-990 b,Confirmed,,,,,,,0.232,0.037
Kepler-990 c,Confirmed,,,,,,,0.136,0.017
Kepler-991 b,Confirmed,,,,,,,0.227,0.011
Kepler-992 b,Confirmed,,,,,,,0.145,0.024
Kepler-993 b,Confirmed,,,,,,,0.265,0.011
Kepler-994 b,Confirmed,,,,,,,0.143,0.024
Kepler-995 b,Confirmed,,,,,,,0.241,0.015
Kepler-996 b,Confirmed,,,,,,,0.177,0.022
Kepler-997 b,Confirmed,,,,,,,0.121,0.023
Kepler-998 b,Confirmed,,,,,,,0.207,0.027
Kepler-999 Ab,Confirmed,,,,,,,0.2453,0.0526
Kepler-99 Bb,Confirmed,0.0119971,0.0018,0.0018,0.0119955,0.0018,0.0018,0.16166,0.01204
Kepler-9 b,Confirmed,0.13655,0.00629,0.00503,,,,0.74,0.038
Kepler-9 c,Confirmed,0.09408,0.00409,0.00346,,,,0.721,0.037
Kepler-9 d,Confirmed,0.016518264,0.005506088,0.005506088,,,,0.146,0.012
KIC 10255705 b,Confirmed,,,,,,,0.65,0.23
KIC 11152511 b,Confirmed,,,,,,,0.36,0.025
KIC 12454613 b,Confirmed,,,,,,,0.228,0.037
KIC 3853259 (AB)b,Confirmed,,,,10.0,,,,
KIC 5010054 b,Confirmed,,,,,,,0.62,0.14
KIC 5094412 b,Confirmed,,,,,,,0.51,0.37
KIC 5522786 b,Confirmed,,,,,,,0.11,0.04
KIC 5732155 b,Confirmed,,,,,,,1.14,0.23
KIC 6372194 b,Confirmed,,,,,,,0.74,0.11
KIC 7177553 (AB)b,Confirmed,,,,5.0,,,,
KIC 7821010 (AB)b,Confirmed,,,,2.6,,,,
KIC 9413313 b,Confirmed,,,,,,,1.124,0.616
KIC 9662267 b,Confirmed,,,,,,,0.34,0.096
KIC 9704149 b,Confirmed,,,,,,,0.4,0.09
KMT-2016-BLG-0625 b,Confirmed,0.051,0.044,0.044,,,,,
KMT-2016-BLG-1105 b,Confirmed,0.0073,0.00585,0.02338,,,,,
KMT-2016-BLG-1107 b,Confirmed,3.283,1.835,3.468,,,,,
KMT-2016-BLG-1397 b,Confirmed,7.0,4.3,5.2,,,,,
KMT-2016-BLG-1751,Confirmed,1.2,1.19,1.21,,,,,
KMT-2016-BLG-1836L b,Confirmed,2.2,1.1,1.9,,,,,
KMT-2016-BLG-2321 b,Confirmed,3.58,1.22,1.22,,,,,
KMT-2016-BLG-2364 b,Confirmed,3.93,2.17,3.16,,,,,
KMT-2016-BLG-2397 b,Confirmed,2.42,1.16,1.16,,,,,
KMT-2016-BLG-2605 b,Confirmed,0.771,0.401,1.183,,,,,
KMT-2017-BLG-0165L b,Confirmed,0.107,0.038,0.047,,,,,
KMT-2017-BLG-0428 b,Confirmed,0.01114,0.00513,0.00614,,,,,
KMT-2017-BLG-0673L b,Confirmed,3.67,3.1,3.2,,,,,
KMT-2017-BLG-0849 b,Confirmed,0.02011,0.009,0.0245,,,,,
KMT-2017-BLG-1003 b,Confirmed,0.01633,0.0088,0.01696,,,,,
KMT-2017-BLG-1038 b,Confirmed,2.4,1.4,1.8,,,,,
KMT-2017-BLG-1057 b,Confirmed,0.0739,0.038,0.047,,,,,
KMT-2017-BLG-1146 b,Confirmed,0.85,0.52,0.76,,,,,
KMT-2017-BLG-1194 b,Confirmed,3.54,1.63,1.95,,,,,
KMT-2017-BLG-2197 b,Confirmed,8.84,4.9,8.3,,,,,
KMT-2017-BLG-2331 b,Confirmed,0.538,0.277,0.44,,,,,
KMT-2017-BLG-2509 b,Confirmed,2.09,1.26,1.68,,,,,
KMT-2018-BLG-0029 b,Confirmed,0.02017,0.00236,0.0025,,,,,
KMT-2018-BLG-0030 b,Confirmed,1.45,0.88,1.23,,,,,
KMT-2018-BLG-0087 b,Confirmed,0.23,0.12,0.32,,,,,
KMT-2018-BLG-0247 b,Confirmed,2.11,1.0,2.0,,,,,
KMT-2018-BLG-0748 b,Confirmed,0.19,0.1,0.28,,,,,
KMT-2018-BLG-1025L b,Confirmed,0.019064,0.0101,0.025,,,,,
KMT-2018-BLG-1292L b,Confirmed,4.9,1.5,1.5,,,,,
KMT-2018-BLG-1743 b,Confirmed,0.925,0.68,0.675,,,,,
KMT-2018-BLG-1976L b,Confirmed,1.96,1.12,1.23,,,,,
KMT-2018-BLG-1988L b,Confirmed,0.0214,0.0104,0.0148,,,,,
KMT-2018-BLG-1990L b,Confirmed,0.57,0.25,0.79,,,,,
KMT-2018-BLG-1996L b,Confirmed,1.22,0.63,0.72,,,,,
KMT-2018-BLG-2004 b,Confirmed,0.27,0.12,0.12,,,,,
KMT-2018-BLG-2119 b,Confirmed,12.0,7.0,22.0,,,,,
KMT-2018-BLG-2602 b,Confirmed,1.15,0.6,0.7,,,,,
KMT-2019-BLG-0253 b,Confirmed,0.0289,0.0129,0.016,,,,,
KMT-2019-BLG-0298 b,Confirmed,1.81,0.96,0.96,,,,,
KMT-2019-BLG-0414L b,Confirmed,4.42,2.3,4.0,,,,,
KMT-2019-BLG-0578 b,Confirmed,1.2,0.6,1.2,,,,,
KMT-2019-BLG-0842 b,Confirmed,10.28,5.28,5.84,,,,,
KMT-2019-BLG-1042 b,Confirmed,0.19,0.11,0.21,,,,,
KMT-2019-BLG-1216 b,Confirmed,0.094,0.05,0.05,,,,,
KMT-2019-BLG-1339 b,Confirmed,12.2,6.7,16.1,,,,,
KMT-2019-BLG-1367 b,Confirmed,0.01284,0.00654,0.00812,,,,,
KMT-2019-BLG-1552 b,Confirmed,4.05,1.85,1.73,,,,,
KMT-2019-BLG-1715 b,Confirmed,2.56,1.16,1.13,,,,,
KMT-2019-BLG-1806 b,Confirmed,0.01469,0.005,0.00491,,,,,
KMT-2019-BLG-1953L b,Confirmed,0.59,0.32,0.71,,,,,
KMT-2019-BLG-1953L c,Confirmed,0.28,0.15,0.35,,,,,
KMT-2019-BLG-2783 b,Confirmed,1.16,0.77,0.77,,,,,
KMT-2019-BLG-2974 b,Confirmed,0.28,0.18,0.28,,,,,
KMT-2020-BLG-0414L b,Confirmed,0.00588,0.0005,0.00085,,,,,
KMT-2020-BLG-0757 b,Confirmed,10.7,5.6,6.2,,,,,
KMT-2021-BLG-0119 b,Confirmed,5.7,3.0,3.0,,,,,
KMT-2021-BLG-0171L b,Confirmed,0.0352,0.0142,0.0173,,,,,
KMT-2021-BLG-0192 b,Confirmed,0.15,0.1,0.1,,,,,
KMT-2021-BLG-0240 b,Confirmed,0.4,0.08,0.08,,,,,
KMT-2021-BLG-0240 c,Confirmed,0.7,0.25,0.25,,,,,
KMT-2021-BLG-0320 b,Confirmed,0.1,0.07,0.13,,,,,
KMT-2021-BLG-0322 b,Confirmed,6.4,2.78,2.64,,,,,
KMT-2021-BLG-0712 b,Confirmed,0.12016,0.038,0.066,,,,,
KMT-2021-BLG-0736 b,Confirmed,0.066,0.05,0.041,,,,,
KMT-2021-BLG-0748 b,Confirmed,0.45,0.25,0.4,,,,,
KMT-2021-BLG-0909 b,Confirmed,1.26,0.66,1.0,,,,,
KMT-2021-BLG-0912 b,Confirmed,6.92,2.6,2.13,,,,,
KMT-2021-BLG-1077L b,Confirmed,0.22,0.12,0.31,,,,,
KMT-2021-BLG-1077L c,Confirmed,0.25,0.13,0.35,,,,,
KMT-2021-BLG-1105 b,Confirmed,1.3,0.68,0.68,,,,,
KMT-2021-BLG-1150L b,Confirmed,0.88,0.38,0.38,,,,,
KMT-2021-BLG-1253 b,Confirmed,0.05994,0.0319,0.06425,,,,,
KMT-2021-BLG-1303 b,Confirmed,0.38,0.2,0.22,,,,,
KMT-2021-BLG-1372 b,Confirmed,0.19278,0.11289,0.11289,,,,,
KMT-2021-BLG-1391 b,Confirmed,0.01432,0.00727,0.00727,,,,,
KMT-2021-BLG-1547L b,Confirmed,1.47,0.77,0.65,,,,,
KMT-2021-BLG-1554 b,Confirmed,0.12,0.07,0.2,,,,,
KMT-2021-BLG-1689L b,Confirmed,0.145,0.094,0.072,,,,,
KMT-2021-BLG-1898 b,Confirmed,0.76,0.05,0.05,,,,,
KMT-2021-BLG-2010 b,Confirmed,1.07,0.68,1.15,,,,,
KMT-2021-BLG-2294 b,Confirmed,0.07,0.1,0.04,,,,,
KMT-2021-BLG-2478 b,Confirmed,0.8,0.35,0.56,,,,,
KMT-2021-BLG-2609 b,Confirmed,0.032,0.018,0.044,,,,,
KMT-2022-BLG-0303 b,Confirmed,0.513,0.275,0.41,,,,,
KMT-2022-BLG-0371 b,Confirmed,0.26,0.11,0.13,,,,,
KMT-2022-BLG-0440L b,Confirmed,0.0485,0.0233,0.0302,,,,,
KMT-2022-BLG-0475 b,Confirmed,0.079,0.042,0.065,,,,,
KMT-2022-BLG-0732 b,Confirmed,1.12,0.065,0.065,,,,,
KMT-2022-BLG-1013 b,Confirmed,0.31,0.16,0.46,,,,,
KMT-2022-BLG-1480 b,Confirmed,0.083,0.042,0.073,,,,,
KMT-2022-BLG-1787 b,Confirmed,6.64,3.6,5.0,,,,,
KMT-2022-BLG-1790 b,Confirmed,1.73,0.9,0.95,,,,,
KMT-2022-BLG-1818L b,Confirmed,1.5,0.3,0.6,,,,,
KMT-2022-BLG-1818L c,Confirmed,0.35,0.17,0.24,,,,,
KMT-2022-BLG-1852 b,Confirmed,5.0,3.0,5.4,,,,,
KMT-2022-BLG-2076 b,Confirmed,0.88,0.46,0.46,,,,,
KMT-2023-BLG-0119 b,Confirmed,0.2633,0.14395,0.1682,,,,,
KMT-2023-BLG-0416 b,Confirmed,6.15,3.2,3.0,,,,,
KMT-2023-BLG-0469 b,Confirmed,0.124,0.067,0.092,,,,,
KMT-2023-BLG-0735 b,Confirmed,0.12,0.07,0.07,,,,,
KMT-2023-BLG-1454 b,Confirmed,0.63,0.34,0.71,,,,,
KMT-2023-BLG-1642 b,Confirmed,1.18,1.9,0.7,,,,,
KMT-2023-BLG-1866L b,Confirmed,0.0104,0.0038,0.0038,,,,,
KMT-2023-BLG-1896 b,Confirmed,0.05144,0.02656,0.03087,,,,,
KMT-2023-BLG-2209 b,Confirmed,0.8,0.38,0.38,,,,,
KMT-2024-BLG-1044 b,Confirmed,0.0431,0.0211,0.0478,,,,,
KMT-2024-BLG-1209L b,Confirmed,2.64,1.16,1.57,,,,,
KOBE-1 b,Confirmed,,0.00239,0.00239,0.0277,0.00239,0.00239,,
KOBE-1 c,Confirmed,,0.0035,0.0035,0.039,0.0035,0.0035,,
KOI-2700 b,Confirmed,0.00271,0.00271,0.0,,,,0.0946,0.0946
KOI-4427 Ab,Confirmed,,,,,,,0.164,0.021
KOI-4878 b,Confirmed,,,,,,,0.0928,0.0125
KOI-4896 b,Confirmed,,,,,,,0.1169,0.0143
KOI-4896 c,Confirmed,,,,,,,0.132,0.018
KOI-5372 b,Confirmed,,,,,,,0.146,0.026
KOI-5 b,Confirmed,,,,,,,0.0589,0.009
KOI-6526 b,Confirmed,,,,,,,0.83,0.211
KOI-6532 b,Confirmed,,,,,,,0.131,0.015
KOI-6538 b,Confirmed,,,,,,,0.136,0.014
KOI-6653 b,Confirmed,,,,,,,0.109,0.008
KOI-6664 b,Confirmed,,,,,,,0.086,0.0054
KOI-6666 b,Confirmed,,,,,,,0.068,0.0054
KOI-6672 b,Confirmed,,,,,,,0.0928,0.0071
KOI-6793 b,Confirmed,,,,,,,0.075,0.0054
KOI-6798 b,Confirmed,,,,,,,0.3,0.051
KOI-6918 b,Confirmed,,,,,,,0.55,0.037
KOI-6921 b,Confirmed,,,,,,,0.11,0.012
KOI-6925 b,Confirmed,,,,,,,0.084,0.012
KOI-6931 b,Confirmed,,,,,,,0.106,0.008
KOI-6934 b,Confirmed,,,,,,,0.198,0.108
KOI-7051 b,Confirmed,,,,,,,0.106,0.011
KOI-7057 b,Confirmed,,,,,,,0.529,0.135
KOI-7069 b,Confirmed,,,,,,,0.136,0.012
KOI-7073 b,Confirmed,,,,,,,2.6987,0.794
KOI-7076 b,Confirmed,,,,,,,0.12,0.015
KOI-7197 b,Confirmed,,,,,,,0.131,0.0098
KOI-7209,Confirmed,,,,,,,0.076,0.0089
KOI-7319 b,Confirmed,,,,,,,0.087,0.008
KOI-7320 b,Confirmed,,,,,,,0.062,0.0062
KOI-7327 b,Confirmed,,,,,,,0.174,0.017
KOI-7449 b,Confirmed,,,,,,,1.252,0.089
KOI-7455,Confirmed,,,,,,,0.218,0.072
KOI-7460 b,Confirmed,,,,,,,0.136,0.015
KPS-1 b,Confirmed,1.09,0.087,0.087,,,,1.03,0.13
ksi Aql b,Confirmed,,0.2,0.2,2.02,0.2,0.2,,
L 168-9 b,Confirmed,0.01265,0.00138,0.00138,,,,0.1392,0.0098
L 363-38 b,Confirmed,,0.00135,0.00135,0.01469,0.00135,0.00135,,
L 98-59 b,Confirmed,0.0013,0.0005,0.0005,,,,0.0758,0.0036
L 98-59 c,Confirmed,0.00698,0.00082,0.00082,,,,0.12356,0.00669
L 98-59 d,Confirmed,0.0061,0.00088,0.00088,,,,0.1357,0.00874
L 98-59 e,Confirmed,,0.00116,0.00104,0.00963,0.00116,0.00104,,
Lalande 21185 b,Confirmed,,0.00079,0.00079,0.00846,0.00079,0.00079,,
Lalande 21185 c,Confirmed,,0.0076,0.0076,0.0428,0.0076,0.0076,,
Lalande 21185 d,Confirmed,,0.00264,0.00264,0.01224,0.00264,0.00264,,
lam2 For Ab,Confirmed,,0.0041,0.0041,0.0529,0.0041,0.0041,,
lam Ser b,Confirmed,,0.0047,0.0047,0.0428,0.0047,0.0047,,
LHS 1140 b,Confirmed,0.02196,0.0028,0.0028,,,,0.15407,0.00285
LHS 1140 c,Confirmed,0.00569,0.00123,0.00123,,,,0.11437,0.00214
LHS 1478 b,Confirmed,0.00733,0.0006,0.0006,,,,0.1106,0.0045
LHS 1678 b,Confirmed,0.00019,0.00019,0.0003,,,,0.06111,0.0033
LHS 1678 c,Confirmed,0.00123,0.00123,0.00135,,,,0.08395,0.0045
LHS 1678 d,Confirmed,0.00289,0.00107,0.00208,,,,0.08752,0.0062
LHS 1815 b,Confirmed,0.0132,0.0047,0.0047,,,,0.09707,0.00571
LHS 3154 b,Confirmed,,0.00264,0.00264,0.04137,0.00264,0.00264,,
LHS 3844 b,Confirmed,,,,,,,0.1178,0.0018
LHS 475 b,Confirmed,0.00308,0.00113,0.00198,,,,0.0883,0.0045
LP 714-47 b,Confirmed,0.0969,0.0047,0.0047,,,,0.419,0.027
LP 791-18 b,Confirmed,,,,,,,0.0999,0.0116
LP 791-18 c,Confirmed,0.0223,0.0022,0.0022,,,,0.2061,0.0223
LP 791-18 d,Confirmed,0.0028,0.0006,0.0006,,,,0.0919,0.0036
LP 890-9 b,Confirmed,0.0415,0.0415,0.0,,,,0.1178,0.00241
LP 890-9 c,Confirmed,0.0796,0.0796,0.0796,,,,0.12196,0.00348
LSPM J0220+3320 (AB)b,Confirmed,,,,7.5,,,,
LSPM J2116+0234 b,Confirmed,,0.003,0.003,0.042,0.003,0.003,,
LTT 1445 Ab,Confirmed,0.009,0.0008,0.0008,,,,0.116,0.006
LTT 1445 Ac,Confirmed,0.00485,0.0006,0.0006,,,,0.10233,0.00491
LTT 1445 Ad,Confirmed,,0.000236,0.000236,0.00856,0.000236,0.000236,,
LTT 9779 b,Confirmed,0.09225,0.00255,0.00245,,,,0.4211,0.0205
Lupus-TR-3 b,Confirmed,0.81,0.18,0.18,,,,0.89,0.07
Luyten's Star b,Confirmed,0.00922,,,0.0069,0.003,0.003,,
Luyten's Star c,Confirmed,0.00374,,,0.0038,0.0013,0.0013,,
Luyten's Star d,Confirmed,0.03448,,,0.034,0.011,0.0123,,
Luyten's Star e,Confirmed,0.0297,,,0.0293,0.0123,0.0135,,
M62H b,Confirmed,,,,2.47,,,,
MASCARA-1 b,Confirmed,3.7,0.9,0.9,,,,1.5,0.3
MASCARA-3 Ab,Confirmed,5.18,0.22,0.22,,,,1.272,0.022
MASCARA-4 Ab,Confirmed,1.675,0.241,0.241,,,,1.53,0.04
MAXI J1957+032 b,Confirmed,,,,17.0,,,0.5,
Mayrit 260182 b,Confirmed,4.0,2.0,3.0,,,,,
MOA-2007-BLG-192L b,Confirmed,0.0393,0.025,0.2061,,,,,
MOA-2007-BLG-400L b,Confirmed,1.71,0.27,0.27,,,,,
MOA-2008-BLG-310L b,Confirmed,0.233,0.053,0.053,,,,,
MOA-2008-BLG-379L b,Confirmed,2.44,0.5,0.5,,,,,
MOA-2009-BLG-266L b,Confirmed,0.0327,0.005,0.005,,,,,
MOA-2009-BLG-319L b,Confirmed,0.208,0.0255,0.0255,,,,,
MOA-2009-BLG-387L b,Confirmed,2.6,1.6,4.1,,,,,
MOA-2010-BLG-073L b,Confirmed,11.0,2.0,2.0,,,,,
MOA-2010-BLG-117 b,Confirmed,0.51,0.07,0.07,,,,,
MOA-2010-BLG-328L b,Confirmed,0.029,0.007,0.007,,,,,
MOA-2010-BLG-353L b,Confirmed,0.27,0.16,0.48,,,,,
MOA-2010-BLG-477L b,Confirmed,1.4,0.3,0.3,,,,,
MOA-2011-BLG-028L b,Confirmed,0.094,0.038,0.05,,,,,
MOA-2011-BLG-262L b,Confirmed,0.09099,0.01495,0.01495,,,,,
MOA-2011-BLG-274 b,Confirmed,0.8,0.3,0.3,,,,,
MOA-2011-BLG-291 b,Confirmed,0.085,0.053,0.148,,,,,
MOA-2011-BLG-293L b,Confirmed,4.8,0.3,0.3,,,,,
MOA-2011-BLG-322L b,Confirmed,7.8,8.6,4.3,,,,,
MOA-2012-BLG-006 b,Confirmed,8.4,3.9,4.6,,,,,
MOA-2012-BLG-505L b,Confirmed,6.7,3.5,10.6,,,,,
MOA-2013-BLG-220L b,Confirmed,2.74,0.17,0.17,,,,,
MOA-2013-BLG-605L b,Confirmed,0.066,0.02,0.02,,,,,
MOA-2014-BLG-472 b,Confirmed,1.9,1.2,1.22,,,,,
MOA-2016-BLG-227L b,Confirmed,2.3,1.2,2.6,,,,,
MOA-2016-BLG-319L b,Confirmed,0.62,0.33,1.16,,,,,
MOA-2016-BLG-526 b,Confirmed,6.93,0.75,0.75,,,,,
MOA-2016-BLG-532 b,Confirmed,0.41,0.33,0.33,,,,,
MOA-2019-BLG-421 b,Confirmed,0.54,0.37,0.64,,,,,
MOA-2020-BLG-135 b,Confirmed,0.0356,0.0217,0.0604,,,,,
MOA-2020-BLG-208 b,Confirmed,0.2168,0.107,0.12,,,,,
MOA-2022-BLG-033 b,Confirmed,0.03823,0.01966,0.02961,,,,,
MOA-2022-BLG-091L b,Confirmed,3.59,1.67,2.0,,,,,
MOA-2022-BLG-249L b,Confirmed,0.0152,0.00453,0.00453,,,,,
MOA-2022-BLG-563 b,Confirmed,0.4,0.25,0.31,,,,,
MOA-bin-1L b,Confirmed,3.7,2.1,2.1,,,,,
mu2 Oct Ab,Confirmed,,1.1,3.9,6.9,1.1,3.9,,
mu Ara b,Confirmed,,,,1.676,,,,
mu Ara c,Confirmed,,,,0.03321,,,,
mu Ara d,Confirmed,,,,0.5219,,,,
mu Ara e,Confirmed,,,,1.814,,,,
mu Leo b,Confirmed,,0.4,0.4,2.4,0.4,0.4,,
NGC 2423 3 b,Confirmed,,,,10.6,,,,
NGC 6440 X-2 b,Confirmed,7.6,,,,,,,
NGTS-10 Ab,Confirmed,2.162,0.107,0.092,,,,1.205,0.083
NGTS-11 b,Confirmed,0.37,0.14,0.14,,,,0.823,0.035
NGTS-11 c,Confirmed,,,,,,,0.419,
NGTS-12 b,Confirmed,0.208,0.022,0.022,,,,1.048,0.032
NGTS-13 b,Confirmed,4.84,0.44,0.44,,,,1.142,0.046
NGTS-14 Ab,Confirmed,0.092,0.012,0.012,,,,0.44,0.03
NGTS-15 b,Confirmed,0.751,0.09,0.1,,,,1.1,0.1
NGTS-16 b,Confirmed,0.667,0.13,0.16,,,,1.3,0.13
NGTS-17 b,Confirmed,0.764,0.164,0.195,,,,1.24,0.11
NGTS-18 b,Confirmed,0.409,0.063,0.081,,,,1.21,0.18
NGTS-1 b,Confirmed,0.812,0.025,0.066,,,,1.33,0.33
NGTS-20 b,Confirmed,2.98,0.16,0.16,,,,1.07,0.04
NGTS-21 b,Confirmed,2.36,0.21,0.21,,,,1.33,0.03
NGTS-23 b,Confirmed,0.613,0.1,0.1,,,,1.267,0.03
NGTS-24 b,Confirmed,0.52,0.12,0.12,,,,1.214,0.062
NGTS-25 b,Confirmed,0.639,0.052,0.058,,,,1.023,0.052
NGTS-26 b,Confirmed,0.29,0.06,0.065,,,,1.33,0.05
NGTS-27 b,Confirmed,0.593,0.07,0.095,,,,1.396,0.04
NGTS-29 b,Confirmed,0.39,0.03,0.03,,,,0.857,0.012
NGTS-2 b,Confirmed,0.67,0.089,0.089,,,,1.536,0.062
NGTS-30 b,Confirmed,0.96,0.056,0.056,,,,0.93,0.03
NGTS-31 b,Confirmed,1.12,0.12,0.12,,,,1.61,0.16
NGTS-32 b,Confirmed,0.57,0.05,0.05,,,,1.42,0.03
NGTS-33 b,Confirmed,3.63,0.27,0.27,,,,1.64,0.07
NGTS-3 Ab,Confirmed,2.38,0.26,0.26,,,,1.48,0.37
NGTS-4 b,Confirmed,0.0648,0.009,0.009,,,,0.2837,0.0232
NGTS-5 Ab,Confirmed,0.229,0.037,0.037,,,,1.136,0.023
NGTS-6 Ab,Confirmed,1.33,0.028,0.024,,,,1.271,0.19
NGTS-8 b,Confirmed,0.93,0.04,0.04,,,,1.09,0.03
NGTS-9 b,Confirmed,2.9,0.17,0.17,,,,1.07,0.06
NN Ser (AB)c,Confirmed,6.91,0.54,0.54,,,,,
NN Ser (AB)d,Confirmed,2.28,0.38,0.38,,,,,
NN Ser (AB)e,Confirmed,,0.47,0.47,9.43,0.47,0.47,,
NSVS 1425 (AB) b,Confirmed,,,,12.32,,,,
NSVS 1425 (AB) c,Confirmed,8.0,0.8,0.8,7.97,,,,
NSVS 7826147 (AB)b,Confirmed,,,,1.36,,,,
nu2 CMa b,Confirmed,,0.04,0.06,1.895,0.04,0.06,,
nu2 CMa c,Confirmed,,0.06,0.06,0.906,0.06,0.06,,
nu2 Lup b,Confirmed,0.01472,0.0013,0.0013,0.0166,0.0025,0.0025,0.14658,0.00312
nu2 Lup c,Confirmed,0.0353,0.0019,0.0019,0.0358,0.0031,0.0031,0.25489,0.00517
nu2 Lup d,Confirmed,0.02725,0.0028,0.0028,0.03,0.011,0.011,0.22366,0.0036
nu Oct b,Confirmed,2.13,0.09,0.09,,,,,
NY Vir (AB)b,Confirmed,2.78,,,,,,,
NY Vir (AB)c,Confirmed,4.49,,,,,,,
OGLE-2003-BLG-235L b,Confirmed,2.34,0.53,0.53,,,,,
OGLE-2005-BLG-071L b,Confirmed,3.5,0.3,0.3,,,,,
OGLE-2005-BLG-169L b,Confirmed,0.0444,0.003,0.003,,,,,
OGLE-2005-BLG-390L b,Confirmed,0.017,,,,,,,
OGLE-2006-109L b,Confirmed,0.727,0.06,0.06,,,,,
OGLE-2006-109L c,Confirmed,0.271,0.022,0.022,,,,,
OGLE-2006-BLG-284 b,Confirmed,0.453,0.258,0.431,,,,,
OGLE-2007-BLG-349L (AB)b,Confirmed,0.25,0.041,0.041,,,,,
OGLE-2007-BLG-368L b,Confirmed,0.0694,,,,,,,
OGLE-2008-BLG-092L Ab,Confirmed,0.18,,,,,,,
OGLE-2008-BLG-355L b,Confirmed,4.6,2.2,3.7,,,,,
OGLE-2011-BLG-0173L b,Confirmed,0.19,0.11,0.19,,,,,
OGLE-2011-BLG-0251L b,Confirmed,0.96,0.14,0.14,,,,,
OGLE-2011-BLG-0265L b,Confirmed,0.88,0.18,0.27,,,,,
OGLE-2012-BLG-0026L b,Confirmed,0.11,0.002,0.002,,,,,
OGLE-2012-BLG-0026L c,Confirmed,0.68,0.1,0.1,,,,,
OGLE-2012-BLG-0406L b,Confirmed,2.73,0.43,0.43,,,,,
OGLE-2012-BLG-0563L b,Confirmed,1.116,0.087,0.087,,,,,
OGLE-2012-BLG-0724L b,Confirmed,0.47,0.26,0.54,,,,,
OGLE-2012-BLG-0838 b,Confirmed,0.25,0.12,0.12,,,,,
OGLE-2012-BLG-0950L b,Confirmed,0.11,0.028,0.053,,,,,
OGLE-2013-BLG-0132L b,Confirmed,0.26,0.028,0.028,,,,,
OGLE-2013-BLG-0341L Bb,Confirmed,0.005222918,0.00056634,0.00056634,,,,,
OGLE-2013-BLG-0911L b,Confirmed,10.08,3.6,3.6,,,,,
OGLE-2013-BLG-1721L b,Confirmed,0.64,0.31,0.35,,,,,
OGLE-2013-BLG-1761L b,Confirmed,2.8,1.5,2.5,,,,,
OGLE-2014-BLG-0124L b,Confirmed,0.64,0.044,0.044,,,,,
OGLE-2014-BLG-0221L b,Confirmed,4.35,1.9,70.0,,,,,
OGLE-2014-BLG-0319 b,Confirmed,0.57,0.31,0.36,,,,,
OGLE-2014-BLG-0676L b,Confirmed,3.68,1.44,0.77,,,,,
OGLE-2014-BLG-1186L b,Confirmed,0.142,0.028,0.028,,,,,
OGLE-2014-BLG-1722L b,Confirmed,0.174,0.104,0.16,,,,,
OGLE-2014-BLG-1722L c,Confirmed,0.2633,0.16,0.271,,,,,
OGLE-2014-BLG-1760L b,Confirmed,0.931,0.12,0.12,,,,,
OGLE-2015-BLG-0051L b,Confirmed,0.72,0.07,0.65,,,,,
OGLE-2015-BLG-0954L b,Confirmed,4.4,1.6,1.6,,,,,
OGLE-2015-BLG-0966L b,Confirmed,0.066,0.006,0.006,,,,,
OGLE-2015-BLG-1609L b,Confirmed,0.24,0.17,0.9,,,,,
OGLE-2015-BLG-1649 b,Confirmed,2.54,1.4,1.5,,,,,
OGLE-2015-BLG-1670L b,Confirmed,0.0563,0.0277,0.0302,,,,,
OGLE-2015-BLG-1771L b,Confirmed,0.433,0.25,0.674,,,,,
OGLE-2016-BLG-0007 b,Confirmed,0.00415,0.0022,0.0028,,,,,
OGLE-2016-BLG-0263L b,Confirmed,4.1,2.5,6.5,,,,,
OGLE-2016-BLG-0596L b,Confirmed,12.2,,,,,,,
OGLE-2016-BLG-0613L (AB) b,Confirmed,4.18,2.43,3.19,,,,,
OGLE-2016-BLG-1067L b,Confirmed,0.43,0.17,0.21,,,,,
OGLE-2016-BLG-1093L b,Confirmed,0.71,0.13,0.13,,,,,
OGLE-2016-BLG-1195L b,Confirmed,0.0045,0.001,0.0014,,,,,
OGLE-2016-BLG-1227 b,Confirmed,0.79,0.39,1.3,,,,,
OGLE-2016-BLG-1598 b,Confirmed,5.91,1.74,1.74,,,,,
OGLE-2016-BLG-1635 b,Confirmed,11.49,8.0,8.0,,,,,
OGLE-2016-BLG-1800 b,Confirmed,2.59,1.46,1.46,,,,,
OGLE-2016-BLG-1850 b,Confirmed,0.02936,0.0123,0.0123,,,,,
OGLE-2017-BLG-0173L b,Confirmed,9.08,5.7,10.85,,,,,
OGLE-2017-BLG-0364 b,Confirmed,0.2385,0.135,0.173,,,,,
OGLE-2017-BLG-0406 b,Confirmed,0.41,0.05,0.05,,,,,
OGLE-2017-BLG-0448 b,Confirmed,7.3,4.0,8.35,,,,,
OGLE-2017-BLG-0482 b,Confirmed,9.0,4.5,9.0,,,,,
OGLE-2017-BLG-0604 b,Confirmed,0.51,0.23,0.23,,,,,
OGLE-2017-BLG-0640 b,Confirmed,1.62,0.94,1.64,,,,,
OGLE-2017-BLG-1049 b,Confirmed,5.53,2.87,3.62,,,,,
OGLE-2017-BLG-1099 b,Confirmed,3.02,1.81,2.43,,,,,
OGLE-2017-BLG-1140L b,Confirmed,1.63,0.29,0.0,,,,,
OGLE-2017-BLG-1237 b,Confirmed,3.8,2.0,2.5,,,,,
OGLE-2017-BLG-1275 b,Confirmed,5.9,2.2,2.2,,,,,
OGLE-2017-BLG-1375 b,Confirmed,10.33,3.0,3.0,,,,,
OGLE-2017-BLG-1434L b,Confirmed,0.014,0.0016,0.0016,,,,,
OGLE-2017-BLG-1691L b,Confirmed,0.046,0.025,0.037,,,,,
OGLE-2017-BLG-1806 b,Confirmed,0.01658,0.00856,0.01482,,,,,
OGLE-2018-BLG-0298 b,Confirmed,0.14,0.07,0.07,,,,,
OGLE-2018-BLG-0383 b,Confirmed,0.0201,0.0088,0.0173,,,,,
OGLE-2018-BLG-0506 b,Confirmed,0.0513,0.0267,0.038,,,,,
OGLE-2018-BLG-0516 b,Confirmed,0.0632,0.0337,0.0516,,,,,
OGLE-2018-BLG-0532 b,Confirmed,0.019636,0.002888,0.002888,,,,,
OGLE-2018-BLG-0567L b,Confirmed,0.32,0.16,0.34,,,,,
OGLE-2018-BLG-0596 b,Confirmed,0.0267,0.0236,0.0236,,,,,
OGLE-2018-BLG-0677L b,Confirmed,0.01246,0.00837,0.0185,,,,,
OGLE-2018-BLG-0740L b,Confirmed,4.5,0.6,0.6,,,,,
OGLE-2018-BLG-0799L b,Confirmed,0.41,0.19,0.45,,,,,
OGLE-2018-BLG-0932 b,Confirmed,0.89,0.31,0.36,,,,,
OGLE-2018-BLG-0962,Confirmed,1.37,0.72,0.8,,,,,
OGLE-2018-BLG-0977 b,Confirmed,0.0201,0.0116,0.0164,,,,,
OGLE-2018-BLG-1011L b,Confirmed,1.8,1.1,3.4,,,,,
OGLE-2018-BLG-1011L c,Confirmed,2.8,1.7,5.1,,,,,
OGLE-2018-BLG-1119 b,Confirmed,0.91,0.52,0.66,,,,,
OGLE-2018-BLG-1126 b,Confirmed,0.056,0.031,0.033,,,,,
OGLE-2018-BLG-1185 b,Confirmed,0.0264,0.0148,0.0249,,,,,
OGLE-2018-BLG-1212 b,Confirmed,0.2,0.13,0.16,,,,,
OGLE-2018-BLG-1269L b,Confirmed,0.69,0.22,0.44,,,,,
OGLE-2018-BLG-1367 b,Confirmed,0.95,0.44,0.75,,,,,
OGLE-2018-BLG-1428L b,Confirmed,0.77,0.33,0.77,,,,,
OGLE-2018-BLG-1544 b,Confirmed,11.2,5.9,6.3,,,,,
OGLE-2018-BLG-1647 b,Confirmed,0.97,0.56,1.78,,,,,
OGLE-2018-BLG-1700L b,Confirmed,4.4,2.0,3.0,,,,,
OGLE-2019-BLG-0249 b,Confirmed,7.12,1.47,1.47,,,,,
OGLE-2019-BLG-0299 b,Confirmed,6.22,3.67,3.8,,,,,
OGLE-2019-BLG-0304 b,Confirmed,0.51,0.23,0.51,,,,,
OGLE-2019-BLG-0362 b,Confirmed,3.3,4.6,4.6,,,,,
OGLE-2019-BLG-0468L b,Confirmed,3.43,1.17,1.83,,,,,
OGLE-2019-BLG-0468L c,Confirmed,10.22,3.3,5.46,,,,,
OGLE-2019-BLG-0679 b,Confirmed,3.34,1.9,1.9,,,,,
OGLE-2019-BLG-0960 b,Confirmed,0.00708,0.0025,0.0025,,,,,
OGLE-2019-BLG-1053L b,Confirmed,0.0078,0.003,0.0038,,,,,
OGLE-2019-BLG-1180L b,Confirmed,1.75,0.51,0.53,,,,,
OGLE-2019-BLG-1470L (AB)b,Confirmed,2.2,1.3,1.8,,,,,
OGLE-2019-BLG-1492 b,Confirmed,0.1167,0.0614,0.079,,,,,
OGLE-2023-BLG-0836L (AB)b,Confirmed,4.36,2.2,2.35,,,,,
OGLE2-TR-L9 b,Confirmed,4.34,1.48,1.48,,,,1.614,0.083
OGLE-GD-ECL-11388 (AB)b,Confirmed,,,,12.5,,,,
OGLE-TR-10 b,Confirmed,0.68,0.15,0.15,,,,1.72,0.11
OGLE-TR-111 b,Confirmed,0.54,0.1,0.1,,,,1.077,0.075
OGLE-TR-113 b,Confirmed,1.24,0.17,0.17,,,,1.11,0.05
OGLE-TR-132 b,Confirmed,1.17,0.14,0.14,,,,1.23,0.07
OGLE-TR-182 b,Confirmed,1.06,0.15,0.15,,,,1.47,0.14
OGLE-TR-211 b,Confirmed,0.75,0.15,0.15,,,,1.26,0.09
OGLE-TR-56 b,Confirmed,1.3,0.08,0.08,,,,1.2,0.17
ome Cen-H b,Confirmed,,0.5,0.5,11.5,0.5,0.5,,
ome Ser Ab,Confirmed,,,,1.7,,,,
omi CrB b,Confirmed,,,,1.5,,,,
omi UMa Ab,Confirmed,,,,4.1,,,,
OY Car b,Confirmed,8.48,0.02,0.02,,,,,
PDS 70 b,Confirmed,7.0,2.0,2.0,,,,,
PDS 70 c,Confirmed,4.4,1.1,1.1,,,,,
pi2 UMa b,Confirmed,,1.6,1.6,7.1,1.6,1.6,,
pi Men b,Confirmed,12.6,2.0,2.0,9.82,0.24,0.24,,
pi Men c,Confirmed,0.01142,0.0012,0.0012,,,,0.16719,0.004532
pi Men d,Confirmed,,0.00425,0.00425,0.0421,0.00425,0.00425,,
PM J17083-2548S (AB)b,Confirmed,,0.7,0.7,7.3,0.7,0.7,,
Pollux b,Confirmed,,0.1,0.1,2.9,0.1,0.1,,
POTS-1 b,Confirmed,2.31,0.77,0.77,,,,0.941,0.047
Pr 0201 b,Confirmed,,0.039,0.039,0.54,0.039,0.039,,
Pr 0211 Ab,Confirmed,,0.02,0.02,1.88,0.02,0.02,,
Pr 0211 Ac,Confirmed,,0.25,0.25,7.95,0.25,0.25,,
Proxima Centauri b,Confirmed,,0.00019,0.00019,0.00337,0.00019,0.00019,,
Proxima Centauri d,Confirmed,,0.000267,0.000267,0.00082,0.000267,0.000267,,
psi1 Aqr Ab,Confirmed,,,,3.2,,,,
psi1 Dra Bb,Confirmed,,0.1,0.1,1.53,0.1,0.1,,
PSR 1719-14 b,Confirmed,1.0,0.0,0.0,,,,0.4,0.4
PSR B0329+54 b,Confirmed,,0.0006,0.0006,0.0062,0.0006,0.0006,,
PSR B0943+10 b,Confirmed,,,,2.8,,,,
PSR B0943+10 c,Confirmed,,,,2.6,,,,
PSR B1257+12 c,Confirmed,0.013,,,,,,,
PSR B1257+12 d,Confirmed,0.012,0.0006,0.0006,,,,,
PSR B1620-26 (AB)b,Confirmed,2.5,1.0,1.0,,,,,
PSR B1802-07 b,Confirmed,,,,10.0,,,,
PSR J0312-0921 b,Confirmed,10.47,,,9.42,,,,
PSR J0636+5129	b,Confirmed,8.5,,,8.0,,,0.74,0.136
PSR J1211-0633 b,Confirmed,,,,10.0,,,,
PSR J1311-3430 b,Confirmed,12.0,0.6,0.6,,,,,
PSR J1630+3550 b,Confirmed,,1.5,1.5,11.3,1.5,1.5,,
PSR J1748-2021H,Confirmed,7.54,,,6.6,,,,
PSR J1807-2459 A b,Confirmed,9.4,,,,,,,
PSR J1824-2452G b,Confirmed,,,,11.0,,,,
PSR J1824-2452M b,Confirmed,,,,11.0,,,,
PSR J1928+1245 b,Confirmed,,2.0,2.0,11.0,2.0,2.0,,
PSR J2241-5236 b,Confirmed,12.0,,,,,,,
PSR J2322-2650 b,Confirmed,,0.0002,0.0002,0.7949,0.0002,0.0002,,
Qatar-10 b,Confirmed,0.736,0.09,0.09,,,,1.534,0.4
Qatar-1 Ab,Confirmed,1.294,0.049,0.05,,,,1.143,0.025
Qatar-2 b,Confirmed,2.494,0.054,0.054,,,,1.254,0.013
Qatar-3 Ab,Confirmed,4.31,0.47,0.47,,,,1.096,0.14
Qatar-4 b,Confirmed,5.85,0.47,0.47,,,,1.552,0.057
Qatar-5 b,Confirmed,4.32,0.18,0.18,,,,1.107,0.064
Qatar-6 Ab,Confirmed,0.668,0.066,0.066,,,,1.062,0.07
Qatar-7 b,Confirmed,1.88,0.25,0.25,,,,1.7,0.03
Qatar-8 b,Confirmed,0.371,0.062,0.062,,,,1.285,0.022
Qatar-9 b,Confirmed,1.19,0.16,0.16,,,,1.009,0.014
QZ Ser b,Confirmed,,,,0.63,,,,
rho CrB b,Confirmed,1.04,,,1.093,0.023,0.023,,
rho Crb c,Confirmed,,0.0047,0.0047,0.0887,0.0047,0.0047,,
rho Crb d,Confirmed,,0.0079,0.0079,0.068,0.0079,0.0079,,
rho Crb e,Confirmed,,0.0017,0.0017,0.01192,0.0017,0.0017,,
rho Ind b,Confirmed,,,,1.82,,,,
Ross 128 b,Confirmed,,0.00066,0.00066,0.0044,0.00066,0.00066,,
Ross 458 (AB)b,Confirmed,11.3,4.5,4.5,,,,1.07,0.07
Ross 508 b,Confirmed,,0.0019,0.0019,0.01249,0.0019,0.0019,,
ROXs 42B (AB)b,Confirmed,9.0,3.0,3.0,,,,2.5,
RR Cae (AB) b,Confirmed,,0.3,0.3,3.0,0.3,0.3,,
S1429 b,Confirmed,,0.2,0.2,1.8,0.2,0.2,,
Sand 178 b,Confirmed,,5.03,3.94,10.4,5.03,3.94,,
SDSS J1208+3550 b,Confirmed,,,,9.5,,,,
SDSS J1212+0136 b,Confirmed,,,,50.0,,,1.0,
SDSS J1730+5545 b,Confirmed,6.0,,,,,,,
SOI-1 b,Confirmed,,,,,,,1.5,
SOI-2 b,Confirmed,,,,,,,2.22,
SOI-7 b,Confirmed,,,,,,,1.96,
S Ori 68,Confirmed,5.0,,,,,,,
SPECULOOS-3 b,Confirmed,,,,,,,0.08716,0.00196
SWEEPS-04 b,Confirmed,3.8,,,,,,0.81,0.1
SWEEPS-11 b,Confirmed,9.7,5.6,5.6,,,,1.13,0.21
SWIFT J1756-2508 b,Confirmed,,1.3,1.3,7.8,1.3,1.3,,
TAP 26 b,Confirmed,,0.27,0.27,1.73,0.27,0.27,,
tau1 Gru b,Confirmed,,0.13,0.13,1.26,0.13,0.13,,
tau Boo Ab,Confirmed,5.78,0.47,0.66,4.09,0.14,0.14,1.06,
tau Cet e,Confirmed,,0.002,0.0026,0.0124,0.002,0.0026,,
tau Cet f,Confirmed,,0.00431,0.0033,0.0124,0.00431,0.0033,,
tau Cet g,Confirmed,,0.0013,0.00079,0.00551,0.0013,0.00079,,
tau Cet h,Confirmed,,0.00082,0.0021,0.00576,0.00082,0.0021,,
TCP J050742+244755 b,Confirmed,0.06,0.009,0.009,,,,,
Teegarden's b,Confirmed,,0.00038,0.00038,0.00365,0.00038,0.00038,,
Teegarden's c,Confirmed,,0.00044,0.00044,0.0033,0.00044,0.00044,,
Teegarden's d,Confirmed,,0.00053,0.00053,0.00258,0.00053,0.00053,,
TIC 12999193 b,Confirmed,,,,,,,0.8725,0.232
TIC 139270665 b,Confirmed,0.463,0.046,0.046,,,,0.645,0.024
TIC 139270665 c,Confirmed,,0.37,0.66,4.89,0.37,0.66,,
TIC 156514476 b,Confirmed,,,,,,,0.8431,0.3676
TIC 165227846 b,Confirmed,,,,,,,1.14,0.1
TIC 172900988 (AB)b,Confirmed,2.84,0.25,0.25,,,,0.9876,0.0419
TIC 231080232 b,Confirmed,,,,,,,0.1989,0.0134
TIC 231949697 b,Confirmed,,,,,,,0.1258,0.009
TIC 237913194 b,Confirmed,1.942,0.002,0.002,,,,1.117,0.047
TIC 241249530 b,Confirmed,4.98,0.18,0.18,,,,1.19,0.04
TIC 251090642 b,Confirmed,,,,,,,0.9296,0.0303
TIC 262605715 b,Confirmed,,,,,,,0.6111,0.0366
TIC 268727719 b,Confirmed,,,,,,,0.6486,0.036
TIC 279401253 b,Confirmed,6.14,0.4,0.4,,,,1.0,0.04
TIC 279401253 c,Confirmed,,0.18,0.18,8.2,0.18,0.18,,
TIC 290048573 b,Confirmed,,,,,,,0.2552,0.0187
TIC 303682623 b,Confirmed,,,,,,,0.8413,0.0437
TIC 311276853 b,Confirmed,,,,,,,0.4202,0.0285
TIC 365102760 b,Confirmed,0.0604,0.0132,0.0132,,,,0.554,0.0678
TIC 434398831 b,Confirmed,0.0208,0.0047,0.0035,,,,0.3131,0.0196
TIC 434398831 c,Confirmed,0.0227,0.0035,0.0035,,,,0.5023,0.0259
TIC 46432937 b,Confirmed,3.2,0.11,0.11,,,,1.188,0.03
TIC 4672985,Confirmed,12.74,1.0,1.0,,,,1.026,0.067
TIC 88785435 b,Confirmed,,,,,,,0.4488,0.0187
TOI-1011 b,Confirmed,0.01271,0.00186,0.00186,,,,0.1294,0.0045
TOI-1052 Ab,Confirmed,0.0532,0.0053,0.0053,,,,0.256,0.0259
TOI-1062 b,Confirmed,0.032,0.00271,0.00258,,,,0.20198,0.00812
TOI-1062 c,Confirmed,,0.005,0.005,0.0236,0.005,0.005,,
TOI-1064 b,Confirmed,0.0425,0.0057,0.0057,,,,0.2308,0.00384
TOI-1064 c,Confirmed,0.0079,0.006,0.0057,,,,0.23651,0.00384
TOI-1075 b,Confirmed,0.03131,0.0041,0.00428,,,,0.15978,0.0071
TOI-1097 b,Confirmed,,,,,,,0.25765,0.01133
TOI-1097 c,Confirmed,,,,,,,0.2311,0.01561
TOI-1098 Ab,Confirmed,,,,,,,0.285,0.009
TOI-1107 b,Confirmed,3.35,0.18,0.18,,,,1.3,0.05
TOI-1117 b,Confirmed,0.028,0.00302,0.00299,,,,0.2195,0.0107
TOI-1117 c,Confirmed,,0.00381,0.00374,0.02762,0.00381,0.00374,,
TOI-1117 d,Confirmed,,0.0079,0.0079,0.0368,0.0079,0.0079,,
TOI-1130 b,Confirmed,0.0623,0.0009,0.0009,,,,0.3265,0.0036
TOI-1130 c,Confirmed,1.057,0.016,0.006,,,,1.16,0.036
TOI-1135 b,Confirmed,0.06428,0.031,0.031,,,,0.8,0.018
TOI-1136 b,Confirmed,0.011,0.0025,0.0025,,,,0.17,0.0134
TOI-1136 c,Confirmed,0.01988,0.0041,0.0035,,,,0.25685,0.00553
TOI-1136 d,Confirmed,0.02627,0.005,0.0057,,,,0.4128,0.00642
TOI-1136 e,Confirmed,0.0191,0.0035,0.0035,,,,0.23544,0.00785
TOI-1136 f,Confirmed,0.02586,0.0076,0.0088,,,,0.3462,0.0098
TOI-1136 g,Confirmed,0.038,0.0164,0.0164,,,,0.2257,0.0107
TOI-1173 Ab,Confirmed,0.0821,0.006,0.006,,,,0.723,0.0152
TOI-1174 b,Confirmed,0.101,0.101,0.0,,,,0.2105,0.0152
TOI-1180 b,Confirmed,0.031,0.017,0.017,,,,,
TOI-1181 b,Confirmed,1.18,0.14,0.14,,,,1.3,0.08
TOI-1184 b,Confirmed,0.0214,0.0072,0.0072,,,,0.215,0.0125
TOI-1194 b,Confirmed,0.456,0.05,0.055,,,,0.767,0.04
TOI-1199 b,Confirmed,0.239,0.02,0.02,,,,0.938,0.025
TOI-1201 Ab,Confirmed,0.01976,0.00277,0.00277,,,,0.21545,0.008
TOI-1221 b,Confirmed,3.5,3.5,0.0,,,,0.2596,0.0116
TOI-1224 b,Confirmed,,,,,,,0.187,0.008
TOI-1224 c,Confirmed,,,,,,,0.2569,0.0009
TOI-1227 b,Confirmed,,,,,,,0.854,0.052
TOI-122 b,Confirmed,0.0277,0.0098,0.028,,,,0.2427,0.0161
TOI-1231 b,Confirmed,0.0485,0.0104,0.0104,,,,0.3256,0.0143
TOI-1235 b,Confirmed,0.0186,0.00195,0.00195,,,,0.15113,0.0071
TOI-1238 b,Confirmed,0.01183,0.00337,0.00362,,,,0.1079,0.0
TOI-1238 c,Confirmed,0.02618,0.006,0.006,,,,0.1882,0.0125
TOI-1244 b,Confirmed,0.0208,0.012,0.012,,,,0.2025,0.071
TOI-1246 Ab,Confirmed,0.0255,0.0035,0.0035,,,,0.2685,0.0054
TOI-1246 Ac,Confirmed,0.0277,0.0038,0.0038,,,,0.2239,0.0071
TOI-1246 Ad,Confirmed,0.0167,0.0053,0.0053,,,,0.3131,0.008
TOI-1246 Ae,Confirmed,0.0466,0.0072,0.0072,,,,0.3372,0.0143
TOI-1247 b,Confirmed,0.0179,0.0066,0.0066,,,,0.2239,0.0125
TOI-1248 Ab,Confirmed,0.0862,0.0113,0.0113,,,,0.607,0.009
TOI-1249 b,Confirmed,0.0374,0.0164,0.0164,,,,0.2899,0.018
TOI-1259 Ab,Confirmed,0.441,0.049,0.049,,,,1.022,0.03
TOI-125 b,Confirmed,0.0299,0.00277,0.00277,,,,0.2432,0.00669
TOI-125 c,Confirmed,0.02086,0.00311,0.00311,,,,0.24614,0.009
TOI-125 d,Confirmed,0.0428,0.0038,0.0038,,,,0.2614,0.0152
TOI-1260 b,Confirmed,0.02693,0.00485,0.00485,,,,0.215,0.0045
TOI-1260 c,Confirmed,0.0415,0.01331,0.01331,,,,0.2462,0.0062
TOI-1260 d,Confirmed,0.03725,0.0245,0.0245,,,,0.2783,0.0071
TOI-1266 b,Confirmed,0.01381,0.00145,0.00145,,,,0.2337,0.0098
TOI-1266 c,Confirmed,0.00934,0.00173,0.00173,,,,0.19,0.0107
TOI-1266 d,Confirmed,,0.00349,0.0033,0.01158,0.00349,0.0033,,
TOI-1268 b,Confirmed,0.29,0.04,0.04,,,,0.82,0.06
TOI-1269 b,Confirmed,0.0201,0.009,0.009,,,,0.2025,0.0125
TOI-1272 b,Confirmed,0.0774,0.0072,0.0072,,,,0.3693,0.0187
TOI-1272 c,Confirmed,,0.0098,0.0098,0.084,0.0098,0.0098,,
TOI-1273 b,Confirmed,0.222,0.015,0.015,,,,0.99,0.22
TOI-1279 b,Confirmed,0.0334,0.0079,0.0079,,,,0.2373,0.0098
TOI-1288 b,Confirmed,0.132,0.009,0.009,,,,0.4675,0.008
TOI-1288 c,Confirmed,,0.022,0.022,0.2665,0.022,0.022,,
TOI-128 Ab,Confirmed,,,,,,,0.1981,0.0098
TOI-1294 b,Confirmed,0.1957,0.016,0.016,,,,0.8199,0.0277
TOI-1294 c,Confirmed,0.4666,0.053,0.053,,,,,
TOI-1295 b,Confirmed,1.42,0.08,0.08,,,,1.4,0.08
TOI-1296 b,Confirmed,,0.039,0.039,0.298,0.039,0.039,1.231,0.031
TOI-1298 b,Confirmed,0.356,0.032,0.032,,,,0.841,0.021
TOI-132 Ab,Confirmed,0.0705,0.00604,0.006,,,,0.3051,0.0125
TOI-1333 Ab,Confirmed,2.37,0.24,0.24,,,,1.396,0.056
TOI-1338 (AB)b,Confirmed,0.069,0.069,0.0,0.0686,0.066,0.0028,0.5986,0.0303
TOI-1338 (AB)c,Confirmed,,0.0371,0.0371,0.2051,0.0371,0.0371,,
TOI-1347 b,Confirmed,0.0384,0.005,0.005,,,,0.161,0.009
TOI-1347 c,Confirmed,0.0088,0.0072,0.0072,,,,0.143,0.009
TOI-1386 b,Confirmed,0.148,0.019,0.019,,,,0.54,0.018
TOI-1386 c,Confirmed,,0.04,0.04,0.31,0.04,0.04,,
TOI-139 b,Confirmed,6.6119,,,,,,0.2192,0.01106
TOI-1408 b,Confirmed,1.69,0.2,0.2,,,,1.5,
TOI-1408 c,Confirmed,0.0239,0.0006,0.0006,,,,0.1981,0.0054
TOI-1410 Ab,Confirmed,0.03338,,,,,,0.289359,0.0107
TOI-1410 Ac,Confirmed,,0.0104,0.0104,0.085,0.0104,0.0104,,
TOI-1411 Ab,Confirmed,0.0063,0.0035,0.0038,,,,0.1213,0.0143
TOI-1416 b,Confirmed,0.01095,0.00148,0.00148,,,,0.1445,0.0071
TOI-1416 c,Confirmed,0.068,0.0088,,0.068,0.0088,0.0098,,
TOI-1420 b,Confirmed,0.079,0.012,0.012,,,,1.0608,0.0294
TOI-1422 b,Confirmed,0.028,0.006,0.006,,,,0.3533,0.0009
TOI-1422 c,Confirmed,,0.0082,0.0082,0.0349,0.0082,0.0082,,
TOI-1430 b,Confirmed,0.01306,0.0025,0.0025,,,,0.1766,0.0062
TOI-1431 b,Confirmed,3.14,0.19,0.19,,,,1.508,0.062
TOI-1437 b,Confirmed,0.0302,0.0104,0.0123,,,,0.1998,0.0205
TOI-1439 b,Confirmed,0.1211,0.0179,0.0179,,,,0.3256,0.018
TOI-1442 b,Confirmed,0.005,0.0016,0.0035,,,,0.1044,0.0054
TOI-1443 b,Confirmed,0.094,0.094,0.0,,,,0.196,0.0125
TOI-1444 b,Confirmed,0.01218,0.00223,0.00223,,,,0.12463,0.00571
TOI-1444 c,Confirmed,,2.9,2.9,11.8,2.9,2.9,,
TOI-1448 b,Confirmed,0.0614,0.0614,0.0,,,,0.2453,0.00562
TOI-1450 Ab,Confirmed,0.00396,0.00041,0.00041,,,,0.1008,0.00393
TOI-1450 Ac,Confirmed,,0.00057,0.00057,0.00481,0.00057,0.00057,,
TOI-1451 b,Confirmed,0.0478,0.0088,0.0088,,,,0.2329,0.009
TOI-1452 Ab,Confirmed,0.01517,0.0041,0.0041,,,,0.14917,0.00633
TOI-1453 Ab,Confirmed,0.0039,0.0022,0.0022,,,,0.1044,0.0054
TOI-1453 Ac,Confirmed,0.00928,0.0025,0.0025,,,,0.1981,0.0009
TOI-1467 b,Confirmed,0.028,0.028,0.0,,,,0.1633,0.0143
TOI-1468 b,Confirmed,0.0101,0.00076,0.00076,,,,0.1142,0.00348
TOI-1468 c,Confirmed,0.02089,0.00214,0.00214,,,,0.18414,0.00393
TOI-1470 b,Confirmed,0.02303,0.0039,0.0039,,,,0.1945,0.0036
TOI-1470 c,Confirmed,0.02278,0.00872,0.00903,,,,0.2204,0.0018
TOI-1471 b,Confirmed,0.031,0.0098,0.0098,,,,0.348,0.00393
TOI-1471 c,Confirmed,0.0576,0.0573,0.0053,,,,0.29824,0.00348
TOI-1472 b,Confirmed,0.0519,0.016,0.016,,,,0.3711,0.0116
TOI-1473 Ab,Confirmed,0.034,0.0085,0.0085,,,,0.2186,0.008
TOI-1478 b,Confirmed,0.847,0.048,0.052,,,,1.06,0.04
TOI-150 b,Confirmed,2.51,0.12,0.12,,,,1.255,0.019
TOI-1516 Ab,Confirmed,3.16,0.12,0.12,,,,1.36,0.03
TOI-1518 b,Confirmed,1.83,0.47,0.47,,,,1.878,0.042
TOI-157 b,Confirmed,1.18,0.13,0.13,,,,1.286,0.002
TOI-1601 b,Confirmed,0.99,0.11,0.11,,,,1.239,0.039
TOI-1605 b,Confirmed,0.6963,0.0242,0.0242,,,,0.9225,0.0571
TOI-1634 Ab,Confirmed,0.01545,0.0022,0.0022,,,,0.1597,0.00723
TOI-163 b,Confirmed,1.22,0.12,0.12,,,,1.489,0.034
TOI-1669 b,Confirmed,0.0132,0.0085,0.0085,,,,0.214,0.0161
TOI-1669 c,Confirmed,,0.078,0.078,0.602,0.078,0.078,,
TOI-1670 b,Confirmed,0.0434,0.0274,0.0299,,,,0.1838,0.0134
TOI-1670 c,Confirmed,0.58,0.055,0.06,,,,0.97,0.023
TOI-1680 b,Confirmed,0.01001,0.0022,0.0035,,,,0.13079,0.00437
TOI-1683 b,Confirmed,0.025,0.006,0.006,,,,0.232,0.027
TOI-1685 b,Confirmed,0.00966,0.0009,0.0009,,,,0.1267,0.0054
TOI-1691 b,Confirmed,0.0459,0.017,0.017,,,,0.2614,0.0143
TOI-1693 b,Confirmed,0.0088,0.003,0.0069,,,,0.1258,0.009
TOI-1694 b,Confirmed,0.0809,,,,,,0.48702,0.071
TOI-1694 c,Confirmed,,0.037,0.037,0.929,0.037,0.037,,
TOI-1695 b,Confirmed,0.0182,0.0016,0.0016,,,,0.17,0.0143
TOI-1696 b,Confirmed,0.1787,0.1787,0.0,,,,0.2891,0.0107
TOI-169 b,Confirmed,0.791,0.06,0.064,,,,1.086,0.048
TOI-1710 Ab,Confirmed,0.0579,0.0148,0.0148,,,,0.4595,0.0107
TOI-1716 b,Confirmed,0.0151,0.0066,0.0066,,,,0.2471,0.0161
TOI-1723 b,Confirmed,0.0327,0.0151,0.0164,,,,0.27,0.0152
TOI-1728 b,Confirmed,0.08426,0.01614,0.01708,,,,0.4505,0.0152
TOI-172 Ab,Confirmed,5.41,0.2,0.2,,,,0.965,0.033
TOI-1736 Ab,Confirmed,0.0374,0.005,0.005,,,,0.2721,0.017
TOI-1736 Ac,Confirmed,,0.39,0.39,8.26,0.39,0.39,,
TOI-1739 b,Confirmed,0.013,0.0047,0.0085,,,,0.15122,0.00758
TOI-1742 b,Confirmed,0.0305,0.006,0.006,,,,0.2114,0.0045
TOI-1749 Ab,Confirmed,0.06,0.041,0.069,,,,0.124,0.018
TOI-1749 Ac,Confirmed,0.0066,0.005,0.0179,,,,0.1891,0.0107
TOI-1749 d,Confirmed,0.0135,0.011,0.0195,,,,0.2248,0.0134
TOI-1751 b,Confirmed,0.0538,0.0101,0.0101,,,,0.2489,0.0259
TOI-1753 b,Confirmed,0.0522,0.0164,0.0164,,,,0.2088,0.0054
TOI-1758 b,Confirmed,0.0217,0.0198,0.0198,,,,0.303,0.018
TOI-1759 Ab,Confirmed,0.0214,0.006,0.006,,,,0.273,0.0196
TOI-1775 b,Confirmed,0.302,0.047,0.047,,,,0.776,0.045
TOI-1776 b,Confirmed,0.0044,0.003,0.0035,,,,0.125,0.125
TOI-1778 b,Confirmed,0.02637,0.00415,0.00415,,,,0.24133,0.0071
TOI-1789 b,Confirmed,0.7,0.16,0.16,,,,1.4,0.13
TOI-178 b,Confirmed,0.00472,0.00138,0.00123,,,,0.10278,0.006629
TOI-178 c,Confirmed,0.01501,0.00214,0.00173,,,,0.1489,0.00883
TOI-178 d,Confirmed,0.00947,0.00289,0.00227,,,,0.22946,0.00696
TOI-178 e,Confirmed,0.01214,0.00299,0.00337,,,,0.1969,0.008
TOI-178 f,Confirmed,0.02429,0.00478,0.00525,,,,0.20403,0.0098
TOI-178 g,Confirmed,0.0124,0.0051,0.00412,,,,0.256,0.0116
TOI-1794 b,Confirmed,0.0274,0.0129,0.0129,,,,0.27,0.018
TOI-1798 b,Confirmed,0.0205,0.006,0.006,,,,0.2462,0.009
TOI-1798 c,Confirmed,0.0176,0.0025,0.0025,,,,0.125,0.0062
TOI-1799 b,Confirmed,0.013,0.0057,0.0057,,,,0.1445,0.303
TOI-179 Ab,Confirmed,0.0758,0.0242,0.0223,,,,0.2436,0.0045
TOI-1801 Ab,Confirmed,0.018214,0.00362,0.00362,,,,0.1865,0.0054
TOI-1803 b,Confirmed,0.0324,0.0079,0.0079,,,,0.2668,0.0071
TOI-1803 c,Confirmed,0.019,0.009,0.009,,,,0.3827,0.0071
TOI-1806 b,Confirmed,,,,,,,0.303,0.0312
TOI-1807 b,Confirmed,0.00809,0.0016,0.0016,,,,0.1222,0.009
TOI-1811 b,Confirmed,0.974,0.076,0.076,,,,1.0,0.026
TOI-181 b,Confirmed,0.13,0.02,0.01,,,,0.6183,0.009
TOI-1820 Ab,Confirmed,2.3,,,,,,1.12,0.02
TOI-1823 b,Confirmed,0.2121,0.0258,0.0258,,,,0.6727,0.0223
TOI-1824 Ab,Confirmed,0.0582,0.0101,0.0101,,,,0.2346,0.0134
TOI-1828 b,Confirmed,0.1841,0.012,0.012,,,,0.769,0.017
TOI-1836 Ab,Confirmed,0.092,0.015,0.015,,,,0.78188,0.00161
TOI-1836 Ac,Confirmed,0.025,,,,,,0.232,0.01285
TOI-1842 b,Confirmed,0.214,0.04,0.04,,,,1.04,0.06
TOI-1853 b,Confirmed,0.040571,,,,,,0.324465,0.01646
TOI-1855 Ab,Confirmed,1.133,0.096,0.096,,,,1.65,0.37
TOI-1859 b,Confirmed,,,,,,,0.87,0.07
TOI-1860 Ab,Confirmed,0.0069,0.0022,0.0041,,,,0.1169,0.0036
TOI-1883 Ab,Confirmed,,,,,,,0.5041,0.0214
TOI-1885 b,Confirmed,1.6248,0.1029,0.1029,,,,1.2187,0.0366
TOI-1899 b,Confirmed,0.67,0.04,0.04,,,,0.99,0.03
TOI-1937 Ab,Confirmed,2.01,0.17,0.17,,,,1.247,0.062
TOI-198 b,Confirmed,,,,,,,0.1285,0.0071
TOI-199 Ab,Confirmed,0.17,0.02,0.02,,,,0.81,0.005
TOI-199 Ac,Confirmed,,0.02,0.02,0.28,0.02,0.02,,
TOI-2000 b,Confirmed,0.0324,0.0069,0.0069,,,,0.2355,0.0107
TOI-2000 c,Confirmed,0.2382,0.012,0.012,,,,0.711,0.0107
TOI-2005 b,Confirmed,6.4,6.4,0.0,,,,1.07,0.1
TOI-2010 Ab,Confirmed,1.286,0.057,0.057,,,,1.054,0.027
TOI-2015 b,Confirmed,0.0289,0.0011,0.0011,,,,0.2953,0.0009
TOI-2015 c,Confirmed,,0.0013,0.0013,0.028,0.0013,0.0013,,
TOI-2018 b,Confirmed,0.0289,0.0066,0.0066,,,,0.2025,0.0062
TOI-2018 c,Confirmed,0.0113,0.011,0.0,,,,0.1374,0.0125
TOI-2019 b,Confirmed,0.1089,0.0132,0.0132,,,,0.505,0.025
TOI-201 b,Confirmed,0.42,0.03,0.05,,,,1.0,0.015
TOI-2025 b,Confirmed,4.4,0.4,0.4,,,,1.12,0.01
TOI-203 b,Confirmed,,,,,,,0.107,
TOI-2045 b,Confirmed,0.6639,0.063,0.066,,,,1.1316,0.0631
TOI-2046 b,Confirmed,2.3,0.28,0.28,,,,1.44,0.11
TOI-2048 b,Confirmed,,,,,,,0.1838,0.018
TOI-2068 Ab,Confirmed,0.0138,0.005,0.0101,,,,0.1624,0.0134
TOI-206 b,Confirmed,0.0069,0.0022,0.0041,,,,0.116,0.0045
TOI-2076 b,Confirmed,0.0107,0.0057,0.0057,,,,0.2266,0.0036
TOI-2076 c,Confirmed,0.0145,0.0072,0.0072,,,,0.2989,0.0045
TOI-2076 d,Confirmed,0.023,0.0088,0.0088,,,,0.2935,0.0054
TOI-2076 e,Confirmed,,,,,,,0.12089,0.00874
TOI-2081 b,Confirmed,0.016,0.0076,0.0151,,,,0.182,0.0482
TOI-2084 Ab,Confirmed,0.02121,0.0088,0.0167,,,,0.2204,0.0116
TOI-2088 b,Confirmed,0.116,0.116,0.0,,,,0.3283,0.0125
TOI-2095 b,Confirmed,0.0129,0.0129,0.0,,,,0.1115,0.0062
TOI-2095 c,Confirmed,0.0233,0.0233,0.0,,,,0.1187,0.0071
TOI-2096 b,Confirmed,0.006,0.0019,0.0044,,,,0.11089,0.00687
TOI-2096 c,Confirmed,0.0145,0.0057,0.011,,,,0.17076,0.00848
TOI-2107 b,Confirmed,0.83,0.11,0.11,,,,1.211,0.035
TOI-2109 b,Confirmed,5.02,0.75,0.75,,,,1.347,0.047
TOI-2120 b,Confirmed,0.0214,0.0214,0.0,,,,0.18931,0.0058
TOI-2128 Ab,Confirmed,0.0142,0.006,0.006,,,,0.2346,0.0134
TOI-2134 b,Confirmed,0.02873,0.00245,0.00245,,,,0.24,0.0143
TOI-2134 c,Confirmed,0.1318,0.0245,0.0245,,,,0.6486,0.0375
TOI-2136 b,Confirmed,0.0148,0.0082,0.0098,,,,0.1865,0.0071
TOI-2141 b,Confirmed,0.076,0.013,0.013,,,,0.2721,0.0205
TOI-2145 b,Confirmed,5.52,0.35,0.35,,,,1.098,0.003
TOI-2152 Ab,Confirmed,2.83,0.38,0.38,,,,1.281,0.05
TOI-2154 b,Confirmed,0.92,0.19,0.19,,,,1.453,0.048
TOI-2158 b,Confirmed,0.82,0.08,0.08,,,,0.96,0.012
TOI-216 b,Confirmed,0.0558,0.002,0.002,,,,0.6861,0.074
TOI-216 c,Confirmed,0.528,0.02,0.02,,,,0.901,0.018
TOI-2180 b,Confirmed,2.755,0.08,0.08,,,,1.01,0.019
TOI-2184 b,Confirmed,0.65,0.16,0.16,,,,1.017,0.051
TOI-2193 Ab,Confirmed,0.94,0.18,0.18,,,,1.77,0.22
TOI-2194 b,Confirmed,0.0145456,,,,,,0.177466,0.00596
TOI-2196 b,Confirmed,0.082,0.0041,0.0041,,,,0.3131,0.0134
TOI-2202 b,Confirmed,0.978,0.059,0.063,,,,1.0,0.08
TOI-2202 c,Confirmed,0.369,0.084,0.1,,,,,
TOI-2207 b,Confirmed,0.64,0.12,0.12,,,,0.995,0.028
TOI-220 b,Confirmed,0.0428,0.0038,0.0038,,,,0.2694,0.0152
TOI-2236 b,Confirmed,1.58,0.4,0.4,,,,1.282,0.032
TOI-2257 b,Confirmed,0.0179,0.0072,0.0135,,,,0.19574,0.0098
TOI-2260 b,Confirmed,0.011,0.0041,0.0079,,,,0.1445,0.0116
TOI-2266 b,Confirmed,,,,,,,0.1374,0.008
TOI-2274 b,Confirmed,,,,,,,0.2186,0.0116
TOI-2285 b,Confirmed,0.0614,0.0614,0.0,,,,0.1552,0.0071
TOI-2290 b,Confirmed,0.005,0.0019,0.0044,,,,0.1044,0.0062
TOI-2295 b,Confirmed,0.875,0.04,0.04,,,,1.47,0.5
TOI-2295 c,Confirmed,,0.2,0.2,5.6,0.2,0.2,,
TOI-2328 Ab,Confirmed,0.16,0.02,0.02,,,,0.89,0.04
TOI-2337 b,Confirmed,1.0,0.15,0.15,,,,0.9,0.1
TOI-2338 b,Confirmed,5.98,0.21,0.21,,,,1.0,0.2
TOI-2364 b,Confirmed,0.225,0.049,0.049,,,,0.768,0.02
TOI-2368 b,Confirmed,0.65,0.18,0.18,,,,0.967,0.03
TOI-2373 b,Confirmed,9.3,0.2,0.2,,,,0.93,0.02
TOI-2374 Bb,Confirmed,0.17821,0.0135,0.011,,,,0.607,0.027
TOI-2379 b,Confirmed,5.76,0.2,0.2,,,,1.046,0.023
TOI-237 b,Confirmed,0.009,0.003,0.006,,,,0.1285,0.0107
TOI-2384 Ab,Confirmed,1.966,0.06,0.06,,,,1.025,0.02
TOI-238 b,Confirmed,0.0106,0.00154,0.00154,,,,0.13909,0.00419
TOI-238 c,Confirmed,0.0211,0.0035,0.0035,,,,0.1945,0.0161
TOI-2406 b,Confirmed,0.0286,0.013,0.0223,,,,0.2623,0.0152
TOI-2407 b,Confirmed,0.053,0.006,0.006,,,,0.3801,0.0232
TOI-2411 b,Confirmed,0.0123,0.0047,0.0072,,,,0.1499,0.0098
TOI-2411 c,Confirmed,,,,,,,0.2569,0.0134
TOI-2416 b,Confirmed,3.0,0.1,0.1,,,,0.88,0.02
TOI-2420 b,Confirmed,0.93,0.08,0.08,,,,1.34,0.07
TOI-2421 b,Confirmed,0.333,0.079,0.079,,,,0.925,0.034
TOI-2427 b,Confirmed,0.0179,0.0016,0.0016,,,,0.1463,0.0107
TOI-2427 c,Confirmed,,0.0025,0.0025,0.02033,0.0025,0.0025,,
TOI-2431 b,Confirmed,,,,,,,0.1445,0.0187
TOI-2443 b,Confirmed,0.01284,0.0035,0.0035,,,,0.2105,0.00589
TOI-2443 c,Confirmed,,0.006,0.006,0.0293,0.006,0.006,,
TOI-2445 b,Confirmed,0.006,0.0013,0.0013,,,,0.12267,0.00045
TOI-2458 b,Confirmed,0.04188,,,,,,0.2525,0.018
TOI-2458 c,Confirmed,,0.006,0.00538,0.03216,0.006,0.00538,,
TOI-2459 Bb,Confirmed,0.02847,,,,,,0.2632,0.00589
TOI-2485 b,Confirmed,2.41,0.09,0.09,,,,1.08,0.04
TOI-2497 b,Confirmed,5.21,0.52,0.52,,,,1.0,0.04
TOI-2498 b,Confirmed,0.10893,0.0129,0.0129,,,,0.5406,0.0259
TOI-251 b,Confirmed,1.0,1.0,0.0,,,,0.2444,0.0161
TOI-2524 b,Confirmed,0.64,0.04,0.04,,,,1.0,0.03
TOI-2525 b,Confirmed,0.084,0.005,0.005,,,,0.774,0.01
TOI-2525 c,Confirmed,0.657,0.32,0.32,,,,0.904,0.01
TOI-2529 b,Confirmed,2.34,0.2,0.2,,,,1.03,0.05
TOI-2537 b,Confirmed,1.3,0.09,0.09,,,,1.0,0.06
TOI-2537 c,Confirmed,,0.09,0.09,1.3,0.09,0.09,,
TOI-2545 b,Confirmed,,,,,,,0.2453,
TOI-2567 b,Confirmed,0.201,0.031,0.034,,,,0.975,0.02
TOI-2570 b,Confirmed,0.82,0.065,0.063,,,,1.217,0.034
TOI-257 b,Confirmed,0.134,0.023,0.023,,,,0.626,0.013
TOI-2580 Ab,Confirmed,0.63,0.08,0.08,,,,1.55,0.05
TOI-2583 Ab,Confirmed,0.25,0.058,0.058,,,,1.29,0.33
TOI-2587 Ab,Confirmed,0.218,0.046,0.054,,,,1.077,0.042
TOI-2589 b,Confirmed,3.5,0.1,0.1,,,,1.08,0.03
TOI-260 b,Confirmed,0.02961,0.009,0.009,,,,0.1454,0.0062
TOI-261 b,Confirmed,,,,,,,0.2712,0.0187
TOI-262 b,Confirmed,,,,,,,0.1838,0.1829
TOI-2641 b,Confirmed,0.366,0.036,0.022,,,,1.615,0.64
TOI-2669 b,Confirmed,0.61,0.19,0.19,,,,1.76,0.16
TOI-266 b,Confirmed,0.028,0.0053,0.0053,,,,0.2284,0.017
TOI-266 c,Confirmed,0.0337,0.0069,0.0069,,,,0.2213,0.017
TOI-269 b,Confirmed,0.0277,0.0044,0.0044,,,,0.2471,0.0107
TOI-270 b,Confirmed,0.00466,0.00057,0.00057,,,,0.11125,0.0074
TOI-270 c,Confirmed,0.0195,0.00098,0.00098,,,,0.2079,0.0009
TOI-270 d,Confirmed,0.0132,0.0005,0.0005,,,,0.19,0.0107
TOI-2714 b,Confirmed,0.717,0.104,0.104,,,,1.224,0.062
TOI-277 Bb,Confirmed,0.0308,,,,,,0.27612,0.013159
TOI-2796 b,Confirmed,0.44,0.1,0.1,,,,1.59,0.05
TOI-2803 Ab,Confirmed,0.975,0.07,0.083,,,,1.616,0.034
TOI-2818 b,Confirmed,0.71,0.26,0.26,,,,1.363,0.046
TOI-2842 b,Confirmed,0.37,0.0,0.0,,,,1.146,0.051
TOI-286 b,Confirmed,0.01425,0.0025,0.0025,,,,0.1267,0.009
TOI-286 c,Confirmed,0.0117,0.00698,0.00698,,,,0.1677,0.0107
TOI-2969 b,Confirmed,1.16,0.04,0.04,,,,1.1,0.08
TOI-2977 Ab,Confirmed,1.68,0.26,0.26,,,,1.174,0.027
TOI-2981 b,Confirmed,2.007,0.104,0.104,,,,1.195,0.0375
TOI-2989 b,Confirmed,3.0,0.2,0.2,,,,1.12,0.05
TOI-3023 b,Confirmed,0.62,0.1,0.1,,,,1.466,0.032
TOI-3071 b,Confirmed,0.2146,0.011,0.011,,,,0.6388,0.045
TOI-3082 b,Confirmed,0.0410483,,,,,,0.326713,0.012918
TOI-322 Ab,Confirmed,,,,,,,1.03,0.11
TOI-3235 Ab,Confirmed,0.665,0.025,0.025,,,,1.017,0.044
TOI-3261 b,Confirmed,0.0953,0.0076,0.0076,,,,0.3408,0.0312
TOI-329 b,Confirmed,0.1271,0.0116,0.012,,,,0.4211,0.0321
TOI-3321 Ab,Confirmed,0.554,0.076,0.076,,,,1.39,0.06
TOI-332 b,Confirmed,0.18,0.005,0.005,,,,0.285,0.0098
TOI-3331 b,Confirmed,2.27,0.16,0.16,,,,1.158,0.043
TOI-3353 Ab,Confirmed,,,,,,,0.2382,0.0205
TOI-3362 b,Confirmed,4.0,0.04,0.04,,,,1.2,0.02
TOI-3364 b,Confirmed,1.67,0.013,0.013,,,,1.091,0.038
TOI-3493 b,Confirmed,0.02822,0.0038,0.0038,,,,0.2873,0.0071
TOI-3495 b,Confirmed,,,,,,,0.3631,
TOI-3540 b,Confirmed,1.18,0.14,0.14,,,,2.1,0.7
TOI-3568 b,Confirmed,0.083,0.003,0.003,,,,0.473,0.0241
TOI-3629 b,Confirmed,0.26,0.02,0.02,,,,0.74,0.014
TOI-3688 Ab,Confirmed,0.98,0.11,0.11,,,,1.167,48.0
TOI-3693 b,Confirmed,1.02,0.24,0.24,,,,1.124,0.023
TOI-3714 Ab,Confirmed,0.689,0.03,0.03,,,,0.994,0.02
TOI-3757 b,Confirmed,0.2684,0.0277,0.0277,,,,1.07,0.045
TOI-3785 b,Confirmed,0.04704,0.01233,0.0129,,,,0.4586,0.0143
TOI-3807 b,Confirmed,1.04,0.15,0.15,,,,2.0,0.035
TOI-3819 b,Confirmed,1.11,0.2,0.2,,,,1.172,0.036
TOI-3837 b,Confirmed,0.59,0.06,0.06,,,,0.96,0.05
TOI-3884 b,Confirmed,0.0519,0.0057,0.011,,,,0.5629,0.025
TOI-3894 b,Confirmed,0.85,0.15,0.15,,,,1.36,0.05
TOI-3912 b,Confirmed,0.406,0.07,0.07,,,,1.274,0.04
TOI-3919 b,Confirmed,3.88,0.23,0.23,,,,1.1,0.05
TOI-396A b,Confirmed,0.01117,0.00302,0.00302,,,,0.178,0.00419
TOI-396A c,Confirmed,0.0028,0.0019,0.00296,,,,0.1766,0.00482
TOI-396A d,Confirmed,0.0223,0.005,0.005,,,,0.18,0.00571
TOI-3976 b,Confirmed,0.175,0.037,0.037,,,,1.095,0.036
TOI-3984 Ab,Confirmed,0.138,0.025,0.0274,,,,0.71,0.02
TOI-4010 b,Confirmed,0.035,0.00406,0.00406,,,,0.2694,0.0071
TOI-4010 c,Confirmed,0.0639,0.0067,0.0067,,,,0.529,0.0107
TOI-4010 d,Confirmed,0.12003,0.01029,0.01029,,,,0.5513,0.0134
TOI-4010 e,Confirmed,,0.208,0.208,2.177,0.208,0.208,,
TOI-402 Ab,Confirmed,0.02051,0.0013,0.0013,,,,0.1579,0.00285
TOI-402 Ac,Confirmed,0.02136,0.0035,0.0041,,,,0.22536,0.00669
TOI-406 b,Confirmed,0.00654,0.00069,0.00072,,,,0.1178,0.0107
TOI-406 c,Confirmed,0.02067,0.003,0.003,,,,0.1856,0.0143
TOI-4087 b,Confirmed,0.73,0.14,0.14,,,,1.164,0.025
TOI-4127 b,Confirmed,2.3,0.11,0.11,,,,1.096,0.039
TOI-4137 b,Confirmed,1.01,0.17,0.17,,,,1.211,0.04
TOI-4138 b,Confirmed,0.67,0.03,0.03,,,,1.49,0.04
TOI-4145 Ab,Confirmed,0.43,0.13,0.13,,,,1.187,0.032
TOI-4153 b,Confirmed,1.15,0.18,0.18,,,,1.438,0.045
TOI-4184 b,Confirmed,6.6,2.75,5.2,,,,0.2168,0.0187
TOI-4201 b,Confirmed,2.589,0.066,0.066,,,,1.133,0.024
TOI-421 Ac,Confirmed,0.0444,0.0044,0.0044,,,,0.4541,0.0062
TOI-429 b,Confirmed,0.8,,,,,,0.8,
TOI-4308 b,Confirmed,0.02029,,,,,,0.2159,0.0116
TOI-431 b,Confirmed,0.00966,0.0011,0.0011,,,,0.1142,0.0036
TOI-431 c,Confirmed,0.00892,0.00107,,0.0089,0.00107,0.00129,,
TOI-431 d,Confirmed,0.0311,0.00469,0.00481,,,,0.2935,0.008
TOI-4329 b,Confirmed,0.45,0.09,0.09,,,,1.5,0.19
TOI-4336 Ab,Confirmed,,,,,,,0.1891,0.008
TOI-4342 b,Confirmed,,,,,,,0.20216,0.00339
TOI-4342 c,Confirmed,,,,,,,0.21545,0.0036
TOI-4364 b,Confirmed,,,,,,,0.1793,0.0071
TOI-4377 b,Confirmed,0.957,0.09,0.09,,,,1.35,0.08
TOI-4379 b,Confirmed,1.113,0.071,0.071,,,,1.489,0.079
TOI-4406 b,Confirmed,0.3,0.03,0.03,,,,1.0,0.02
TOI-4409 b,Confirmed,,,,,,,0.6495,0.018
TOI-4438 b,Confirmed,0.017,0.0035,0.0035,,,,0.2248,0.0116
TOI-4443 b,Confirmed,,,,,,,0.152,0.009
TOI-444 Ab,Confirmed,,,,,,,0.2471,0.018
TOI-4463 Ab,Confirmed,0.794,0.04,0.04,,,,1.183,0.045
TOI-4465 b,Confirmed,5.9,,,,,,1.2,
TOI-4468 b,Confirmed,,,,,,,1.0197,0.0517
TOI-4468 c,Confirmed,,,,,,,0.2873,0.0232
TOI-4479 b,Confirmed,0.0261,0.025,0.013,,,,0.2516,0.058
TOI-4481 b,Confirmed,0.006,0.00053,0.00053,,,,0.11874,0.00205
TOI-4481 c,Confirmed,,0.0009,0.0009,0.0182,0.0009,0.0009,,
TOI-4495 b,Confirmed,,,,,,,0.3238,0.018
TOI-4504 b,Confirmed,,,,,,,0.24,0.018
TOI-4504 c,Confirmed,,,,,,,0.96,0.05
TOI-4515 b,Confirmed,2.0,0.05,0.05,,,,1.09,0.04
TOI-451 Ab,Confirmed,,,,,,,0.16879,0.00839
TOI-451 Ac,Confirmed,,,,,,,0.2748,0.0125
TOI-451 Ad,Confirmed,,,,,,,0.3631,0.0134
TOI-4527 b,Confirmed,,,,,,,0.08,0.08
TOI-4551 b,Confirmed,1.49,0.13,0.13,,,,1.06,0.06
TOI-4559 b,Confirmed,0.0085,0.003,0.006,,,,0.12624,0.0098
TOI-4562 b,Confirmed,3.29,0.8,1.9,,,,1.072,0.044
TOI-4562 c,Confirmed,5.77,0.56,0.37,,,,,
TOI-4582 b,Confirmed,0.53,0.05,0.05,,,,0.94,0.12
TOI-4600 b,Confirmed,,,,,,,0.607,0.027
TOI-4600 c,Confirmed,,,,,,,0.8404,0.0375
TOI-4603 b,Confirmed,12.89,0.58,0.58,,,,1.042,0.038
TOI-4633 Ac,Confirmed,0.1504,0.076,0.088,,,,0.285,0.018
TOI-4641 b,Confirmed,3.87,3.87,0.0,,,,0.73,0.028
TOI-469 b,Confirmed,0.0186,0.006,0.006,,,,0.3105,0.025
TOI-469 c,Confirmed,0.0142,0.0009,0.0009,,,,0.141,0.0303
TOI-469 d,Confirmed,0.016,0.0013,0.0013,,,,0.1222,0.036
TOI-470 Ab,Confirmed,,,,,,,0.3872,0.027
TOI-4791 b,Confirmed,2.31,0.33,0.33,,,,1.11,0.05
TOI-480 b,Confirmed,0.0654,0.0138,0.0138,,,,0.24,0.009
TOI-481 b,Confirmed,1.53,0.03,0.03,,,,0.99,0.01
TOI-4860 b,Confirmed,0.67,0.14,0.14,,,,0.756,0.024
TOI-4914 b,Confirmed,0.714,0.041,0.041,,,,1.1482,0.0321
TOI-4987 b,Confirmed,12.37,0.9,0.9,,,,1.93,0.09
TOI-4994 b,Confirmed,0.28,0.034,0.037,0.28,0.034,0.037,0.762,0.027
TOI-5005 b,Confirmed,0.1029,0.0186,0.0186,,,,0.5576,0.0214
TOI-500 b,Confirmed,0.005,0.0022,0.0041,,,,0.1035,0.0107
TOI-500 c,Confirmed,,0.0016,0.0016,0.0146,0.0016,0.0016,,
TOI-500 d,Confirmed,,0.003,0.003,0.10553,0.003,0.003,,
TOI-500 e,Confirmed,,0.00428,0.00428,0.03757,0.00428,0.00428,,
TOI-5027 b,Confirmed,2.0,0.13,0.13,,,,0.99,0.12
TOI-5076 Ab,Confirmed,0.05,0.006,0.006,,,,0.285,0.009
TOI-5082 b,Confirmed,,,,,,,0.223,0.009
TOI-5108 b,Confirmed,0.101,0.016,0.016,,,,0.589,0.009
TOI-5110 b,Confirmed,2.9,0.13,0.13,2.89,0.13,0.13,1.069,0.052
TOI-5126 b,Confirmed,,,,,,,0.4247,0.0152
TOI-5126 c,Confirmed,,,,,,,0.348,0.0161
TOI-512 b,Confirmed,0.01123,0.00173,0.00173,,,,0.1374,0.009
TOI-5143 c,Confirmed,,,,,,,1.45,
TOI-5153 b,Confirmed,3.26,0.17,0.17,,,,1.06,0.04
TOI-5174 b,Confirmed,,,,,,,0.47667,
TOI-519 b,Confirmed,0.525,0.064,0.064,,,,1.059,0.02
TOI-5205 b,Confirmed,1.08,0.08,0.08,,,,0.94,0.04
TOI-5218 b,Confirmed,0.799,0.359,0.393,,,,0.879,0.034
TOI-5232 b,Confirmed,2.34,0.16,0.16,,,,1.14,0.045
TOI-5238 b,Confirmed,,,,,,,0.46472,
TOI-5293 Ab,Confirmed,0.54,0.07,0.07,,,,1.06,0.04
TOI-5300 b,Confirmed,0.6,0.1,0.1,,,,0.88,0.08
TOI-5301 b,Confirmed,3.65,0.4,0.4,,,,1.18,0.07
TOI-530 b,Confirmed,0.4,0.1,0.1,,,,0.83,0.06
TOI-5319 Ab,Confirmed,,,,,,,0.2525,0.0526
TOI-532 b,Confirmed,0.1935,0.0293,0.0305,,,,0.5192,0.017
TOI-5344 b,Confirmed,0.42,0.06,0.06,,,,0.87,0.04
TOI-5388 b,Confirmed,,,,,,,0.1686,0.054
TOI-5398 b,Confirmed,0.1847,0.0179,0.0179,,,,1.008,0.036
TOI-5398 c,Confirmed,0.0371,0.0151,0.0151,,,,0.314,0.018
TOI-540 b,Confirmed,,,,,,,0.08056,0.00464
TOI-544 b,Confirmed,0.00909,0.00151,0.00151,,,,0.1802,0.0062
TOI-5473 b,Confirmed,,,,,,,1.5,0.3
TOI-5542 b,Confirmed,1.32,0.1,0.1,,,,1.009,0.036
TOI-554 b,Confirmed,0.0274,0.0085,0.0085,,,,0.2337,0.0143
TOI-554 c,Confirmed,0.0135,0.006,0.006,,,,0.134,0.0107
TOI-5573 b,Confirmed,0.35,0.06,0.06,,,,0.87,0.04
TOI-558 b,Confirmed,3.61,0.15,0.15,,,,1.086,0.04
TOI-559 b,Confirmed,6.01,0.24,0.24,,,,1.091,0.028
TOI-5616 b,Confirmed,0.802,0.384,0.371,,,,0.961,0.042
TOI-561 b,Confirmed,0.00636,0.00072,0.00072,,,,0.12463,0.00241
TOI-561 c,Confirmed,0.01866,0.00211,0.00211,,,,0.2556,0.00366
TOI-561 d,Confirmed,0.04194,0.00308,0.00308,,,,0.2333,0.0054
TOI-561 e,Confirmed,0.039,0.0044,0.0044,,,,0.22455,0.00401
TOI-561 f,Confirmed,0.0601,0.0085,0.0085,,,,0.207,0.0143
TOI-5634 Ab,Confirmed,0.576,0.346,0.406,,,,0.923,0.05
TOI-564 Ab,Confirmed,1.463,0.096,0.1,,,,1.02,0.29
TOI-5678 b,Confirmed,0.063,0.013,0.013,,,,0.438,0.0071
TOI-5688 Ab,Confirmed,0.39,0.0768,0.0736,,,,0.919,0.062
TOI-5713 b,Confirmed,0.0135,0.0035,0.0053,,,,0.1579,0.0152
TOI-5720 b,Confirmed,0.00415,0.0016,0.0028,0.0135,0.0135,0.0,0.0972,0.0062
TOI-5786 b,Confirmed,0.23,0.028,0.028,,,,0.7708,0.0116
TOI-5799 b,Confirmed,0.0116,0.0044,0.0085,,,,0.14497,0.0116
TOI-5800 b,Confirmed,0.034,0.0044,0.0041,,,,0.2391,0.018
TOI-5803 b,Confirmed,0.03392,,,,,,0.292018,0.0107
TOI-5817 b,Confirmed,0.0324,0.0041,0.0044,,,,0.2748,0.0125
TOI-6002 b,Confirmed,0.012,0.003,0.005,,,,0.1472,0.018
TOI-6008 b,Confirmed,0.0035,0.0028,0.0104,,,,0.0919,0.0045
TOI-6016 b,Confirmed,1.17,0.09,0.09,,,,1.22,0.03
TOI-6029 b,Confirmed,1.635,0.032,0.032,,,,1.284,0.098
TOI-6034 Bb,Confirmed,0.798,0.075,0.075,,,,1.063,0.042
TOI-6035 b,Confirmed,,,,,,,0.70328,
TOI-6038 Ab,Confirmed,0.247,0.0311,0.0299,0.246,0.0311,0.0311,0.5719,0.0143
TOI-603 b,Confirmed,0.1495,0.0431,0.0431,,,,0.7075,0.018
TOI-6054 b,Confirmed,0.039,0.0053,0.0053,,,,0.2364,0.0134
TOI-6054 c,Confirmed,0.0289,0.006,0.006,,,,0.25,0.0161
TOI-6086 b,Confirmed,0.00529,0.00176,0.00362,,,,0.1053,0.0062
TOI-6130 b,Confirmed,1.05,0.06,0.06,,,,1.28,0.03
TOI-615 b,Confirmed,0.435,0.082,0.086,,,,1.693,0.057
TOI-620 b,Confirmed,0.0485,0.0113,0.0173,,,,0.3354,0.0134
TOI-622 b,Confirmed,0.303,0.072,0.072,,,,0.824,0.029
TOI-6255 b,Confirmed,0.00453,0.00044,0.00044,,,,0.09626,0.0058
TOI-628 b,Confirmed,6.33,0.3,0.3,,,,1.06,0.034
TOI-6303 b,Confirmed,7.84,0.31,0.31,,,,1.03,0.06
TOI-6324 b,Confirmed,0.00368,0.00069,0.00069,,,,0.09448,0.00366
TOI-6330 b,Confirmed,10.0,0.3,0.3,,,,0.97,0.03
TOI-6383 Ab,Confirmed,1.04,0.094,0.094,,,,1.0072,0.033
TOI-640 Ab,Confirmed,0.88,0.16,0.16,,,,1.771,0.06
TOI-6478 b,Confirmed,,,,,,,0.41,0.0214
TOI-654 b,Confirmed,,,,,,,0.214,0.009
TOI-6628 b,Confirmed,0.75,0.06,0.06,,,,0.98,0.05
TOI-663 b,Confirmed,0.014,0.0022,0.0019,,,,0.2025,0.009
TOI-663 c,Confirmed,0.01148,0.0003,0.0003,,,,0.2016,0.009
TOI-663 d,Confirmed,0.0164,0.0164,0.0,,,,0.1713,0.0116
TOI-6651 b,Confirmed,0.192,0.0249,0.0249,,,,0.4541,0.0241
TOI-6695 b,Confirmed,0.21,0.001,0.001,,,,0.85,0.02
TOI-6695 c,Confirmed,1.45,0.03,0.03,1.45,0.03,0.03,,
TOI-669 b,Confirmed,0.031,0.0044,0.0044,,,,,
TOI-672 b,Confirmed,0.0759785,,,,,,0.469305,0.009
TOI-674 b,Confirmed,0.0739,0.0104,0.0104,,,,0.4693,0.0152
TOI-677 b,Confirmed,1.234,0.084,0.084,,,,1.17,0.03
TOI-682 b,Confirmed,0.0387,,,,,,0.339,
TOI-682 c,Confirmed,,,,0.0302,,,,
TOI-6883 Ab,Confirmed,4.34,0.15,0.15,,,,1.087,0.02
TOI-6883 Ac,Confirmed,0.357,0.132,0.132,,,,0.792,0.018
TOI-6894 b,Confirmed,0.168,0.022,0.022,,,,0.855,0.022
TOI-700 b,Confirmed,0.00406,0.00116,0.003,,,,0.08154,0.00437
TOI-700 c,Confirmed,0.0249,0.0057,0.0085,,,,0.232,0.0125
TOI-700 d,Confirmed,0.00711,0.00164,0.0022,,,,0.09573,0.00482
TOI-700 e,Confirmed,,,,,,,0.08502,0.00669
TOI-7018 b,Confirmed,,,,,,,1.61,0.04
TOI-7041 b,Confirmed,0.36,0.16,0.16,,,,1.02,0.03
TOI-7081 b,Confirmed,,,,,,,1.65,0.05
TOI-712 b,Confirmed,0.0176,0.0041,0.006,,,,0.1828,0.0071
TOI-712 c,Confirmed,0.0274,0.006,0.0098,,,,0.241,0.0071
TOI-712 d,Confirmed,0.0236,0.0053,0.0085,,,,0.22072,0.00732
TOI-715 b,Confirmed,,,,,,,0.1383,0.00571
TOI-732 Ab,Confirmed,0.00774,0.0006,0.0006,,,,0.11821,0.00517
TOI-732 Ac,Confirmed,0.0253,0.0016,0.0016,,,,0.2132,0.009
TOI-733 b,Confirmed,0.018,0.00022,0.00022,,,,0.1775,0.008
TOI-757 b,Confirmed,0.033,0.0069,0.0069,,,,0.223,0.009
TOI-762 Ab,Confirmed,0.251,0.042,0.042,,,,0.744,0.017
TOI-763 Ab,Confirmed,0.0308,0.00245,0.00245,,,,0.2034,0.0098
TOI-763 Ac,Confirmed,0.02932,0.00321,0.00321,,,,0.2346,0.0107
TOI-771 b,Confirmed,0.00777,0.0013,0.0013,,,,0.1213,0.009
TOI-771 c,Confirmed,,0.0013,0.0013,0.00903,0.0013,0.0013,,
TOI-776 b,Confirmed,0.01466,0.00305,0.00305,,,,0.165,0.0116
TOI-776 c,Confirmed,0.0217,0.0082,0.0082,,,,0.1829,0.0071
TOI-778 b,Confirmed,2.8,0.2,0.2,,,,1.374,0.045
TOI-782 b,Confirmed,0.0601,0.0,0.0601,,,,0.24391,0.00758
TOI-784 b,Confirmed,0.03043,0.0025,0.0025,,,,0.1722,0.009
TOI-784 c,Confirmed,0.06878,0.02912,,0.06875,0.0291,0.0291,,
TOI-813 b,Confirmed,,,,,,,0.5986,0.0339
TOI-815 Ab,Confirmed,0.0239,0.0047,0.0047,,,,0.2623,0.0045
TOI-815 Ac,Confirmed,0.0739,0.0076,0.0076,,,,0.2337,0.009
TOI-824 b,Confirmed,0.058104,0.00592,0.00579,,,,0.26104,0.017
TOI-833 Ab,Confirmed,0.006,0.0019,0.0041,,,,0.1133,0.0062
TOI-836 b,Confirmed,0.01425,0.00271,0.00289,,,,0.15202,0.00598
TOI-836 c,Confirmed,0.0302,0.0085,0.0085,,,,0.2308,0.00785
TOI-837 Ab,Confirmed,0.395,0.07,0.07,1.2,1.2,0.0,0.817,0.023
TOI-849 b,Confirmed,0.1315,0.0079,0.0079,,,,0.30726,0.01026
TOI-858 B b,Confirmed,1.1,0.08,0.08,,,,1.255,0.04
TOI-871 b,Confirmed,0.012,0.0044,0.0085,,,,0.1481,0.0098
TOI-880 Ab,Confirmed,,,,,,,0.248,0.0205
TOI-892 b,Confirmed,0.95,0.07,0.07,,,,1.07,0.02
TOI-904 b,Confirmed,,,,,,,0.2168,0.0134
TOI-904 c,Confirmed,,,,,,,0.1936,0.0107
TOI-905 Ab,Confirmed,0.667,0.042,0.042,,,,1.171,0.053
TOI-907 Ab,Confirmed,,,,,,,0.856,0.054
TOI-908 b,Confirmed,0.050773,0.01271,0.0129,,,,0.28424,0.01383
TOI-913 b,Confirmed,0.0208,,,,,,0.2192,0.009
TOI-942 b,Confirmed,2.599,2.596,0.0,,,,0.4291,0.018
TOI-942 c,Confirmed,2.501,2.501,0.0,,,,0.5166,0.0161
TOI-954 Ab,Confirmed,0.174,0.017,0.018,,,,0.852,0.062
TOI-969 b,Confirmed,0.0286,0.003,0.003,,,,0.24668,0.009
TOI-969 c,Confirmed,,0.9,1.1,11.3,0.9,1.1,,
TRAPPIST-1 b,Confirmed,0.0027,0.0023,0.0023,,,,0.09689,0.00031
TRAPPIST-1 c,Confirmed,0.00434,0.0019,0.0019,,,,0.09421,0.00031
TRAPPIST-1 d,Confirmed,0.0013,0.00085,0.00085,,,,0.0689,0.0027
TRAPPIST-1 e,Confirmed,0.002,0.0018,0.0018,,,,0.0819,0.0035
TRAPPIST-1 f,Confirmed,0.0021,0.00057,0.00057,,,,0.09323,0.0034
TRAPPIST-1 g,Confirmed,0.00422,0.0028,0.0028,,,,0.1005,0.0037
TRAPPIST-1 h,Confirmed,0.001041,0.000154,0.000176,,,,0.0674,0.003
TrES-1 Ab,Confirmed,0.761,0.05,0.05,,,,1.099,0.035
TrES-2 Ab,Confirmed,1.253,0.052,0.052,,,,1.189,0.025
TrES-3 b,Confirmed,1.91,0.07,0.06,,,,1.305,0.09
TrES-4 Ab,Confirmed,0.917,0.07,0.07,,,,1.706,0.056
TrES-5 b,Confirmed,1.778,0.063,0.063,,,,1.209,0.021
TVLM 513-46546 b,Confirmed,0.38,0.24,0.24,,,,,
TWA 7 b,Confirmed,0.31,,,,,,,
TW Hya b,Confirmed,,0.022,0.028,0.094,0.022,0.028,,
TYC 1422-614-1 b,Confirmed,,0.12,0.12,2.51,0.12,0.12,,
TYC 1422-614-1 c,Confirmed,,0.14,0.14,10.1,0.14,0.14,,
TYC 2187-512-1 b,Confirmed,,0.02,0.02,0.34,0.02,0.02,,
TYC 3318-01333-1 b,Confirmed,,0.35,0.35,3.42,0.35,0.35,,
TYC 3667-1280-1 b,Confirmed,,0.4,0.4,5.4,0.4,0.4,,
TYC 4282-605-1 b,Confirmed,,0.12,0.12,10.78,0.12,0.12,,
TYC 8998-760-1 c,Confirmed,6.0,1.0,1.0,,,,,
UKIRT-2017-BLG-001 b,Confirmed,1.28,0.44,0.37,,,,,
ups And Ab,Confirmed,0.62,0.09,,0.62,0.09,0.09,,
ups And Ac,Confirmed,9.1,2.93,5.04,1.8,0.26,0.26,,
ups And Ae,Confirmed,,0.028,0.028,1.059,0.028,0.028,,
ups Leo b,Confirmed,,0.26,0.08,0.51,0.26,0.08,,
UZ For (AB) b,Confirmed,6.3,,,6.3,,,,
UZ For (AB) c,Confirmed,7.7,1.2,1.2,,,,,
WASP-100 Ab,Confirmed,2.03,0.12,0.12,,,,1.69,0.29
WASP-101 b,Confirmed,0.5,0.004,0.004,,,,1.36,0.04
WASP-102 b,Confirmed,0.621,0.133,0.133,,,,1.33,0.05
WASP-103 b,Confirmed,1.49,0.088,0.088,,,,1.528,0.047
WASP-104 Ab,Confirmed,1.272,0.047,0.047,,,,1.137,0.037
WASP-105 b,Confirmed,1.8,0.1,0.1,,,,0.96,0.03
WASP-106 b,Confirmed,1.925,0.076,0.076,,,,1.085,0.028
WASP-107 b,Confirmed,0.12,0.01,0.01,,,,0.94,0.02
WASP-107 c,Confirmed,,0.04,0.04,0.36,0.04,0.04,,
WASP-108 Ab,Confirmed,1.167,0.091,0.092,1.167,0.091,0.091,1.215,0.04
WASP-109 b,Confirmed,0.91,0.13,0.13,0.91,0.13,0.13,1.443,0.053
WASP-10 b,Confirmed,3.16,0.23,0.23,,,,1.08,0.02
WASP-110 b,Confirmed,0.515,0.064,0.064,0.515,0.064,0.064,1.238,0.056
WASP-111 Ab,Confirmed,1.85,0.16,0.16,1.83,0.15,0.15,1.442,0.094
WASP-112 b,Confirmed,0.88,0.12,0.12,0.88,0.12,0.12,1.191,0.049
WASP-113 Ab,Confirmed,0.475,0.054,0.054,,,,1.409,0.14
WASP-114 Ab,Confirmed,1.769,0.064,0.064,,,,1.339,0.064
WASP-116 b,Confirmed,0.64,0.14,0.14,,,,1.22,0.06
WASP-117 b,Confirmed,0.3,0.05,0.05,,,,0.98,0.05
WASP-118 Ab,Confirmed,0.514,0.02,0.02,,,,1.44,0.036
WASP-119 b,Confirmed,1.23,0.08,0.09,1.23,0.08,0.08,1.4,0.2
WASP-120 Ab,Confirmed,5.06,0.27,0.27,5.01,0.26,0.26,1.515,0.083
WASP-121 b,Confirmed,1.184,0.064,0.065,1.183,0.064,0.064,1.865,0.044
WASP-122 Ab,Confirmed,1.401,0.075,0.075,1.372,0.072,0.072,1.792,0.069
WASP-123 Ab,Confirmed,0.92,0.05,0.05,0.92,0.05,0.05,1.327,0.074
WASP-124 b,Confirmed,0.6,0.07,0.07,0.6,0.07,0.07,1.24,0.03
WASP-126 b,Confirmed,0.2841,,,,,,0.96,0.05
WASP-126 c,Confirmed,0.202,0.0774,0.0774,,,,,
WASP-127 Ab,Confirmed,0.17,0.015,0.015,,,,1.293,0.027
WASP-129 Ab,Confirmed,1.0,0.1,0.1,1.0,0.1,0.1,0.93,0.03
WASP-12 Ab,Confirmed,1.47,0.069,0.076,1.46,0.068,0.075,1.9,0.055
WASP-130 Ab,Confirmed,1.23,0.04,0.04,,,,0.89,0.03
WASP-131 Ab,Confirmed,0.27,0.02,0.02,,,,1.19,0.04
WASP-132 b,Confirmed,0.428,0.015,0.015,0.428,0.015,0.015,0.901,0.038
WASP-132 c,Confirmed,0.0197,0.00576,0.00579,,,,0.16424,0.0083
WASP-132 d,Confirmed,,0.52,0.52,5.16,0.52,0.52,,
WASP-133 b,Confirmed,1.16,0.09,0.09,1.16,0.09,0.09,1.21,0.05
WASP-134 b,Confirmed,1.412,0.075,0.075,,,,0.988,0.057
WASP-134 c,Confirmed,,0.07,0.07,0.7,0.07,0.07,,
WASP-135 b,Confirmed,1.9,0.08,0.08,1.9,0.08,0.08,1.3,0.09
WASP-136 Ab,Confirmed,1.51,0.08,0.08,,,,1.38,0.16
WASP-137 Ab,Confirmed,0.681,0.054,0.054,,,,1.27,0.11
WASP-138 b,Confirmed,1.22,0.08,0.08,1.09,0.05,0.05,,
WASP-139 Ab,Confirmed,0.117,0.017,0.017,,,,0.8,0.05
WASP-13 b,Confirmed,0.52,0.024,0.024,,,,1.32,0.07
WASP-140 Ab,Confirmed,2.44,0.07,0.07,,,,1.44,0.18
WASP-141 b,Confirmed,2.69,0.15,0.15,,,,1.21,0.08
WASP-142 b,Confirmed,0.84,0.09,0.09,,,,1.53,0.08
WASP-143 b,Confirmed,0.725,0.084,0.084,,,,1.234,0.042
WASP-144 b,Confirmed,0.44,0.06,0.06,,,,0.85,0.05
WASP-145 Ab,Confirmed,0.89,0.04,0.04,,,,0.9,0.04
WASP-146 b,Confirmed,1.11,0.15,0.15,,,,1.228,0.076
WASP-147 b,Confirmed,0.275,0.027,0.028,,,,1.115,0.093
WASP-148 b,Confirmed,0.287,0.016,0.022,,,,0.756,0.017
WASP-148 c,Confirmed,,0.024,0.021,0.378,0.024,0.021,,
WASP-149 b,Confirmed,0.991,0.196,0.196,,,,1.36,0.06
WASP-14 Ab,Confirmed,7.341,0.496,0.508,,,,1.281,0.082
WASP-150 b,Confirmed,8.46,0.2,0.28,,,,1.07,0.025
WASP-151 b,Confirmed,0.31,0.03,0.04,,,,1.13,0.03
WASP-153,Confirmed,0.0211,0.0019,0.0019,,,,0.2355,0.0071
WASP-153 Ab,Confirmed,0.39,0.02,0.02,,,,1.55,0.08
WASP-154 b,Confirmed,0.626,0.129,0.129,,,,0.96,0.06
WASP-155 b,Confirmed,0.871,0.18,0.18,,,,1.2,0.06
WASP-156 b,Confirmed,0.1303,0.0088,0.0088,,,,0.554,0.034
WASP-157 b,Confirmed,0.576,0.094,0.094,0.574,0.093,0.093,0.998,0.025
WASP-158 b,Confirmed,2.79,0.23,0.23,,,,1.07,0.15
WASP-159 b,Confirmed,0.55,0.08,0.08,,,,1.38,0.09
WASP-15 b,Confirmed,0.542,0.05,0.05,,,,1.428,0.077
WASP-160 Bb,Confirmed,0.281,0.044,0.046,,,,1.093,0.039
WASP-161 b,Confirmed,2.49,0.21,0.21,,,,1.143,0.058
WASP-162 b,Confirmed,5.2,0.2,0.2,,,,1.0,0.05
WASP-163 Ab,Confirmed,1.87,0.21,0.21,,,,1.202,0.097
WASP-164 b,Confirmed,2.13,0.13,0.12,,,,1.128,0.043
WASP-165 b,Confirmed,0.658,0.092,0.097,,,,1.26,0.17
WASP-166 b,Confirmed,0.102,0.004,0.004,,,,0.6155,0.03
WASP-167 b,Confirmed,0.37,0.3,0.3,,,,1.62,0.06
WASP-168 Ab,Confirmed,0.42,0.04,0.04,,,,1.5,0.3
WASP-169 b,Confirmed,0.561,0.06,0.06,,,,1.304,0.073
WASP-16 b,Confirmed,0.855,0.059,0.059,,,,1.008,0.071
WASP-16 c,Confirmed,,,,,,,0.196,0.0205
WASP-170 Ab,Confirmed,1.6,0.2,0.2,,,,1.096,0.085
WASP-171 b,Confirmed,1.084,0.094,0.094,,,,0.988,0.04
WASP-172 b,Confirmed,0.47,0.1,0.1,,,,1.57,0.1
WASP-174 b,Confirmed,0.33,0.091,0.091,,,,1.437,0.05
WASP-175 Ab,Confirmed,0.99,0.13,0.13,,,,1.208,0.081
WASP-176 b,Confirmed,0.855,0.07,0.07,,,,1.505,0.045
WASP-177 b,Confirmed,0.508,0.038,0.038,,,,1.58,0.36
WASP-178 b,Confirmed,1.41,0.51,0.43,,,,1.94,0.058
WASP-17 b,Confirmed,0.486,0.032,0.032,,,,1.991,0.081
WASP-180 Ab,Confirmed,0.8,0.1,0.1,,,,1.29,0.07
WASP-181 b,Confirmed,0.299,0.034,0.034,,,,1.184,0.059
WASP-182 b,Confirmed,0.148,0.011,0.011,,,,0.85,0.03
WASP-183 b,Confirmed,0.502,0.047,0.047,,,,1.47,0.33
WASP-184 b,Confirmed,0.57,0.1,0.1,,,,1.33,0.09
WASP-185 b,Confirmed,0.98,0.06,0.06,,,,1.25,0.08
WASP-186 b,Confirmed,4.22,0.18,0.18,,,,1.11,0.03
WASP-187 b,Confirmed,0.8,0.08,0.08,,,,1.766,0.04
WASP-188 Ab,Confirmed,1.443,0.298,0.296,,,,1.322,0.051
WASP-189 Ab,Confirmed,1.99,0.14,0.16,,,,1.619,0.021
WASP-18 Ab,Confirmed,10.4296,,,,,,1.165,0.077
WASP-18 Ac,Confirmed,0.1737,0.0387,0.0387,,,,,
WASP-190 b,Confirmed,1.0,0.1,0.1,,,,1.15,0.09
WASP-192 b,Confirmed,2.3,,,,,,1.23,0.08
WASP-193 Ab,Confirmed,0.139,0.03,0.03,,,,1.464,0.059
WASP-194 Ab,Confirmed,1.174,0.265,0.265,,,,1.381,0.088
WASP-195 b,Confirmed,0.104,0.031,0.03,,,,0.92,0.05
WASP-197 b,Confirmed,1.269,0.254,0.254,,,,1.289,0.049
WASP-19 Ab,Confirmed,1.139,0.03,0.03,,,,1.41,0.017
WASP-1 Ab,Confirmed,0.947,0.028,0.028,,,,1.514,0.0473
WASP-20 Ab,Confirmed,0.313,0.018,0.018,,,,1.459,0.057
WASP-21 b,Confirmed,0.3,0.01,0.01,,,,1.21,0.032
WASP-22 b,Confirmed,0.617,0.0172,0.0032,0.617,0.017,0.0028,1.199,0.027
WASP-23 b,Confirmed,0.884,0.099,0.088,,,,0.962,0.056
WASP-24 Ab,Confirmed,1.071,0.038,0.036,,,,1.3,0.038
WASP-25 b,Confirmed,0.58,0.04,0.04,,,,1.26,0.06
WASP-26 Ab,Confirmed,1.028,0.021,0.021,,,,1.281,0.075
WASP-28 b,Confirmed,0.907,0.043,0.043,,,,1.213,0.042
WASP-29 Ab,Confirmed,0.243,0.02,0.02,,,,0.775,0.031
WASP-2 Ab,Confirmed,0.847,0.045,0.045,,,,1.079,0.033
WASP-31 b,Confirmed,0.478,0.03,0.03,,,,1.537,0.06
WASP-32 b,Confirmed,3.6,0.07,0.07,,,,1.18,0.07
WASP-33 Ab,Confirmed,2.8,0.53,0.53,,,,1.603,0.014
WASP-34 b,Confirmed,0.58,0.9,0.9,,,,1.26,0.09
WASP-35 b,Confirmed,0.72,0.06,0.06,,,,1.32,0.03
WASP-36 Ab,Confirmed,2.279,0.068,0.068,,,,1.269,0.03
WASP-37 b,Confirmed,1.8,0.17,0.17,,,,1.16,0.06
WASP-38 b,Confirmed,2.712,0.065,0.065,,,,1.079,0.044
WASP-39 b,Confirmed,0.28,0.03,0.03,,,,1.27,0.04
WASP-3 Ab,Confirmed,1.81,0.063,0.063,,,,1.392,0.019
WASP-41 b,Confirmed,0.94,0.05,0.05,0.94,0.05,0.05,1.18,0.03
WASP-41 c,Confirmed,,0.2,0.2,3.18,0.2,0.2,,
WASP-42 b,Confirmed,0.5,0.035,0.035,,,,1.08,0.057
WASP-43 b,Confirmed,2.052,0.053,0.053,2.034,0.052,0.052,1.036,0.019
WASP-44 b,Confirmed,0.889,0.062,0.062,,,,1.14,0.11
WASP-45 Ab,Confirmed,1.007,0.053,0.053,,,,1.16,0.14
WASP-46 b,Confirmed,2.101,0.073,0.073,,,,1.31,0.051
WASP-47 b,Confirmed,1.14243,0.02297,0.02297,,,,1.127,0.013
WASP-47 c,Confirmed,1.31,0.05,0.72,1.31,0.05,0.05,,
WASP-47 d,Confirmed,0.04122,0.00472,0.00472,,,,0.319,0.004
WASP-47 e,Confirmed,0.02149,0.00208,0.00208,,,,0.161,0.002
WASP-48 b,Confirmed,0.98,0.09,0.09,,,,1.67,0.08
WASP-49 Ab,Confirmed,0.399,0.03,0.03,,,,1.198,0.047
WASP-4 b,Confirmed,1.1974,0.0068,0.0068,,,,1.3846,0.0088
WASP-50 b,Confirmed,1.437,0.068,0.068,,,,1.138,0.026
WASP-52 b,Confirmed,0.46,0.02,0.02,,,,1.27,0.03
WASP-53 b,Confirmed,2.132,0.094,0.092,,,,1.074,0.037
WASP-54 Ab,Confirmed,0.63,0.02,0.02,,,,1.57,0.07
WASP-55 Ab,Confirmed,0.61,0.13,0.13,0.57,0.04,0.04,1.33,0.13
WASP-56 Ab,Confirmed,0.599,0.039,0.04,,,,1.092,0.033
WASP-57 b,Confirmed,0.8,,,,,,1.1,
WASP-58 Ab,Confirmed,0.89,0.07,0.07,,,,1.37,0.2
WASP-59 Ab,Confirmed,0.863,0.045,0.045,,,,0.775,0.068
WASP-5 b,Confirmed,1.637,0.082,0.082,,,,1.171,0.057
WASP-60 b,Confirmed,0.514,0.034,0.034,,,,0.86,0.12
WASP-61 b,Confirmed,2.06,0.17,0.17,,,,1.24,0.03
WASP-62 b,Confirmed,0.58,0.03,0.03,,,,1.39,0.03
WASP-63 b,Confirmed,0.38,0.03,0.03,,,,1.43,0.06
WASP-64 Bb,Confirmed,1.221,0.071,0.073,,,,1.271,0.039
WASP-65 b,Confirmed,1.55,0.16,0.16,,,,1.112,0.059
WASP-66 b,Confirmed,2.32,0.13,0.13,,,,1.39,0.09
WASP-67 b,Confirmed,0.42,0.04,0.04,,,,1.4,0.2
WASP-68 Ab,Confirmed,0.95,0.03,0.03,,,,1.24,0.06
WASP-69 b,Confirmed,0.26,0.017,0.017,0.26,0.017,0.017,1.057,0.047
WASP-6 b,Confirmed,0.503,0.038,0.019,,,,1.224,0.052
WASP-70 Ab,Confirmed,0.59,0.022,0.023,0.59,0.022,0.022,1.164,0.073
WASP-71 Ab,Confirmed,2.258,0.072,0.072,,,,1.5,0.11
WASP-72 Ab,Confirmed,1.446,0.053,0.054,,,,1.27,0.2
WASP-73 b,Confirmed,1.89,0.05,0.05,,,,1.17,0.05
WASP-74 b,Confirmed,0.826,0.014,0.014,,,,1.248,0.036
WASP-75 Ab,Confirmed,1.07,0.05,0.05,,,,1.27,0.048
WASP-76 Ab,Confirmed,0.92,0.03,0.03,,,,1.83,0.06
WASP-77 Ab,Confirmed,1.759,0.005,0.005,,,,1.21,0.02
WASP-78 b,Confirmed,0.89,0.08,0.08,,,,1.7,0.11
WASP-79 b,Confirmed,0.835,0.08,0.08,,,,1.58,0.005
WASP-7 b,Confirmed,0.96,0.13,0.13,,,,1.33,0.093
WASP-80 b,Confirmed,0.554,0.039,0.03,,,,0.952,0.027
WASP-81 b,Confirmed,0.729,0.035,0.036,,,,1.429,0.046
WASP-82 b,Confirmed,1.24,0.04,0.04,,,,1.63,0.04
WASP-83 b,Confirmed,0.3,0.03,0.03,0.3,0.03,0.03,1.04,0.05
WASP-84 b,Confirmed,0.692,0.058,0.058,,,,0.9564,0.0241
WASP-84 c,Confirmed,0.0478,0.0142,0.0142,,,,0.174,0.0107
WASP-85 Ab,Confirmed,1.265,0.065,0.065,1.265,0.065,0.065,1.24,0.03
WASP-87 Ab,Confirmed,2.21,0.16,0.16,2.18,0.15,0.15,1.385,0.06
WASP-88 b,Confirmed,0.56,0.08,0.08,,,,1.7,0.07
WASP-89 b,Confirmed,5.9,0.4,0.4,5.9,0.4,0.4,1.04,0.04
WASP-8 Ab,Confirmed,2.244,0.093,0.079,,,,1.038,0.047
WASP-90 b,Confirmed,0.63,0.07,0.07,,,,1.63,0.09
WASP-91 b,Confirmed,1.34,0.08,0.08,,,,1.03,0.04
WASP-92 b,Confirmed,0.805,0.068,0.068,,,,1.461,0.077
WASP-93 b,Confirmed,1.47,0.029,0.029,,,,1.597,0.077
WASP-94 Ab,Confirmed,0.452,0.032,0.035,,,,1.665,0.05
WASP-94 Bb,Confirmed,,0.029,0.028,0.618,0.029,0.028,,
WASP-95 b,Confirmed,1.206,0.067,0.067,,,,1.098,0.088
WASP-96 b,Confirmed,0.48,0.03,0.03,,,,1.2,0.06
WASP-97 b,Confirmed,1.32,0.05,0.05,,,,1.13,0.06
WASP-98 Ab,Confirmed,0.83,0.07,0.07,,,,1.1,0.04
WASP-99 b,Confirmed,2.78,0.13,0.13,,,,1.1,0.05
WD 0310-688 b,Confirmed,3.0,1.9,5.5,,,,1.03,0.35
WD 0806-661 B b,Confirmed,8.0,2.0,2.0,,,,,
WD 1856+534 Ab,Confirmed,,,,,,,0.928,0.09
Wendelstein-1 Ab,Confirmed,0.59,0.09,0.1,,,,1.0,0.1
Wendelstein-2 b,Confirmed,0.73,0.32,0.55,,,,1.0,0.003
WIS 395 b,Confirmed,11.9,0.2,0.4,,,,,
WISE J1355-8258 b,Confirmed,9.0,,,,,,,
Wolf 1061 b,Confirmed,,0.00079,0.00082,0.00601,0.00079,0.00082,,
Wolf 1061 c,Confirmed,,0.0013,0.0014,0.0107,0.0013,0.0014,,
Wolf 1061 d,Confirmed,,0.00334,0.00352,0.0242,0.00334,0.00352,,
Wolf 1069 b,Confirmed,,0.00066,0.00066,0.00396,0.00066,0.00066,,
Wolf 327 b,Confirmed,2.53,0.46,0.46,,,,0.1106,0.0054
Wolf 359 c,Confirmed,,0.005,0.006,0.012,0.005,0.006,,
Wolf 503 b,Confirmed,0.0197,0.0019,0.0019,,,,0.18227,0.0062
WTS-1 b,Confirmed,4.01,0.35,0.35,,,,1.49,0.18
WTS-2 b,Confirmed,1.12,0.13,0.13,,,,1.3,0.058
XO-1 b,Confirmed,0.9,0.07,0.07,,,,1.184,0.04
XO-2N b,Confirmed,0.62,0.02,0.02,,,,0.973,0.03
XO-2S b,Confirmed,,0.01,0.01,0.26,0.01,0.01,,
XO-2S c,Confirmed,,0.05,0.05,1.38,0.05,0.05,,
XO-2S d,Confirmed,,0.51,1.2,3.71,0.51,1.2,,
XO-3 Ab,Confirmed,11.79,0.59,0.59,,,,1.217,0.073
XO-4 b,Confirmed,1.616,0.1,0.101,1.615,0.1,0.1,1.317,0.029
XO-5 b,Confirmed,1.077,0.037,0.037,,,,1.03,0.05
XO-6 b,Confirmed,4.47,0.12,0.12,,,,2.17,0.2
XO-7 b,Confirmed,0.726,0.038,0.038,,,,1.346,0.02
XTE J0929-314 b,Confirmed,,2.1,20.9,10.5,2.1,20.9,0.389,0.0292
YBP 1194 b,Confirmed,,0.05,0.05,0.34,0.05,0.05,,
YBP 1514 b,Confirmed,,0.11,0.11,0.4,0.11,0.11,,
YBP 401 b,Confirmed,,0.05,0.05,0.46,0.05,0.05,,
YSES 2 b,Confirmed,6.3,0.9,1.6,,,,,
YZ Cet b,Confirmed,,0.00028,0.00028,0.0022,0.00028,0.00028,,
YZ Cet c,Confirmed,,0.00035,0.00035,0.00359,0.00035,0.00035,,
YZ Cet d,Confirmed,,0.00038,0.00038,0.00343,0.00038,0.00038,,
